arm,config,seed,gap,tau_trace,target_event_update_l1,rest_window,homeostasis,event_index,pair_index,pulse_step,pulse_region,is_within_pair_event,dt_since_last_pulse,trace_mass_before,trace_L_mass_before,trace_R_mass_before,current_L_mass,current_R_mass,raw_update_l1,normalized_update_l1,dW_L_to_R_l1,dW_R_to_L_l1,within_pair_directional,cross_pair_contamination,contamination_ratio,current_DI,accumulated_dW_DI,accumulated_dW_LR_total,accumulated_dW_RL_total
L_then_R,NO-HOMEOSTASIS,42,500,1000,0.0001,500,False,1,1,700,R,True,500.0,0.03276629933183359,0.03276629933183359,0.0,0.0,0.09597039184142793,0.00021762231041210045,0.00010000000000000002,0.0001,0.0,0.0001,0.0,0.0,0.005174836684759967,0.9999999900000002,0.0001,0.0
L_then_R,NO-HOMEOSTASIS,42,500,1000,0.0001,500,False,2,1,1280,L,False,580.0,0.07207946310494373,0.01834579747428665,0.05373366563065709,0.05402249467052143,0.0,0.0001796034548039067,0.00010000000000000002,0.0,8.041711736221824e-05,0.0,8.041711736221824e-05,0.9999999875648368,0.005199004952368274,0.10854226481140099,0.0001,8.041711736221824e-05
L_then_R,NO-HOMEOSTASIS,42,500,1000,0.0001,500,False,3,2,1780,R,True,500.0,0.07648470364060754,0.04389358797686703,0.0325911156637405,0.0,0.09597039184142793,0.0005192356019046774,0.0001,5.614520118404418e-05,0.0,5.614520118404418e-05,0.0,0.0,0.0052081392560002675,0.3201189604797415,0.0001561452011840442,8.041711736221824e-05
L_then_R,NO-HOMEOSTASIS,42,500,1000,0.0001,500,False,4,2,2360,L,False,580.0,0.09655732626627211,0.024575948210942618,0.07198137805532948,0.05402249467052143,0.0,0.00024059598444568645,0.00010000000000000002,0.0,8.041711736221824e-05,0.0,8.041711736221824e-05,0.9999999875648368,0.005215464956444418,-0.014792863493369468,0.0001561452011840442,0.00016083423472443647
L_then_R,NO-HOMEOSTASIS,42,500,1000,0.0001,500,False,5,3,2860,R,True,500.0,0.0913312781322036,0.04767236541328013,0.04365891271892347,0.0,0.09597039184142793,0.0006216621261705993,9.999999999999999e-05,5.093171664611477e-05,0.0,5.093171664611477e-05,0.0,0.0,0.0052129170245876185,0.12568981032226417,0.00020707691783015898,0.00016083423472443647
L_then_R,NO-HOMEOSTASIS,42,500,1000,0.0001,500,False,6,3,3440,L,False,580.0,0.10486989907320829,0.026691679525204508,0.07817821954800379,0.05402249467052143,0.0,0.00026130877460980113,0.00010000000000000003,0.0,8.041711736221825e-05,0.0,8.041711736221825e-05,0.9999999875648368,0.005215389281129741,-0.07622636463814866,0.00020707691783015898,0.00024125135208665472
L_then_R,NO-HOMEOSTASIS,42,500,1000,0.0001,500,False,7,4,3940,R,True,500.0,0.0963731084007039,0.04895562132309406,0.04741748707760983,0.0,0.09597039184142793,0.0006564457155186691,0.00010000000000000002,4.953130506407484e-05,0.0,4.953130506407484e-05,0.0,0.0,0.005219117518108651,0.03084578774511437,0.00025660822289423385,0.00024125135208665472
L_then_R,NO-HOMEOSTASIS,42,500,1000,0.0001,500,False,8,4,4520,L,False,580.0,0.10769281160504161,0.027410172412994732,0.0802826391920469,0.05402249467052143,0.0,0.00026834274547315703,0.00010000000000000002,0.0,8.041711736221824e-05,0.0,8.041711736221824e-05,0.9999999875648368,0.005221508772038017,-0.11250712211573972,0.00025660822289423385,0.00032166846944887295
L_then_R,NO-HOMEOSTASIS,42,500,1000,0.0001,500,False,9,5,5020,R,True,500.0,0.09808529140094784,0.049391409288324306,0.04869388211262352,0.0,0.09597039184142793,0.0006682580668271446,0.0001,4.908889209161947e-05,0.0,4.908889209161947e-05,0.0,0.0,0.005222495452025696,-0.025457810938023406,0.0003056971149858533,0.00032166846944887295
R_then_L,NO-HOMEOSTASIS,42,500,1000,0.0001,500,False,1,1,700,L,True,500.0,0.05820898507646122,0.0,0.05820898507646122,0.05402249467052143,0.0,0.00015646123221802716,9.999999999999999e-05,0.0,0.0001,0.0001,0.0,0.0,0.005369213399793818,-0.9999999900000002,0.0,0.0001
R_then_L,NO-HOMEOSTASIS,42,500,1000,0.0001,500,False,2,1,1280,R,False,580.0,0.06283822218755358,0.030247106523813086,0.0325911156637405,0.0,0.09597039184142793,0.00042860044067595006,9.999999999999999e-05,4.6871326535038035e-05,0.0,0.0,4.6871326535038035e-05,0.9999999786649951,0.005312499074046011,-0.3617361833424393,4.6871326535038035e-05,0.0001
R_then_L,NO-HOMEOSTASIS,42,500,1000,0.0001,500,False,3,2,1780,L,True,500.0,0.09632229343504713,0.01834579747428665,0.07797649596076049,0.05402249467052143,0.0,0.0002447663003838134,0.00010000000000000002,0.0,8.563056527287514e-05,8.563056527287514e-05,0.0,0.0,0.005292084766139454,-0.5968090713673299,4.6871326535038035e-05,0.00018563056527287516
R_then_L,NO-HOMEOSTASIS,42,500,1000,0.0001,500,False,4,2,2360,R,False,580.0,0.08417780128192932,0.04051888856300586,0.043658912718923464,0.0,0.09597039184142793,0.0005741512326189518,0.0001,4.687132653503804e-05,0.0,0.0,4.687132653503804e-05,0.9999999786649951,0.0052743084431986584,-0.3289073749406162,9.374265307007608e-05,0.00018563056527287516
R_then_L,NO-HOMEOSTASIS,42,500,1000,0.0001,500,False,5,3,2860,L,True,500.0,0.10926540242114877,0.024575948210942618,0.08468945421020616,0.05402249467052143,0.0,0.0002747543064246858,0.0001,0.0,8.285172309824031e-05,8.285172309824031e-05,0.0,0.0,0.005265187481660391,-0.48240641332811846,9.374265307007608e-05,0.00026848228837111546
R_then_L,NO-HOMEOSTASIS,42,500,1000,0.0001,500,False,6,3,3440,R,False,580.0,0.09142462686152561,0.04400713978391577,0.04741748707760983,0.0,0.09597039184142793,0.0006235796303168727,0.00010000000000000002,4.687132653503804e-05,0.0,0.0,4.687132653503804e-05,0.9999999786649951,0.005260506635350185,-0.31256288180284303,0.00014061397960511414,0.00026848228837111546
R_then_L,NO-HOMEOSTASIS,42,500,1000,0.0001,500,False,7,4,3940,L,True,500.0,0.11366082432076369,0.026691679525204508,0.08696914479555919,0.05402249467052143,0.0,0.0002849380990991795,9.999999999999999e-05,0.0,8.204108512836976e-05,8.204108512836976e-05,0.0,0.0,0.005258512372013672,-0.42739447965032185,0.00014061397960511414,0.00035052337349948524
R_then_L,NO-HOMEOSTASIS,42,500,1000,0.0001,500,False,8,4,4520,R,False,580.0,0.0938856164034858,0.045191734290862276,0.04869388211262352,0.0,0.09597039184142793,0.0006403652930148853,9.999999999999999e-05,4.6871326535038035e-05,0.0,0.0,4.6871326535038035e-05,0.9999999786649951,0.005256634679640641,-0.3030398453153162,0.00018748530614015217,0.00035052337349948524
R_then_L,NO-HOMEOSTASIS,42,500,1000,0.0001,500,False,9,5,5020,L,True,500.0,0.1151534899311947,0.027410172412994732,0.08774331751819996,0.05402249467052143,0.0,0.00028839646952553326,9.999999999999999e-05,0.0,8.177881823606814e-05,8.177881823606814e-05,0.0,0.0,0.005251924858954777,-0.39500132874493116,0.00018748530614015217,0.0004323021917355534
simultaneous,NO-HOMEOSTASIS,42,500,1000,0.0001,500,False,1,1,1280,LR,True,1080.0,0.050936913138027146,0.01834579747428665,0.0325911156637405,0.05402249467052143,0.09597039184142793,0.0004723300268413714,9.999999999999999e-05,2.5796872780405546e-05,1.854685990122412e-05,2.2171866340814834e-05,2.2171866340814834e-05,0.4999999887244497,0.005338494145972387,0.16349576991494733,2.5796872780405546e-05,1.854685990122412e-05
simultaneous,NO-HOMEOSTASIS,42,500,1000,0.0001,500,False,2,1,2360,LR,False,1080.0,0.06823486092986607,0.024575948210942618,0.04365891271892346,0.05402249467052143,0.09597039184142793,0.000632731190584455,0.0001,2.579687278040555e-05,1.8546859901224124e-05,2.2171866340814837e-05,2.2171866340814837e-05,0.4999999887244497,0.005289090696855494,0.16349577175845215,5.159374556081109e-05,3.709371980244824e-05
simultaneous,NO-HOMEOSTASIS,42,500,1000,0.0001,500,False,3,2,3440,LR,True,1080.0,0.07410916660281433,0.026691679525204504,0.04741748707760983,0.05402249467052143,0.09597039184142793,0.0006872027080998475,0.00010000000000000002,2.579687278040555e-05,1.8546859901224124e-05,2.2171866340814837e-05,2.2171866340814837e-05,0.4999999887244497,0.005270389092255047,0.1634957723729537,7.739061834121664e-05,5.564057970367237e-05
simultaneous,NO-HOMEOSTASIS,42,500,1000,0.0001,500,False,4,2,4520,LR,False,1080.0,0.07610405452561825,0.027410172412994732,0.048693882112623516,0.05402249467052143,0.09597039184142793,0.0007057009917231646,0.00010000000000000002,2.5796872780405553e-05,1.8546859901224128e-05,2.217186634081484e-05,2.217186634081484e-05,0.4999999887244497,0.005258300044464765,0.16349577268020446,0.00010318749112162218,7.41874396048965e-05
separated_control,NO-HOMEOSTASIS,42,500,1000,0.0001,500,False,1,1,740,R,True,540.0,0.03148151435812953,0.03148151435812953,0.0,0.0,0.09597039184142793,0.00020908921756787483,9.999999999999999e-05,0.0001,0.0,0.0001,0.0,0.0,0.005174326650449135,0.9999999900000002,0.0001,0.0
separated_control,NO-HOMEOSTASIS,42,500,1000,0.0001,500,False,2,1,1280,L,False,540.0,0.07427237559952576,0.01834579747428665,0.05592657812523912,0.05402249467052143,0.0,0.00018549783331949017,9.999999999999999e-05,0.0,8.103938297377675e-05,0.0,8.103938297377675e-05,0.9999999876603208,0.005198819007632252,0.10473200145759262,0.0001,8.103938297377675e-05
separated_control,NO-HOMEOSTASIS,42,500,1000,0.0001,500,False,3,2,1820,R,True,540.0,0.07476361143841773,0.04217249577467723,0.0325911156637405,0.0,0.09597039184142793,0.0005078047089106398,9.999999999999999e-05,5.515801161344007e-05,0.0,5.515801161344007e-05,0.0,0.0,0.005192474504864624,0.3137995169480805,0.00015515801161344008,8.103938297377675e-05
separated_control,NO-HOMEOSTASIS,42,500,1000,0.0001,500,False,4,2,2360,L,False,540.0,0.09949494203214507,0.024575948210942618,0.07491899382120246,0.05402249467052143,0.0,0.00024849206753161973,0.00010000000000000002,0.0,8.103938297377678e-05,0.0,8.103938297377678e-05,0.9999999876603208,0.005216272230643605,-0.021815737650301575,0.00015515801161344008,0.00016207876594755353
separated_control,NO-HOMEOSTASIS,42,500,1000,0.0001,500,False,5,3,2900,R,True,540.0,0.08946201794741349,0.045803105228490015,0.04365891271892346,0.0,0.09597039184142793,0.0006092471532114723,0.00010000000000000002,4.993182455342606e-05,0.0,4.993182455342606e-05,0.0,0.0,0.005215376363844954,0.11714256026926465,0.00020508983616686615,0.00016207876594755353
separated_control,NO-HOMEOSTASIS,42,500,1000,0.0001,500,False,6,3,3440,L,False,540.0,0.10806041273794482,0.026691679525204508,0.08136873321274032,0.05402249467052143,0.0,0.0002698846276114883,0.0001,0.0,8.103938297377676e-05,0.0,8.103938297377676e-05,0.9999999876603208,0.005221829062277255,-0.0848452368873702,0.00020508983616686615,0.0002431181489213303
separated_control,NO-HOMEOSTASIS,42,500,1000,0.0001,500,False,7,4,3980,R,True,540.0,0.09445353103197889,0.04703604395436906,0.04741748707760983,0.0,0.09597039184142793,0.0006436965534065209,0.00010000000000000002,4.8531713610739375e-05,0.0,4.8531713610739375e-05,0.0,0.0,0.005223040438857362,0.021144677710763077,0.00025362154977760554,0.0002431181489213303
separated_control,NO-HOMEOSTASIS,42,500,1000,0.0001,500,False,8,4,4520,L,False,540.0,0.11096920826467722,0.027410172412994732,0.08355903585168248,0.05402249467052143,0.0,0.0002771494452967022,0.0001,0.0,8.103938297377675e-05,0.0,8.103938297377675e-05,0.9999999876603208,0.005231769270627354,-0.12208123179401627,0.00025362154977760554,0.00032415753189510705
separated_control,NO-HOMEOSTASIS,42,500,1000,0.0001,500,False,9,5,5060,R,True,540.0,0.09614862654169545,0.04745474442907196,0.048693882112623516,0.0,0.09597039184142793,0.0006553954155739115,0.0001,4.80897214987526e-05,0.0,4.80897214987526e-05,0.0,0.0,0.0052328661119409965,-0.03586416269534897,0.0003017112712763581,0.00032415753189510705
