seed,arm,event_type,subgraph,n_connections,n_tagged,tag_rate,h_tag_ratio,phi_tag_ratio,surprise_tag_ratio,novelty_tag_ratio,mean_h_tagged,mean_h_untagged,mean_phi_tagged,mean_phi_untagged,auc_novelty,auc_phi,auc_surprise,auc_pos,auc_neg,auc_inverted_h,auc_baseline_weight,auc_abs_dW,best_predictor,matched_phi_novelty_auc,matched_h_phi_auc,dW_l1_tagged,dW_l1_untagged,corr_abs_dW_tag_strength,subgraph_verdict
42,closed_loop,ALL,ALL,53820,223,0.004143,0.949199,0.866674,0.830664,1.081487,0.121626,0.128135,0.312293,0.360335,0.565244,0.437956,0.433468,0.428407,0.462923,0.534468,0.495001,1.0,abs_dW,0.522908,0.502648,0.0011,0.0,1.0,raw_9C_geometry_root
42,closed_loop,ALL,LL,11808,30,0.002541,1.252908,1.296857,0.822337,0.82132,0.163946,0.130853,0.475897,0.366962,0.411663,0.600719,0.459925,0.557961,0.51142,0.420032,0.489707,1.0,abs_dW,0.476751,0.604361,0.000162,0.0,1.0,raw_9C_geometry_root
42,closed_loop,ALL,LM,1824,0,0.0,,,,,,,,,,,,,,,,,nan,,,,,,null_or_insufficient
42,closed_loop,ALL,LR,11352,78,0.006871,1.129644,1.006287,1.103122,0.972642,0.150021,0.132804,0.376281,0.37393,0.479695,0.511714,0.535962,0.36675,0.553991,0.444532,0.473625,1.0,abs_dW,0.523449,0.40452,0.000283,0.0,1.0,raw_9C_geometry_root
42,closed_loop,ALL,ML,2100,0,0.0,,,,,,,,,,,,,,,,,nan,,,,,,null_or_insufficient
42,closed_loop,ALL,MM,228,0,0.0,,,,,,,,,,,,,,,,,nan,,,,,,null_or_insufficient
42,closed_loop,ALL,MR,2064,0,0.0,,,,,,,,,,,,,,,,,nan,,,,,,null_or_insufficient
42,closed_loop,ALL,RL,11256,35,0.003109,0.486641,0.47583,0.617507,1.338684,0.063485,0.130456,0.17437,0.366455,0.763925,0.245178,0.355896,0.614076,0.377952,0.729232,0.552222,1.0,abs_dW,0.71478,0.453033,0.000338,0.0,1.0,raw_9C_geometry_root
42,closed_loop,ALL,RM,1656,0,0.0,,,,,,,,,,,,,,,,,nan,,,,,,null_or_insufficient
42,closed_loop,ALL,RR,11532,80,0.006937,0.875553,0.745419,0.666367,1.148805,0.103506,0.118218,0.248895,0.3339,0.619998,0.388998,0.36681,0.36131,0.415382,0.575767,0.492843,1.0,abs_dW,0.529645,0.477719,0.000317,0.0,1.0,raw_9C_geometry_root
42,closed_loop,L,ALL,26910,65,0.002415,0.934561,0.872369,0.765668,1.088075,0.109852,0.117544,0.313537,0.359408,0.591059,0.419696,0.416933,0.47992,0.453632,0.54829,0.516783,1.0,abs_dW,0.498061,0.567737,0.0005,0.0,1.0,raw_9C_geometry_root
42,closed_loop,L,LL,5904,30,0.005081,1.367459,1.308849,0.849886,0.822309,0.163946,0.119891,0.475897,0.3636,0.412524,0.602213,0.461463,0.438866,0.495727,0.386171,0.484122,1.0,abs_dW,0.47905,0.612223,0.000162,0.0,1.0,raw_9C_geometry_root
42,closed_loop,L,LM,912,0,0.0,,,,,,,,,,,,,,,,,nan,,,,,,null_or_insufficient
42,closed_loop,L,LR,5676,0,0.0,,,,,,,,,,,,,,,,,nan,,,,,,null_or_insufficient
42,closed_loop,L,ML,1050,0,0.0,,,,,,,,,,,,,,,,,nan,,,,,,null_or_insufficient
42,closed_loop,L,MM,114,0,0.0,,,,,,,,,,,,,,,,,nan,,,,,,null_or_insufficient
42,closed_loop,L,MR,1032,0,0.0,,,,,,,,,,,,,,,,,nan,,,,,,null_or_insufficient
42,closed_loop,L,RL,5628,35,0.006219,0.529825,0.476664,0.651234,1.342193,0.063485,0.119823,0.17437,0.365814,0.766453,0.24687,0.360706,0.508442,0.37337,0.703119,0.546459,1.0,abs_dW,0.720848,0.461099,0.000338,0.0,1.0,raw_9C_geometry_root
42,closed_loop,L,RM,828,0,0.0,,,,,,,,,,,,,,,,,nan,,,,,,null_or_insufficient
42,closed_loop,L,RR,5766,0,0.0,,,,,,,,,,,,,,,,,nan,,,,,,null_or_insufficient
42,closed_loop,R,ALL,26910,158,0.005871,0.911406,0.863027,0.825187,1.077843,0.126469,0.138763,0.311782,0.361266,0.553181,0.444296,0.436902,0.469301,0.470289,0.543378,0.488905,1.0,abs_dW,0.525851,0.481853,0.0006,0.0,1.0,raw_9C_geometry_root
42,closed_loop,R,LL,5904,0,0.0,,,,,,,,,,,,,,,,,nan,,,,,,null_or_insufficient
42,closed_loop,R,LM,912,0,0.0,,,,,,,,,,,,,,,,,nan,,,,,,null_or_insufficient
42,closed_loop,R,LR,5676,78,0.013742,1.043158,1.00358,1.044744,0.970782,0.150021,0.143815,0.376281,0.374939,0.478232,0.510077,0.53007,0.467914,0.562028,0.478319,0.47871,1.0,abs_dW,0.503503,0.399998,0.000283,0.0,1.0,raw_9C_geometry_root
42,closed_loop,R,ML,1050,0,0.0,,,,,,,,,,,,,,,,,nan,,,,,,null_or_insufficient
42,closed_loop,R,MM,114,0,0.0,,,,,,,,,,,,,,,,,nan,,,,,,null_or_insufficient
42,closed_loop,R,MR,1032,0,0.0,,,,,,,,,,,,,,,,,nan,,,,,,null_or_insufficient
42,closed_loop,R,RL,5628,0,0.0,,,,,,,,,,,,,,,,,nan,,,,,,null_or_insufficient
42,closed_loop,R,RM,828,0,0.0,,,,,,,,,,,,,,,,,nan,,,,,,null_or_insufficient
42,closed_loop,R,RR,5766,80,0.013874,0.80745,0.742079,0.619066,1.14823,0.103506,0.128189,0.248895,0.335402,0.617097,0.384088,0.365903,0.458917,0.417864,0.594996,0.498459,1.0,abs_dW,0.509819,0.46581,0.000317,0.0,1.0,raw_9C_geometry_root
42,divergent_warmup_replay,ALL,ALL,53820,223,0.004143,0.978006,0.875349,0.714511,1.084855,0.106788,0.10919,0.316816,0.361931,0.569554,0.443214,0.400396,0.403943,0.458607,0.526286,0.494999,1.0,abs_dW,0.538782,0.504193,0.0011,0.0,1.0,raw_9C_geometry_root
42,divergent_warmup_replay,ALL,LL,11808,30,0.002541,1.244905,1.246016,0.848906,0.811513,0.138383,0.11116,0.46343,0.37193,0.403951,0.584536,0.485629,0.547425,0.573912,0.418342,0.489695,1.0,abs_dW,0.40324,0.552528,0.000162,0.0,1.0,raw_9C_geometry_root
42,divergent_warmup_replay,ALL,LM,1824,0,0.0,,,,,,,,,,,,,,,,,nan,,,,,,null_or_insufficient
42,divergent_warmup_replay,ALL,LR,11352,78,0.006871,1.163131,1.039997,0.892514,0.968824,0.131428,0.112995,0.390124,0.375121,0.474426,0.521688,0.490772,0.343054,0.514424,0.425446,0.473627,1.0,abs_dW,0.573743,0.419286,0.000283,0.0,1.0,raw_9C_geometry_root
42,divergent_warmup_replay,ALL,ML,2100,0,0.0,,,,,,,,,,,,,,,,,nan,,,,,,null_or_insufficient
42,divergent_warmup_replay,ALL,MM,228,0,0.0,,,,,,,,,,,,,,,,,nan,,,,,,null_or_insufficient
42,divergent_warmup_replay,ALL,MR,2064,0,0.0,,,,,,,,,,,,,,,,,nan,,,,,,null_or_insufficient
42,divergent_warmup_replay,ALL,RL,11256,35,0.003109,0.525216,0.502296,0.689526,1.329833,0.058287,0.110977,0.184996,0.368301,0.755212,0.262342,0.388567,0.611756,0.426916,0.70419,0.552225,1.0,abs_dW,0.660916,0.402744,0.000338,0.0,1.0,raw_9C_geometry_root
42,divergent_warmup_replay,ALL,RM,1656,0,0.0,,,,,,,,,,,,,,,,,nan,,,,,,null_or_insufficient
42,divergent_warmup_replay,ALL,RR,11532,80,0.006937,0.911993,0.749706,0.483816,1.167341,0.092136,0.101027,0.24803,0.330837,0.649046,0.396011,0.280354,0.308944,0.363315,0.585684,0.492837,1.0,abs_dW,0.625715,0.517456,0.000317,0.0,1.0,raw_9C_geometry_root
42,divergent_warmup_replay,L,ALL,26910,65,0.002415,0.975591,0.873126,0.70972,1.084845,0.095254,0.097637,0.313504,0.359059,0.587652,0.425541,0.409857,0.420967,0.470706,0.526083,0.51678,1.0,abs_dW,0.48886,0.531881,0.0005,0.0,1.0,raw_9C_geometry_root
42,divergent_warmup_replay,L,LL,5904,30,0.005081,1.394887,1.263351,0.804113,0.815652,0.138383,0.099207,0.46343,0.366826,0.408489,0.590086,0.460504,0.37052,0.542861,0.37607,0.484111,1.0,abs_dW,0.435972,0.563734,0.000162,0.0,1.0,raw_9C_geometry_root
42,divergent_warmup_replay,L,LM,912,0,0.0,,,,,,,,,,,,,,,,,nan,,,,,,null_or_insufficient
42,divergent_warmup_replay,L,LR,5676,0,0.0,,,,,,,,,,,,,,,,,nan,,,,,,null_or_insufficient
42,divergent_warmup_replay,L,ML,1050,0,0.0,,,,,,,,,,,,,,,,,nan,,,,,,null_or_insufficient
42,divergent_warmup_replay,L,MM,114,0,0.0,,,,,,,,,,,,,,,,,nan,,,,,,null_or_insufficient
42,divergent_warmup_replay,L,MR,1032,0,0.0,,,,,,,,,,,,,,,,,nan,,,,,,null_or_insufficient
42,divergent_warmup_replay,L,RL,5628,35,0.006219,0.587016,0.505403,0.642413,1.338701,0.058287,0.099293,0.184996,0.366036,0.762162,0.266604,0.365145,0.436576,0.40893,0.670047,0.546469,1.0,abs_dW,0.682368,0.462126,0.000338,0.0,1.0,raw_9C_geometry_root
42,divergent_warmup_replay,L,RM,828,0,0.0,,,,,,,,,,,,,,,,,nan,,,,,,null_or_insufficient
42,divergent_warmup_replay,L,RR,5766,0,0.0,,,,,,,,,,,,,,,,,nan,,,,,,null_or_insufficient
42,divergent_warmup_replay,R,ALL,26910,158,0.005871,0.923424,0.872169,0.745034,1.08122,0.111533,0.120782,0.318178,0.364812,0.558716,0.449375,0.408843,0.447447,0.459814,0.544647,0.488904,1.0,abs_dW,0.554995,0.506472,0.0006,0.0,1.0,raw_9C_geometry_root
42,divergent_warmup_replay,R,LL,5904,0,0.0,,,,,,,,,,,,,,,,,nan,,,,,,null_or_insufficient
42,divergent_warmup_replay,R,LM,912,0,0.0,,,,,,,,,,,,,,,,,nan,,,,,,null_or_insufficient
42,divergent_warmup_replay,R,LR,5676,78,0.013742,1.050958,1.029547,0.958711,0.963062,0.131428,0.125056,0.390124,0.378928,0.470083,0.517433,0.515108,0.457622,0.53919,0.469779,0.478715,1.0,abs_dW,0.527112,0.413562,0.000283,0.0,1.0,raw_9C_geometry_root
42,divergent_warmup_replay,R,ML,1050,0,0.0,,,,,,,,,,,,,,,,,nan,,,,,,null_or_insufficient
42,divergent_warmup_replay,R,MM,114,0,0.0,,,,,,,,,,,,,,,,,nan,,,,,,null_or_insufficient
42,divergent_warmup_replay,R,MR,1032,0,0.0,,,,,,,,,,,,,,,,,nan,,,,,,null_or_insufficient
42,divergent_warmup_replay,R,RL,5628,0,0.0,,,,,,,,,,,,,,,,,nan,,,,,,null_or_insufficient
42,divergent_warmup_replay,R,RM,828,0,0.0,,,,,,,,,,,,,,,,,nan,,,,,,null_or_insufficient
42,divergent_warmup_replay,R,RR,5766,80,0.013874,0.8243,0.74177,0.521391,1.161266,0.092136,0.111774,0.24803,0.334376,0.641611,0.392424,0.298079,0.428832,0.380984,0.609451,0.498457,1.0,abs_dW,0.592467,0.510379,0.000317,0.0,1.0,raw_9C_geometry_root
42,exact_replay,ALL,ALL,53820,223,0.004143,0.949199,0.866674,0.830664,1.081487,0.121626,0.128135,0.312293,0.360335,0.565244,0.437956,0.433468,0.428407,0.462923,0.534468,0.495001,1.0,abs_dW,0.522908,0.502648,0.0011,0.0,1.0,raw_9C_geometry_root
42,exact_replay,ALL,LL,11808,30,0.002541,1.252908,1.296857,0.822337,0.82132,0.163946,0.130853,0.475897,0.366962,0.411663,0.600719,0.459925,0.557961,0.51142,0.420032,0.489707,1.0,abs_dW,0.476751,0.604361,0.000162,0.0,1.0,raw_9C_geometry_root
42,exact_replay,ALL,LM,1824,0,0.0,,,,,,,,,,,,,,,,,nan,,,,,,null_or_insufficient
42,exact_replay,ALL,LR,11352,78,0.006871,1.129644,1.006287,1.103122,0.972642,0.150021,0.132804,0.376281,0.37393,0.479695,0.511714,0.535962,0.36675,0.553991,0.444532,0.473625,1.0,abs_dW,0.523449,0.40452,0.000283,0.0,1.0,raw_9C_geometry_root
42,exact_replay,ALL,ML,2100,0,0.0,,,,,,,,,,,,,,,,,nan,,,,,,null_or_insufficient
42,exact_replay,ALL,MM,228,0,0.0,,,,,,,,,,,,,,,,,nan,,,,,,null_or_insufficient
42,exact_replay,ALL,MR,2064,0,0.0,,,,,,,,,,,,,,,,,nan,,,,,,null_or_insufficient
42,exact_replay,ALL,RL,11256,35,0.003109,0.486641,0.47583,0.617507,1.338684,0.063485,0.130456,0.17437,0.366455,0.763925,0.245178,0.355896,0.614076,0.377952,0.729232,0.552222,1.0,abs_dW,0.71478,0.453033,0.000338,0.0,1.0,raw_9C_geometry_root
42,exact_replay,ALL,RM,1656,0,0.0,,,,,,,,,,,,,,,,,nan,,,,,,null_or_insufficient
42,exact_replay,ALL,RR,11532,80,0.006937,0.875553,0.745419,0.666367,1.148805,0.103506,0.118218,0.248895,0.3339,0.619998,0.388998,0.36681,0.36131,0.415382,0.575767,0.492843,1.0,abs_dW,0.529645,0.477719,0.000317,0.0,1.0,raw_9C_geometry_root
42,exact_replay,L,ALL,26910,65,0.002415,0.934561,0.872369,0.765668,1.088075,0.109852,0.117544,0.313537,0.359408,0.591059,0.419696,0.416933,0.47992,0.453632,0.54829,0.516783,1.0,abs_dW,0.498061,0.567737,0.0005,0.0,1.0,raw_9C_geometry_root
42,exact_replay,L,LL,5904,30,0.005081,1.367459,1.308849,0.849886,0.822309,0.163946,0.119891,0.475897,0.3636,0.412524,0.602213,0.461463,0.438866,0.495727,0.386171,0.484122,1.0,abs_dW,0.47905,0.612223,0.000162,0.0,1.0,raw_9C_geometry_root
42,exact_replay,L,LM,912,0,0.0,,,,,,,,,,,,,,,,,nan,,,,,,null_or_insufficient
42,exact_replay,L,LR,5676,0,0.0,,,,,,,,,,,,,,,,,nan,,,,,,null_or_insufficient
42,exact_replay,L,ML,1050,0,0.0,,,,,,,,,,,,,,,,,nan,,,,,,null_or_insufficient
42,exact_replay,L,MM,114,0,0.0,,,,,,,,,,,,,,,,,nan,,,,,,null_or_insufficient
42,exact_replay,L,MR,1032,0,0.0,,,,,,,,,,,,,,,,,nan,,,,,,null_or_insufficient
42,exact_replay,L,RL,5628,35,0.006219,0.529825,0.476664,0.651234,1.342193,0.063485,0.119823,0.17437,0.365814,0.766453,0.24687,0.360706,0.508442,0.37337,0.703119,0.546459,1.0,abs_dW,0.720848,0.461099,0.000338,0.0,1.0,raw_9C_geometry_root
42,exact_replay,L,RM,828,0,0.0,,,,,,,,,,,,,,,,,nan,,,,,,null_or_insufficient
42,exact_replay,L,RR,5766,0,0.0,,,,,,,,,,,,,,,,,nan,,,,,,null_or_insufficient
42,exact_replay,R,ALL,26910,158,0.005871,0.911406,0.863027,0.825187,1.077843,0.126469,0.138763,0.311782,0.361266,0.553181,0.444296,0.436902,0.469301,0.470289,0.543378,0.488905,1.0,abs_dW,0.525851,0.481853,0.0006,0.0,1.0,raw_9C_geometry_root
42,exact_replay,R,LL,5904,0,0.0,,,,,,,,,,,,,,,,,nan,,,,,,null_or_insufficient
42,exact_replay,R,LM,912,0,0.0,,,,,,,,,,,,,,,,,nan,,,,,,null_or_insufficient
42,exact_replay,R,LR,5676,78,0.013742,1.043158,1.00358,1.044744,0.970782,0.150021,0.143815,0.376281,0.374939,0.478232,0.510077,0.53007,0.467914,0.562028,0.478319,0.47871,1.0,abs_dW,0.503503,0.399998,0.000283,0.0,1.0,raw_9C_geometry_root
42,exact_replay,R,ML,1050,0,0.0,,,,,,,,,,,,,,,,,nan,,,,,,null_or_insufficient
42,exact_replay,R,MM,114,0,0.0,,,,,,,,,,,,,,,,,nan,,,,,,null_or_insufficient
42,exact_replay,R,MR,1032,0,0.0,,,,,,,,,,,,,,,,,nan,,,,,,null_or_insufficient
42,exact_replay,R,RL,5628,0,0.0,,,,,,,,,,,,,,,,,nan,,,,,,null_or_insufficient
42,exact_replay,R,RM,828,0,0.0,,,,,,,,,,,,,,,,,nan,,,,,,null_or_insufficient
42,exact_replay,R,RR,5766,80,0.013874,0.80745,0.742079,0.619066,1.14823,0.103506,0.128189,0.248895,0.335402,0.617097,0.384088,0.365903,0.458917,0.417864,0.594996,0.498459,1.0,abs_dW,0.509819,0.46581,0.000317,0.0,1.0,raw_9C_geometry_root
77,closed_loop,ALL,ALL,62790,493,0.007852,1.007989,0.93778,0.902484,1.030071,0.109367,0.108501,0.339835,0.362383,0.521084,0.473302,0.479522,0.45426,0.516592,0.491829,0.528015,1.0,abs_dW,0.504188,0.464833,0.0013,0.0,1.0,raw_9C_geometry_root
77,closed_loop,ALL,LL,12488,64,0.005125,1.343001,1.104809,0.842126,0.947682,0.132969,0.099009,0.361187,0.326923,0.49417,0.509138,0.462108,0.369539,0.505325,0.395668,0.60695,1.0,abs_dW,0.539914,0.484049,0.00028,0.0,1.0,raw_9C_geometry_root
77,closed_loop,ALL,LM,2926,0,0.0,,,,,,,,,,,,,,,,,nan,,,,,,null_or_insufficient
77,closed_loop,ALL,LR,12516,72,0.005753,0.928692,1.05837,0.974039,0.919659,0.098495,0.106058,0.374722,0.354056,0.440238,0.532066,0.52554,0.550034,0.583684,0.494777,0.567873,1.0,abs_dW,0.441199,0.508655,0.000173,0.0,1.0,raw_9C_geometry_root
77,closed_loop,ALL,ML,2828,0,0.0,,,,,,,,,,,,,,,,,nan,,,,,,null_or_insufficient
77,closed_loop,ALL,MM,826,0,0.0,,,,,,,,,,,,,,,,,nan,,,,,,null_or_insufficient
77,closed_loop,ALL,MR,3206,12,0.003743,0.524232,0.622804,1.036147,1.254725,0.055097,0.105101,0.218848,0.351392,0.658344,0.350005,0.559539,0.621034,0.44307,0.683156,0.715273,1.0,abs_dW,0.390496,0.483334,1.1e-05,0.0,1.0,raw_9C_geometry_root
77,closed_loop,ALL,RL,12250,234,0.019102,1.048757,0.891982,0.807182,1.074767,0.117748,0.112274,0.336713,0.377488,0.550118,0.454758,0.428824,0.392108,0.481661,0.485917,0.515077,1.0,abs_dW,0.540761,0.472632,0.000601,0.0,1.0,raw_9C_geometry_root
77,closed_loop,ALL,RM,2968,27,0.009097,0.800549,0.682843,1.269249,1.232147,0.087641,0.109476,0.250032,0.366164,0.626897,0.375156,0.62628,0.510837,0.513317,0.569245,0.596333,1.0,abs_dW,0.484941,0.517208,1.9e-05,0.0,1.0,raw_9C_geometry_root
77,closed_loop,ALL,RR,12782,84,0.006572,0.75999,0.854869,0.966038,1.075925,0.092094,0.121178,0.348513,0.40768,0.54036,0.431003,0.510769,0.552762,0.554234,0.588021,0.438661,1.0,abs_dW,0.498192,0.38086,0.000216,0.0,1.0,raw_9C_geometry_root
77,closed_loop,L,ALL,40365,325,0.008052,0.951076,0.920166,0.897265,1.045316,0.118244,0.124327,0.334331,0.363338,0.534001,0.46355,0.470515,0.475314,0.50707,0.523237,0.543457,1.0,abs_dW,0.502296,0.462734,0.0009,0.0,1.0,raw_9C_geometry_root
77,closed_loop,L,LL,8028,64,0.007972,1.171557,1.098776,0.895933,0.941578,0.132969,0.113498,0.361187,0.328718,0.488717,0.506973,0.480594,0.435599,0.520398,0.448018,0.616881,1.0,abs_dW,0.522366,0.481417,0.00028,0.0,1.0,raw_9C_geometry_root
77,closed_loop,L,LM,1881,0,0.0,,,,,,,,,,,,,,,,,nan,,,,,,null_or_insufficient
77,closed_loop,L,LR,8046,0,0.0,,,,,,,,,,,,,,,,,nan,,,,,,null_or_insufficient
77,closed_loop,L,ML,1818,0,0.0,,,,,,,,,,,,,,,,,nan,,,,,,null_or_insufficient
77,closed_loop,L,MM,531,0,0.0,,,,,,,,,,,,,,,,,nan,,,,,,null_or_insufficient
77,closed_loop,L,MR,2061,0,0.0,,,,,,,,,,,,,,,,,nan,,,,,,null_or_insufficient
77,closed_loop,L,RL,7875,234,0.029714,0.912443,0.890818,0.856983,1.066931,0.117748,0.129047,0.336713,0.377981,0.544397,0.454312,0.448252,0.477766,0.499649,0.540766,0.522786,1.0,abs_dW,0.525339,0.45639,0.000601,0.0,1.0,raw_9C_geometry_root
77,closed_loop,L,RM,1908,27,0.014151,0.697612,0.677707,1.355792,1.223819,0.087641,0.12563,0.250032,0.368939,0.623742,0.371749,0.646543,0.542324,0.513045,0.618229,0.603225,1.0,abs_dW,0.447787,0.510193,1.9e-05,0.0,1.0,raw_9C_geometry_root
77,closed_loop,L,RR,8217,0,0.0,,,,,,,,,,,,,,,,,nan,,,,,,null_or_insufficient
77,closed_loop,R,ALL,22425,168,0.007492,1.15201,0.971772,0.917303,0.99893,0.092195,0.08003,0.350484,0.360664,0.495274,0.49238,0.495367,0.443375,0.533377,0.416407,0.500001,1.0,abs_dW,0.506446,0.478082,0.0004,0.0,1.0,raw_9C_geometry_root
77,closed_loop,R,LL,4460,0,0.0,,,,,,,,,,,,,,,,,nan,,,,,,null_or_insufficient
77,closed_loop,R,LM,1045,0,0.0,,,,,,,,,,,,,,,,,nan,,,,,,null_or_insufficient
77,closed_loop,R,LR,4470,72,0.016107,1.263155,1.060661,0.883948,0.931439,0.098495,0.077976,0.374722,0.353291,0.449728,0.532897,0.484093,0.399456,0.54767,0.375464,0.552183,1.0,abs_dW,0.474534,0.520046,0.000173,0.0,1.0,raw_9C_geometry_root
77,closed_loop,R,ML,1010,0,0.0,,,,,,,,,,,,,,,,,nan,,,,,,null_or_insufficient
77,closed_loop,R,MM,295,0,0.0,,,,,,,,,,,,,,,,,nan,,,,,,null_or_insufficient
77,closed_loop,R,MR,1145,12,0.01048,0.708082,0.622803,0.938373,1.27406,0.055097,0.077812,0.218848,0.351392,0.671595,0.347529,0.525522,0.702339,0.445646,0.610032,0.708002,1.0,abs_dW,0.409192,0.517213,1.1e-05,0.0,1.0,raw_9C_geometry_root
77,closed_loop,R,RL,4375,0,0.0,,,,,,,,,,,,,,,,,nan,,,,,,null_or_insufficient
77,closed_loop,R,RM,1060,0,0.0,,,,,,,,,,,,,,,,,nan,,,,,,null_or_insufficient
77,closed_loop,R,RR,4565,84,0.018401,1.030593,0.855244,0.890913,1.095184,0.092094,0.08936,0.348513,0.407501,0.552529,0.431074,0.4725,0.419183,0.519779,0.460468,0.425397,1.0,abs_dW,0.528556,0.39542,0.000216,0.0,1.0,raw_9C_geometry_root
77,divergent_warmup_replay,ALL,ALL,62790,493,0.007852,0.995702,0.94169,0.948105,1.026899,0.118005,0.118515,0.340138,0.3612,0.516289,0.476952,0.477401,0.476101,0.499601,0.496492,0.528014,1.0,abs_dW,0.502319,0.488915,0.0013,0.0,1.0,raw_9C_geometry_root
77,divergent_warmup_replay,ALL,LL,12488,64,0.005125,1.300051,1.070162,1.03326,0.948459,0.138053,0.106191,0.352088,0.329005,0.486721,0.51156,0.490482,0.450112,0.481466,0.413764,0.606945,1.0,abs_dW,0.523448,0.46766,0.00028,0.0,1.0,raw_9C_geometry_root
77,divergent_warmup_replay,ALL,LM,2926,0,0.0,,,,,,,,,,,,,,,,,nan,,,,,,null_or_insufficient
77,divergent_warmup_replay,ALL,LR,12516,72,0.005753,0.955383,1.094586,0.870446,0.925722,0.110503,0.115664,0.385198,0.351912,0.443072,0.543006,0.451019,0.533714,0.513198,0.488831,0.56788,1.0,abs_dW,0.453785,0.541185,0.000173,0.0,1.0,raw_9C_geometry_root
77,divergent_warmup_replay,ALL,ML,2828,0,0.0,,,,,,,,,,,,,,,,,nan,,,,,,null_or_insufficient
77,divergent_warmup_replay,ALL,MM,826,0,0.0,,,,,,,,,,,,,,,,,nan,,,,,,null_or_insufficient
77,divergent_warmup_replay,ALL,MR,3206,12,0.003743,0.55421,0.856733,1.64356,1.227716,0.064327,0.116069,0.299103,0.349121,0.645794,0.427964,0.744704,0.781961,0.40276,0.669824,0.715273,1.0,abs_dW,0.510265,0.540162,1.1e-05,0.0,1.0,raw_9C_geometry_root
77,divergent_warmup_replay,ALL,RL,12250,234,0.019102,1.028377,0.884704,0.907155,1.063476,0.126159,0.122678,0.331753,0.374987,0.540757,0.451036,0.457096,0.415666,0.501685,0.492007,0.515079,1.0,abs_dW,0.532125,0.472475,0.000601,0.0,1.0,raw_9C_geometry_root
77,divergent_warmup_replay,ALL,RM,2968,27,0.009097,0.717838,0.562164,1.02468,1.252697,0.086929,0.121098,0.205754,0.366003,0.637853,0.333887,0.564711,0.402005,0.567771,0.606647,0.596333,1.0,abs_dW,0.384672,0.445837,1.9e-05,0.0,1.0,raw_9C_geometry_root
77,divergent_warmup_replay,ALL,RR,12782,84,0.006572,0.776235,0.903135,0.878667,1.078083,0.104102,0.134112,0.364827,0.403956,0.544463,0.459869,0.442485,0.576767,0.474703,0.585697,0.438652,1.0,abs_dW,0.541565,0.44337,0.000216,0.0,1.0,raw_9C_geometry_root
77,divergent_warmup_replay,L,ALL,40365,325,0.008052,0.937883,0.899336,0.92752,1.048844,0.125242,0.133537,0.32529,0.3617,0.53326,0.456994,0.47306,0.471901,0.505565,0.527115,0.543457,1.0,abs_dW,0.499211,0.471551,0.0009,0.0,1.0,raw_9C_geometry_root
77,divergent_warmup_replay,L,LL,8028,64,0.007972,1.153104,1.058538,1.032213,0.948675,0.138053,0.119723,0.352088,0.332618,0.485705,0.507404,0.493347,0.467724,0.495032,0.456792,0.616874,1.0,abs_dW,0.515865,0.45805,0.00028,0.0,1.0,raw_9C_geometry_root
77,divergent_warmup_replay,L,LM,1881,0,0.0,,,,,,,,,,,,,,,,,nan,,,,,,null_or_insufficient
77,divergent_warmup_replay,L,LR,8046,0,0.0,,,,,,,,,,,,,,,,,nan,,,,,,null_or_insufficient
77,divergent_warmup_replay,L,ML,1818,0,0.0,,,,,,,,,,,,,,,,,nan,,,,,,null_or_insufficient
77,divergent_warmup_replay,L,MM,531,0,0.0,,,,,,,,,,,,,,,,,nan,,,,,,null_or_insufficient
77,divergent_warmup_replay,L,MR,2061,0,0.0,,,,,,,,,,,,,,,,,nan,,,,,,null_or_insufficient
77,divergent_warmup_replay,L,RL,7875,234,0.029714,0.910275,0.882919,0.903305,1.063845,0.126159,0.138595,0.331753,0.375745,0.540689,0.449373,0.458918,0.474701,0.499826,0.539741,0.522787,1.0,abs_dW,0.526581,0.46576,0.000601,0.0,1.0,raw_9C_geometry_root
77,divergent_warmup_replay,L,RM,1908,27,0.014151,0.636249,0.562205,1.032657,1.252881,0.086929,0.136627,0.205754,0.365977,0.639416,0.331581,0.567409,0.459901,0.576191,0.644712,0.603225,1.0,abs_dW,0.381025,0.435885,1.9e-05,0.0,1.0,raw_9C_geometry_root
77,divergent_warmup_replay,L,RR,8217,0,0.0,,,,,,,,,,,,,,,,,nan,,,,,,null_or_insufficient
77,divergent_warmup_replay,R,ALL,22425,168,0.007492,1.136802,1.023765,0.987891,0.984422,0.104005,0.091489,0.368863,0.3603,0.482749,0.514203,0.485922,0.482412,0.490793,0.423538,0.5,1.0,abs_dW,0.488238,0.528113,0.0004,0.0,1.0,raw_9C_geometry_root
77,divergent_warmup_replay,R,LL,4460,0,0.0,,,,,,,,,,,,,,,,,nan,,,,,,null_or_insufficient
77,divergent_warmup_replay,R,LM,1045,0,0.0,,,,,,,,,,,,,,,,,nan,,,,,,null_or_insufficient
77,divergent_warmup_replay,R,LR,4470,72,0.016107,1.242627,1.099065,0.869089,0.924975,0.110503,0.088927,0.385198,0.350478,0.442689,0.543483,0.444921,0.453385,0.50643,0.387983,0.552189,1.0,abs_dW,0.455858,0.539902,0.000173,0.0,1.0,raw_9C_geometry_root
77,divergent_warmup_replay,R,ML,1010,0,0.0,,,,,,,,,,,,,,,,,nan,,,,,,null_or_insufficient
77,divergent_warmup_replay,R,MM,295,0,0.0,,,,,,,,,,,,,,,,,nan,,,,,,null_or_insufficient
77,divergent_warmup_replay,R,MR,1145,12,0.01048,0.714588,0.84748,1.644283,1.23204,0.064327,0.090019,0.299103,0.352933,0.64747,0.422551,0.745146,0.745808,0.433583,0.602457,0.708002,1.0,abs_dW,0.514489,0.541852,1.1e-05,0.0,1.0,raw_9C_geometry_root
77,divergent_warmup_replay,R,RL,4375,0,0.0,,,,,,,,,,,,,,,,,nan,,,,,,null_or_insufficient
77,divergent_warmup_replay,R,RM,1060,0,0.0,,,,,,,,,,,,,,,,,nan,,,,,,null_or_insufficient
77,divergent_warmup_replay,R,RR,4565,84,0.018401,1.004695,0.891428,0.8818,1.080763,0.104102,0.103616,0.364827,0.409261,0.545858,0.451504,0.44046,0.453672,0.483342,0.473903,0.425389,1.0,abs_dW,0.535482,0.422366,0.000216,0.0,1.0,raw_9C_geometry_root
77,exact_replay,ALL,ALL,62790,493,0.007852,1.007989,0.93778,0.902484,1.030071,0.109367,0.108501,0.339835,0.362383,0.521084,0.473302,0.479522,0.45426,0.516592,0.491829,0.528015,1.0,abs_dW,0.504188,0.464833,0.0013,0.0,1.0,raw_9C_geometry_root
77,exact_replay,ALL,LL,12488,64,0.005125,1.343001,1.104809,0.842126,0.947682,0.132969,0.099009,0.361187,0.326923,0.49417,0.509138,0.462108,0.369539,0.505325,0.395668,0.60695,1.0,abs_dW,0.539914,0.484049,0.00028,0.0,1.0,raw_9C_geometry_root
77,exact_replay,ALL,LM,2926,0,0.0,,,,,,,,,,,,,,,,,nan,,,,,,null_or_insufficient
77,exact_replay,ALL,LR,12516,72,0.005753,0.928692,1.05837,0.974039,0.919659,0.098495,0.106058,0.374722,0.354056,0.440238,0.532066,0.52554,0.550034,0.583684,0.494777,0.567873,1.0,abs_dW,0.441199,0.508655,0.000173,0.0,1.0,raw_9C_geometry_root
77,exact_replay,ALL,ML,2828,0,0.0,,,,,,,,,,,,,,,,,nan,,,,,,null_or_insufficient
77,exact_replay,ALL,MM,826,0,0.0,,,,,,,,,,,,,,,,,nan,,,,,,null_or_insufficient
77,exact_replay,ALL,MR,3206,12,0.003743,0.524232,0.622804,1.036147,1.254725,0.055097,0.105101,0.218848,0.351392,0.658344,0.350005,0.559539,0.621034,0.44307,0.683156,0.715273,1.0,abs_dW,0.390496,0.483334,1.1e-05,0.0,1.0,raw_9C_geometry_root
77,exact_replay,ALL,RL,12250,234,0.019102,1.048757,0.891982,0.807182,1.074767,0.117748,0.112274,0.336713,0.377488,0.550118,0.454758,0.428824,0.392108,0.481661,0.485917,0.515077,1.0,abs_dW,0.540761,0.472632,0.000601,0.0,1.0,raw_9C_geometry_root
77,exact_replay,ALL,RM,2968,27,0.009097,0.800549,0.682843,1.269249,1.232147,0.087641,0.109476,0.250032,0.366164,0.626897,0.375156,0.62628,0.510837,0.513317,0.569245,0.596333,1.0,abs_dW,0.484941,0.517208,1.9e-05,0.0,1.0,raw_9C_geometry_root
77,exact_replay,ALL,RR,12782,84,0.006572,0.75999,0.854869,0.966038,1.075925,0.092094,0.121178,0.348513,0.40768,0.54036,0.431003,0.510769,0.552762,0.554234,0.588021,0.438661,1.0,abs_dW,0.498192,0.38086,0.000216,0.0,1.0,raw_9C_geometry_root
77,exact_replay,L,ALL,40365,325,0.008052,0.951076,0.920166,0.897265,1.045316,0.118244,0.124327,0.334331,0.363338,0.534001,0.46355,0.470515,0.475314,0.50707,0.523237,0.543457,1.0,abs_dW,0.502296,0.462734,0.0009,0.0,1.0,raw_9C_geometry_root
77,exact_replay,L,LL,8028,64,0.007972,1.171557,1.098776,0.895933,0.941578,0.132969,0.113498,0.361187,0.328718,0.488717,0.506973,0.480594,0.435599,0.520398,0.448018,0.616881,1.0,abs_dW,0.522366,0.481417,0.00028,0.0,1.0,raw_9C_geometry_root
77,exact_replay,L,LM,1881,0,0.0,,,,,,,,,,,,,,,,,nan,,,,,,null_or_insufficient
77,exact_replay,L,LR,8046,0,0.0,,,,,,,,,,,,,,,,,nan,,,,,,null_or_insufficient
77,exact_replay,L,ML,1818,0,0.0,,,,,,,,,,,,,,,,,nan,,,,,,null_or_insufficient
77,exact_replay,L,MM,531,0,0.0,,,,,,,,,,,,,,,,,nan,,,,,,null_or_insufficient
77,exact_replay,L,MR,2061,0,0.0,,,,,,,,,,,,,,,,,nan,,,,,,null_or_insufficient
77,exact_replay,L,RL,7875,234,0.029714,0.912443,0.890818,0.856983,1.066931,0.117748,0.129047,0.336713,0.377981,0.544397,0.454312,0.448252,0.477766,0.499649,0.540766,0.522786,1.0,abs_dW,0.525339,0.45639,0.000601,0.0,1.0,raw_9C_geometry_root
77,exact_replay,L,RM,1908,27,0.014151,0.697612,0.677707,1.355792,1.223819,0.087641,0.12563,0.250032,0.368939,0.623742,0.371749,0.646543,0.542324,0.513045,0.618229,0.603225,1.0,abs_dW,0.447787,0.510193,1.9e-05,0.0,1.0,raw_9C_geometry_root
77,exact_replay,L,RR,8217,0,0.0,,,,,,,,,,,,,,,,,nan,,,,,,null_or_insufficient
77,exact_replay,R,ALL,22425,168,0.007492,1.15201,0.971772,0.917303,0.99893,0.092195,0.08003,0.350484,0.360664,0.495274,0.49238,0.495367,0.443375,0.533377,0.416407,0.500001,1.0,abs_dW,0.506446,0.478082,0.0004,0.0,1.0,raw_9C_geometry_root
77,exact_replay,R,LL,4460,0,0.0,,,,,,,,,,,,,,,,,nan,,,,,,null_or_insufficient
77,exact_replay,R,LM,1045,0,0.0,,,,,,,,,,,,,,,,,nan,,,,,,null_or_insufficient
77,exact_replay,R,LR,4470,72,0.016107,1.263155,1.060661,0.883948,0.931439,0.098495,0.077976,0.374722,0.353291,0.449728,0.532897,0.484093,0.399456,0.54767,0.375464,0.552183,1.0,abs_dW,0.474534,0.520046,0.000173,0.0,1.0,raw_9C_geometry_root
77,exact_replay,R,ML,1010,0,0.0,,,,,,,,,,,,,,,,,nan,,,,,,null_or_insufficient
77,exact_replay,R,MM,295,0,0.0,,,,,,,,,,,,,,,,,nan,,,,,,null_or_insufficient
77,exact_replay,R,MR,1145,12,0.01048,0.708082,0.622803,0.938373,1.27406,0.055097,0.077812,0.218848,0.351392,0.671595,0.347529,0.525522,0.702339,0.445646,0.610032,0.708002,1.0,abs_dW,0.409192,0.517213,1.1e-05,0.0,1.0,raw_9C_geometry_root
77,exact_replay,R,RL,4375,0,0.0,,,,,,,,,,,,,,,,,nan,,,,,,null_or_insufficient
77,exact_replay,R,RM,1060,0,0.0,,,,,,,,,,,,,,,,,nan,,,,,,null_or_insufficient
77,exact_replay,R,RR,4565,84,0.018401,1.030593,0.855244,0.890913,1.095184,0.092094,0.08936,0.348513,0.407501,0.552529,0.431074,0.4725,0.419183,0.519779,0.460468,0.425397,1.0,abs_dW,0.528556,0.39542,0.000216,0.0,1.0,raw_9C_geometry_root
123,closed_loop,ALL,ALL,35880,225,0.006271,1.242339,1.158304,1.090196,0.888345,0.15529,0.124998,0.434436,0.375062,0.427814,0.566872,0.548909,0.44927,0.537084,0.399442,0.446048,1.0,abs_dW,0.440438,0.538711,0.0007,0.0,1.0,raw_9C_geometry_root
123,closed_loop,ALL,LL,7168,40,0.00558,1.34218,1.139978,0.913711,0.90142,0.184556,0.137505,0.475753,0.417336,0.44234,0.563899,0.485746,0.396479,0.466618,0.339306,0.485431,1.0,abs_dW,0.554953,0.541027,6.7e-05,0.0,1.0,raw_9C_geometry_root
123,closed_loop,ALL,LM,2056,0,0.0,,,,,,,,,,,,,,,,,nan,,,,,,null_or_insufficient
123,closed_loop,ALL,LR,7000,48,0.006857,1.224341,1.154664,1.266374,0.900401,0.15192,0.124083,0.427675,0.370389,0.439319,0.557549,0.594493,0.448195,0.549072,0.403811,0.337154,1.0,abs_dW,0.412894,0.553208,0.000129,0.0,1.0,raw_9C_geometry_root
123,closed_loop,ALL,ML,2016,0,0.0,,,,,,,,,,,,,,,,,nan,,,,,,null_or_insufficient
123,closed_loop,ALL,MM,584,0,0.0,,,,,,,,,,,,,,,,,nan,,,,,,null_or_insufficient
123,closed_loop,ALL,MR,1824,0,0.0,,,,,,,,,,,,,,,,,nan,,,,,,null_or_insufficient
123,closed_loop,ALL,RL,6880,69,0.010029,1.108817,1.044038,1.040201,0.983272,0.137311,0.123836,0.387544,0.371197,0.480378,0.519654,0.528872,0.504418,0.496339,0.458402,0.512947,1.0,abs_dW,0.41601,0.591875,0.000233,0.0,1.0,raw_9C_geometry_root
123,closed_loop,ALL,RM,1696,0,0.0,,,,,,,,,,,,,,,,,nan,,,,,,null_or_insufficient
123,closed_loop,ALL,RR,6656,68,0.010216,1.350376,1.325956,1.123294,0.770799,0.158698,0.117522,0.462486,0.348794,0.3552,0.625741,0.575119,0.44152,0.615605,0.367138,0.438746,1.0,abs_dW,0.378417,0.508442,0.000271,0.0,1.0,raw_9C_geometry_root
123,closed_loop,L,ALL,13455,109,0.008101,1.144508,1.108506,1.062926,0.930275,0.154649,0.135122,0.419914,0.378811,0.448092,0.550022,0.530734,0.505931,0.507445,0.434337,0.508886,1.0,abs_dW,0.449495,0.569335,0.0003,0.0,1.0,raw_9C_geometry_root
123,closed_loop,L,LL,2688,40,0.014881,1.243727,1.129382,0.980974,0.897922,0.184556,0.148389,0.475753,0.421251,0.440153,0.558997,0.505457,0.448584,0.491418,0.378918,0.490568,1.0,abs_dW,0.541156,0.532806,6.7e-05,0.0,1.0,raw_9C_geometry_root
123,closed_loop,L,LM,771,0,0.0,,,,,,,,,,,,,,,,,nan,,,,,,null_or_insufficient
123,closed_loop,L,LR,2625,0,0.0,,,,,,,,,,,,,,,,,nan,,,,,,null_or_insufficient
123,closed_loop,L,ML,756,0,0.0,,,,,,,,,,,,,,,,,nan,,,,,,null_or_insufficient
123,closed_loop,L,MM,219,0,0.0,,,,,,,,,,,,,,,,,nan,,,,,,null_or_insufficient
123,closed_loop,L,MR,684,0,0.0,,,,,,,,,,,,,,,,,nan,,,,,,null_or_insufficient
123,closed_loop,L,RL,2580,69,0.026744,1.026026,1.029843,1.089375,0.979965,0.137311,0.133828,0.387544,0.376313,0.477216,0.515396,0.540105,0.533508,0.514859,0.488021,0.518114,1.0,abs_dW,0.41599,0.589847,0.000233,0.0,1.0,raw_9C_geometry_root
123,closed_loop,L,RM,636,0,0.0,,,,,,,,,,,,,,,,,nan,,,,,,null_or_insufficient
123,closed_loop,L,RR,2496,0,0.0,,,,,,,,,,,,,,,,,nan,,,,,,null_or_insufficient
123,closed_loop,R,ALL,22425,116,0.005173,1.31067,1.201873,1.131072,0.847964,0.155894,0.118942,0.448081,0.372819,0.408047,0.581758,0.569267,0.413087,0.574015,0.376417,0.389321,1.0,abs_dW,0.425398,0.507107,0.0004,0.0,1.0,raw_9C_geometry_root
123,closed_loop,R,LL,4480,0,0.0,,,,,,,,,,,,,,,,,nan,,,,,,null_or_insufficient
123,closed_loop,R,LM,1285,0,0.0,,,,,,,,,,,,,,,,,nan,,,,,,null_or_insufficient
123,closed_loop,R,LR,4375,48,0.010971,1.288044,1.161515,1.231435,0.901849,0.15192,0.117946,0.427675,0.368204,0.440519,0.560064,0.58966,0.416556,0.537401,0.382887,0.334542,1.0,abs_dW,0.41528,0.554448,0.000129,0.0,1.0,raw_9C_geometry_root
123,closed_loop,R,ML,1260,0,0.0,,,,,,,,,,,,,,,,,nan,,,,,,null_or_insufficient
123,closed_loop,R,MM,365,0,0.0,,,,,,,,,,,,,,,,,nan,,,,,,null_or_insufficient
123,closed_loop,R,MR,1140,0,0.0,,,,,,,,,,,,,,,,,nan,,,,,,null_or_insufficient
123,closed_loop,R,RL,4300,0,0.0,,,,,,,,,,,,,,,,,nan,,,,,,null_or_insufficient
123,closed_loop,R,RM,1060,0,0.0,,,,,,,,,,,,,,,,,nan,,,,,,null_or_insufficient
123,closed_loop,R,RR,4160,68,0.016346,1.423976,1.333914,1.122892,0.770818,0.158698,0.111447,0.462486,0.346714,0.355626,0.625579,0.583236,0.423621,0.618926,0.34584,0.435836,1.0,abs_dW,0.387655,0.528536,0.000271,0.0,1.0,raw_9C_geometry_root
123,divergent_warmup_replay,ALL,ALL,35880,225,0.006271,1.241324,1.124167,1.295482,0.885563,0.163095,0.131388,0.422097,0.375475,0.427397,0.551221,0.603843,0.427942,0.594849,0.402099,0.446054,1.0,abs_dW,0.410318,0.485912,0.0007,0.0,1.0,raw_9C_geometry_root
123,divergent_warmup_replay,ALL,LL,7168,40,0.00558,1.329844,1.082676,1.316597,0.893954,0.194443,0.146215,0.450345,0.415956,0.440878,0.543357,0.608989,0.369223,0.586606,0.347745,0.485438,1.0,abs_dW,0.454997,0.418255,6.7e-05,0.0,1.0,raw_9C_geometry_root
123,divergent_warmup_replay,ALL,LM,2056,0,0.0,,,,,,,,,,,,,,,,,nan,,,,,,null_or_insufficient
123,divergent_warmup_replay,ALL,LR,7000,48,0.006857,1.224262,1.164142,1.292641,0.896957,0.159872,0.130586,0.43476,0.37346,0.432936,0.563923,0.585818,0.410769,0.534546,0.404386,0.337166,1.0,abs_dW,0.452486,0.525479,0.000129,0.0,1.0,raw_9C_geometry_root
123,divergent_warmup_replay,ALL,ML,2016,0,0.0,,,,,,,,,,,,,,,,,nan,,,,,,null_or_insufficient
123,divergent_warmup_replay,ALL,MM,584,0,0.0,,,,,,,,,,,,,,,,,nan,,,,,,null_or_insufficient
123,divergent_warmup_replay,ALL,MR,1824,0,0.0,,,,,,,,,,,,,,,,,nan,,,,,,null_or_insufficient
123,divergent_warmup_replay,ALL,RL,6880,69,0.010029,1.12072,0.965552,1.398009,0.971597,0.146161,0.130417,0.358807,0.371608,0.474929,0.488149,0.628987,0.485823,0.609989,0.454576,0.512955,1.0,abs_dW,0.368581,0.466953,0.000233,0.0,1.0,raw_9C_geometry_root
123,divergent_warmup_replay,ALL,RM,1696,0,0.0,,,,,,,,,,,,,,,,,nan,,,,,,null_or_insufficient
123,divergent_warmup_replay,ALL,RR,6656,68,0.010216,1.344294,1.315448,1.128365,0.780348,0.164113,0.122081,0.460762,0.35027,0.366122,0.614618,0.575009,0.408463,0.6115,0.374741,0.43875,1.0,abs_dW,0.430224,0.50719,0.000271,0.0,1.0,raw_9C_geometry_root
123,divergent_warmup_replay,L,ALL,13455,109,0.008101,1.161857,1.048113,1.388586,0.916237,0.163879,0.141049,0.392399,0.374386,0.441487,0.526792,0.627926,0.427735,0.613021,0.428774,0.508888,1.0,abs_dW,0.377819,0.492331,0.0003,0.0,1.0,raw_9C_geometry_root
123,divergent_warmup_replay,L,LL,2688,40,0.014881,1.241372,1.099825,1.236458,0.889877,0.194443,0.156636,0.450345,0.40947,0.438085,0.551567,0.591881,0.385102,0.574783,0.383233,0.490568,1.0,abs_dW,0.459203,0.437251,6.7e-05,0.0,1.0,raw_9C_geometry_root
123,divergent_warmup_replay,L,LM,771,0,0.0,,,,,,,,,,,,,,,,,nan,,,,,,null_or_insufficient
123,divergent_warmup_replay,L,LR,2625,0,0.0,,,,,,,,,,,,,,,,,nan,,,,,,null_or_insufficient
123,divergent_warmup_replay,L,ML,756,0,0.0,,,,,,,,,,,,,,,,,nan,,,,,,null_or_insufficient
123,divergent_warmup_replay,L,MM,219,0,0.0,,,,,,,,,,,,,,,,,nan,,,,,,null_or_insufficient
123,divergent_warmup_replay,L,MR,684,0,0.0,,,,,,,,,,,,,,,,,nan,,,,,,null_or_insufficient
123,divergent_warmup_replay,L,RL,2580,69,0.026744,1.044596,0.977374,1.345313,0.968115,0.146161,0.139921,0.358807,0.367113,0.472224,0.493394,0.615275,0.472495,0.601521,0.480396,0.518138,1.0,abs_dW,0.360826,0.468576,0.000233,0.0,1.0,raw_9C_geometry_root
123,divergent_warmup_replay,L,RM,636,0,0.0,,,,,,,,,,,,,,,,,nan,,,,,,null_or_insufficient
123,divergent_warmup_replay,L,RR,2496,0,0.0,,,,,,,,,,,,,,,,,nan,,,,,,null_or_insufficient
123,divergent_warmup_replay,R,ALL,22425,116,0.005173,1.292575,1.196412,1.189082,0.85581,0.162358,0.125608,0.450003,0.376127,0.413705,0.57437,0.577623,0.410537,0.568706,0.384456,0.389324,1.0,abs_dW,0.452057,0.480322,0.0004,0.0,1.0,raw_9C_geometry_root
123,divergent_warmup_replay,R,LL,4480,0,0.0,,,,,,,,,,,,,,,,,nan,,,,,,null_or_insufficient
123,divergent_warmup_replay,R,LM,1285,0,0.0,,,,,,,,,,,,,,,,,nan,,,,,,null_or_insufficient
123,divergent_warmup_replay,R,LR,4375,48,0.010971,1.282523,1.158609,1.319113,0.898062,0.159872,0.124654,0.43476,0.375243,0.433793,0.561277,0.592014,0.393946,0.541363,0.384355,0.334551,1.0,abs_dW,0.448539,0.520082,0.000129,0.0,1.0,raw_9C_geometry_root
123,divergent_warmup_replay,R,ML,1260,0,0.0,,,,,,,,,,,,,,,,,nan,,,,,,null_or_insufficient
123,divergent_warmup_replay,R,MM,365,0,0.0,,,,,,,,,,,,,,,,,nan,,,,,,null_or_insufficient
123,divergent_warmup_replay,R,MR,1140,0,0.0,,,,,,,,,,,,,,,,,nan,,,,,,null_or_insufficient
123,divergent_warmup_replay,R,RL,4300,0,0.0,,,,,,,,,,,,,,,,,nan,,,,,,null_or_insufficient
123,divergent_warmup_replay,R,RM,1060,0,0.0,,,,,,,,,,,,,,,,,nan,,,,,,null_or_insufficient
123,divergent_warmup_replay,R,RR,4160,68,0.016346,1.410527,1.318694,1.133012,0.780395,0.164113,0.116348,0.460762,0.349408,0.366637,0.616163,0.580365,0.424253,0.611491,0.355159,0.435836,1.0,abs_dW,0.458812,0.510492,0.000271,0.0,1.0,raw_9C_geometry_root
123,exact_replay,ALL,ALL,35880,225,0.006271,1.242339,1.158304,1.090196,0.888345,0.15529,0.124998,0.434436,0.375062,0.427814,0.566872,0.548909,0.44927,0.537084,0.399442,0.446048,1.0,abs_dW,0.440438,0.538711,0.0007,0.0,1.0,raw_9C_geometry_root
123,exact_replay,ALL,LL,7168,40,0.00558,1.34218,1.139978,0.913711,0.90142,0.184556,0.137505,0.475753,0.417336,0.44234,0.563899,0.485746,0.396479,0.466618,0.339306,0.485431,1.0,abs_dW,0.554953,0.541027,6.7e-05,0.0,1.0,raw_9C_geometry_root
123,exact_replay,ALL,LM,2056,0,0.0,,,,,,,,,,,,,,,,,nan,,,,,,null_or_insufficient
123,exact_replay,ALL,LR,7000,48,0.006857,1.224341,1.154664,1.266374,0.900401,0.15192,0.124083,0.427675,0.370389,0.439319,0.557549,0.594493,0.448195,0.549072,0.403811,0.337154,1.0,abs_dW,0.412894,0.553208,0.000129,0.0,1.0,raw_9C_geometry_root
123,exact_replay,ALL,ML,2016,0,0.0,,,,,,,,,,,,,,,,,nan,,,,,,null_or_insufficient
123,exact_replay,ALL,MM,584,0,0.0,,,,,,,,,,,,,,,,,nan,,,,,,null_or_insufficient
123,exact_replay,ALL,MR,1824,0,0.0,,,,,,,,,,,,,,,,,nan,,,,,,null_or_insufficient
123,exact_replay,ALL,RL,6880,69,0.010029,1.108817,1.044038,1.040201,0.983272,0.137311,0.123836,0.387544,0.371197,0.480378,0.519654,0.528872,0.504418,0.496339,0.458402,0.512947,1.0,abs_dW,0.41601,0.591875,0.000233,0.0,1.0,raw_9C_geometry_root
123,exact_replay,ALL,RM,1696,0,0.0,,,,,,,,,,,,,,,,,nan,,,,,,null_or_insufficient
123,exact_replay,ALL,RR,6656,68,0.010216,1.350376,1.325956,1.123294,0.770799,0.158698,0.117522,0.462486,0.348794,0.3552,0.625741,0.575119,0.44152,0.615605,0.367138,0.438746,1.0,abs_dW,0.378417,0.508442,0.000271,0.0,1.0,raw_9C_geometry_root
123,exact_replay,L,ALL,13455,109,0.008101,1.144508,1.108506,1.062926,0.930275,0.154649,0.135122,0.419914,0.378811,0.448092,0.550022,0.530734,0.505931,0.507445,0.434337,0.508886,1.0,abs_dW,0.449495,0.569335,0.0003,0.0,1.0,raw_9C_geometry_root
123,exact_replay,L,LL,2688,40,0.014881,1.243727,1.129382,0.980974,0.897922,0.184556,0.148389,0.475753,0.421251,0.440153,0.558997,0.505457,0.448584,0.491418,0.378918,0.490568,1.0,abs_dW,0.541156,0.532806,6.7e-05,0.0,1.0,raw_9C_geometry_root
123,exact_replay,L,LM,771,0,0.0,,,,,,,,,,,,,,,,,nan,,,,,,null_or_insufficient
123,exact_replay,L,LR,2625,0,0.0,,,,,,,,,,,,,,,,,nan,,,,,,null_or_insufficient
123,exact_replay,L,ML,756,0,0.0,,,,,,,,,,,,,,,,,nan,,,,,,null_or_insufficient
123,exact_replay,L,MM,219,0,0.0,,,,,,,,,,,,,,,,,nan,,,,,,null_or_insufficient
123,exact_replay,L,MR,684,0,0.0,,,,,,,,,,,,,,,,,nan,,,,,,null_or_insufficient
123,exact_replay,L,RL,2580,69,0.026744,1.026026,1.029843,1.089375,0.979965,0.137311,0.133828,0.387544,0.376313,0.477216,0.515396,0.540105,0.533508,0.514859,0.488021,0.518114,1.0,abs_dW,0.41599,0.589847,0.000233,0.0,1.0,raw_9C_geometry_root
123,exact_replay,L,RM,636,0,0.0,,,,,,,,,,,,,,,,,nan,,,,,,null_or_insufficient
123,exact_replay,L,RR,2496,0,0.0,,,,,,,,,,,,,,,,,nan,,,,,,null_or_insufficient
123,exact_replay,R,ALL,22425,116,0.005173,1.31067,1.201873,1.131072,0.847964,0.155894,0.118942,0.448081,0.372819,0.408047,0.581758,0.569267,0.413087,0.574015,0.376417,0.389321,1.0,abs_dW,0.425398,0.507107,0.0004,0.0,1.0,raw_9C_geometry_root
123,exact_replay,R,LL,4480,0,0.0,,,,,,,,,,,,,,,,,nan,,,,,,null_or_insufficient
123,exact_replay,R,LM,1285,0,0.0,,,,,,,,,,,,,,,,,nan,,,,,,null_or_insufficient
123,exact_replay,R,LR,4375,48,0.010971,1.288044,1.161515,1.231435,0.901849,0.15192,0.117946,0.427675,0.368204,0.440519,0.560064,0.58966,0.416556,0.537401,0.382887,0.334542,1.0,abs_dW,0.41528,0.554448,0.000129,0.0,1.0,raw_9C_geometry_root
123,exact_replay,R,ML,1260,0,0.0,,,,,,,,,,,,,,,,,nan,,,,,,null_or_insufficient
123,exact_replay,R,MM,365,0,0.0,,,,,,,,,,,,,,,,,nan,,,,,,null_or_insufficient
123,exact_replay,R,MR,1140,0,0.0,,,,,,,,,,,,,,,,,nan,,,,,,null_or_insufficient
123,exact_replay,R,RL,4300,0,0.0,,,,,,,,,,,,,,,,,nan,,,,,,null_or_insufficient
123,exact_replay,R,RM,1060,0,0.0,,,,,,,,,,,,,,,,,nan,,,,,,null_or_insufficient
123,exact_replay,R,RR,4160,68,0.016346,1.423976,1.333914,1.122892,0.770818,0.158698,0.111447,0.462486,0.346714,0.355626,0.625579,0.583236,0.423621,0.618926,0.34584,0.435836,1.0,abs_dW,0.387655,0.528536,0.000271,0.0,1.0,raw_9C_geometry_root
999,closed_loop,ALL,ALL,53820,233,0.004329,1.285309,1.141126,1.262749,0.92179,0.134403,0.104568,0.365813,0.320572,0.431128,0.565934,0.566607,0.464322,0.522271,0.36908,0.476976,1.0,abs_dW,0.43414,0.535658,0.0011,0.0,1.0,raw_9C_geometry_root
999,closed_loop,ALL,LL,11172,81,0.00725,1.481306,1.369435,1.037536,0.815796,0.14657,0.098946,0.414211,0.302469,0.335751,0.648394,0.499686,0.424138,0.513109,0.302545,0.351526,1.0,abs_dW,0.451627,0.459195,0.000618,0.0,1.0,raw_9C_geometry_root
999,closed_loop,ALL,LM,3276,9,0.002747,0.695941,0.741992,0.936993,1.231975,0.078112,0.112239,0.253061,0.341056,0.675679,0.373227,0.485937,0.63235,0.327722,0.614529,0.792776,1.0,abs_dW,0.686544,0.635019,3e-06,0.0,1.0,raw_9C_geometry_root
999,closed_loop,ALL,LR,10380,12,0.001156,0.956905,1.029341,0.984026,0.960843,0.099609,0.104095,0.328234,0.318878,0.454001,0.519845,0.564775,0.6995,0.575256,0.483925,0.508697,1.0,abs_dW,0.403726,0.565225,0.000159,0.0,1.0,raw_9C_geometry_root
999,closed_loop,ALL,ML,3540,18,0.005085,0.819243,0.861096,2.012945,1.155301,0.0884,0.107905,0.283011,0.328664,0.628809,0.470645,0.760206,0.614944,0.495504,0.537999,0.666162,1.0,abs_dW,0.572174,0.565913,1.3e-05,0.0,1.0,raw_9C_geometry_root
999,closed_loop,ALL,MM,1008,0,0.0,,,,,,,,,,,,,,,,,nan,,,,,,null_or_insufficient
999,closed_loop,ALL,MR,2892,0,0.0,,,,,,,,,,,,,,,,,nan,,,,,,null_or_insufficient
999,closed_loop,ALL,RL,9816,98,0.009984,1.395511,1.131871,1.239122,0.907573,0.14677,0.105173,0.366888,0.324143,0.414818,0.562827,0.556111,0.393932,0.527334,0.330876,0.54179,1.0,abs_dW,0.408303,0.492903,0.000266,0.0,1.0,raw_9C_geometry_root
999,closed_loop,ALL,RM,3192,8,0.002506,1.064555,1.111591,2.224221,1.066862,0.111965,0.105176,0.359532,0.323439,0.576005,0.564934,0.738968,0.651617,0.418656,0.433888,0.120014,1.0,abs_dW,0.557985,0.642065,3e-06,0.0,1.0,raw_9C_geometry_root
999,closed_loop,ALL,RR,8544,7,0.000819,0.934628,0.694346,1.975976,0.992972,0.096422,0.103166,0.220201,0.317134,0.488495,0.395907,0.782409,0.693469,0.789136,0.494369,0.562409,1.0,abs_dW,0.203079,0.269984,3.9e-05,0.0,1.0,raw_9C_geometry_root
999,closed_loop,L,ALL,44850,213,0.004749,1.295203,1.164796,1.237461,0.913688,0.138203,0.106704,0.37432,0.321361,0.424893,0.575454,0.5569,0.484251,0.512151,0.362469,0.472912,1.0,abs_dW,0.426747,0.539539,0.0009,0.0,1.0,raw_9C_geometry_root
999,closed_loop,L,LL,9310,81,0.0087,1.452305,1.365728,1.024064,0.815314,0.14657,0.100922,0.414211,0.30329,0.33508,0.648323,0.495621,0.464735,0.525216,0.309392,0.352334,1.0,abs_dW,0.451686,0.459722,0.000618,0.0,1.0,raw_9C_geometry_root
999,closed_loop,L,LM,2730,9,0.003297,0.681911,0.73668,0.927996,1.231622,0.078112,0.114549,0.253061,0.343515,0.675609,0.369268,0.48238,0.68737,0.331782,0.61301,0.79599,1.0,abs_dW,0.686543,0.625698,3e-06,0.0,1.0,raw_9C_geometry_root
999,closed_loop,L,LR,8650,0,0.0,,,,,,,,,,,,,,,,,nan,,,,,,null_or_insufficient
999,closed_loop,L,ML,2950,18,0.006102,0.802529,0.857573,1.968892,1.155144,0.0884,0.110152,0.283011,0.330014,0.628202,0.467372,0.754282,0.637733,0.496855,0.540037,0.668599,1.0,abs_dW,0.575895,0.559186,1.3e-05,0.0,1.0,raw_9C_geometry_root
999,closed_loop,L,MM,840,0,0.0,,,,,,,,,,,,,,,,,nan,,,,,,null_or_insufficient
999,closed_loop,L,MR,2410,0,0.0,,,,,,,,,,,,,,,,,nan,,,,,,null_or_insufficient
999,closed_loop,L,RL,8180,98,0.01198,1.367858,1.131943,1.211668,0.907126,0.14677,0.107299,0.366888,0.324123,0.414342,0.563007,0.550657,0.435123,0.520861,0.338336,0.543637,1.0,abs_dW,0.404227,0.493808,0.000266,0.0,1.0,raw_9C_geometry_root
999,closed_loop,L,RM,2660,7,0.002632,1.181352,1.252291,2.486004,1.001566,0.126783,0.107321,0.407474,0.325382,0.526951,0.618384,0.830542,0.644661,0.403317,0.376016,0.068871,1.0,abs_dW,0.562561,0.643537,1e-06,0.0,1.0,raw_9C_geometry_root
999,closed_loop,L,RR,7120,0,0.0,,,,,,,,,,,,,,,,,nan,,,,,,null_or_insufficient
999,closed_loop,R,ALL,8970,20,0.00223,1.000086,0.869165,1.403266,1.006353,0.093925,0.093917,0.275207,0.316634,0.494771,0.46452,0.646028,0.403905,0.646782,0.490246,0.527134,1.0,abs_dW,0.392568,0.479184,0.0002,0.0,1.0,raw_9C_geometry_root
999,closed_loop,R,LL,1862,0,0.0,,,,,,,,,,,,,,,,,nan,,,,,,null_or_insufficient
999,closed_loop,R,LM,546,0,0.0,,,,,,,,,,,,,,,,,nan,,,,,,null_or_insufficient
999,closed_loop,R,LR,1730,12,0.006936,1.06772,1.040305,1.094978,0.962005,0.099609,0.093291,0.328234,0.315517,0.454889,0.529007,0.60681,0.467695,0.589251,0.454016,0.499854,1.0,abs_dW,0.476964,0.584358,0.000159,0.0,1.0,raw_9C_geometry_root
999,closed_loop,R,ML,590,0,0.0,,,,,,,,,,,,,,,,,nan,,,,,,null_or_insufficient
999,closed_loop,R,MM,168,0,0.0,,,,,,,,,,,,,,,,,nan,,,,,,null_or_insufficient
999,closed_loop,R,MR,482,0,0.0,,,,,,,,,,,,,,,,,nan,,,,,,null_or_insufficient
999,closed_loop,R,RL,1636,0,0.0,,,,,,,,,,,,,,,,,nan,,,,,,null_or_insufficient
999,closed_loop,R,RM,532,1,0.00188,,,,,,,,,,,,,,,,,nan,,,,,,null_or_insufficient
999,closed_loop,R,RR,1424,7,0.004916,1.042095,0.697297,2.369662,0.994586,0.096422,0.092527,0.220201,0.315792,0.488356,0.399637,0.828612,0.297913,0.830931,0.478879,0.555096,1.0,abs_dW,0.172598,0.264788,3.9e-05,0.0,1.0,raw_9C_geometry_root
999,divergent_warmup_replay,ALL,ALL,53820,233,0.004329,1.299466,1.175259,1.207812,0.909156,0.14104,0.108537,0.389881,0.33174,0.423725,0.579717,0.576967,0.500448,0.500141,0.363971,0.47697,1.0,abs_dW,0.440249,0.531169,0.0011,0.0,1.0,raw_9C_geometry_root
999,divergent_warmup_replay,ALL,LL,11172,81,0.00725,1.504157,1.324845,1.287418,0.800998,0.153275,0.101901,0.407634,0.307684,0.330853,0.628665,0.604483,0.454287,0.573136,0.297273,0.351528,1.0,abs_dW,0.323572,0.443896,0.000618,0.0,1.0,raw_9C_geometry_root
999,divergent_warmup_replay,ALL,LM,3276,9,0.002747,0.738418,0.645619,1.313215,1.202058,0.085293,0.115507,0.230147,0.356475,0.656906,0.328334,0.673469,0.515049,0.532225,0.595517,0.792776,1.0,abs_dW,0.64056,0.538528,3e-06,0.0,1.0,raw_9C_geometry_root
999,divergent_warmup_replay,ALL,LR,10380,12,0.001156,0.908222,1.041534,0.757587,0.993342,0.098265,0.108195,0.344067,0.330346,0.492429,0.528614,0.473347,0.632121,0.406459,0.511317,0.508689,1.0,abs_dW,0.508284,0.578376,0.000159,0.0,1.0,raw_9C_geometry_root
999,divergent_warmup_replay,ALL,ML,3540,18,0.005085,1.04555,1.175504,1.827521,1.02331,0.116631,0.11155,0.399755,0.340072,0.545555,0.589375,0.649315,0.653685,0.372784,0.437898,0.666036,1.0,abs_dW,0.601513,0.675012,1.3e-05,0.0,1.0,raw_9C_geometry_root
999,divergent_warmup_replay,ALL,MM,1008,0,0.0,,,,,,,,,,,,,,,,,nan,,,,,,null_or_insufficient
999,divergent_warmup_replay,ALL,MR,2892,0,0.0,,,,,,,,,,,,,,,,,nan,,,,,,null_or_insufficient
999,divergent_warmup_replay,ALL,RL,9816,98,0.009984,1.377883,1.194058,1.046581,0.908892,0.150473,0.109206,0.39893,0.334096,0.415425,0.590628,0.531817,0.453729,0.471791,0.338988,0.541796,1.0,abs_dW,0.438589,0.525074,0.000266,0.0,1.0,raw_9C_geometry_root
999,divergent_warmup_replay,ALL,RM,3192,8,0.002506,1.23376,1.136672,1.157867,0.977745,0.134945,0.109377,0.38327,0.337187,0.472283,0.573335,0.637249,0.618915,0.443035,0.362437,0.120014,1.0,abs_dW,0.524175,0.604349,3e-06,0.0,1.0,raw_9C_geometry_root
999,divergent_warmup_replay,ALL,RR,8544,7,0.000819,0.761669,0.97565,1.615019,1.099416,0.082147,0.107851,0.323838,0.33192,0.572249,0.473167,0.650998,0.804414,0.365016,0.573236,0.562359,1.0,abs_dW,0.60314,0.66406,3.9e-05,0.0,1.0,raw_9C_geometry_root
999,divergent_warmup_replay,L,ALL,44850,213,0.004749,1.318479,1.19677,1.218272,0.894959,0.146018,0.110747,0.396422,0.331243,0.412089,0.589192,0.580935,0.531376,0.498818,0.353021,0.472907,1.0,abs_dW,0.421196,0.523634,0.0009,0.0,1.0,raw_9C_geometry_root
999,divergent_warmup_replay,L,LL,9310,81,0.0087,1.474567,1.329962,1.2856,0.800823,0.153275,0.103946,0.407634,0.3065,0.330394,0.630488,0.60434,0.492008,0.572951,0.303734,0.352339,1.0,abs_dW,0.322693,0.446661,0.000618,0.0,1.0,raw_9C_geometry_root
999,divergent_warmup_replay,L,LM,2730,9,0.003297,0.723418,0.646418,1.317625,1.202253,0.085293,0.117902,0.230147,0.356034,0.657316,0.328433,0.676304,0.525215,0.511046,0.594185,0.79599,1.0,abs_dW,0.636734,0.536934,3e-06,0.0,1.0,raw_9C_geometry_root
999,divergent_warmup_replay,L,LR,8650,0,0.0,,,,,,,,,,,,,,,,,nan,,,,,,null_or_insufficient
999,divergent_warmup_replay,L,ML,2950,18,0.006102,1.024503,1.176357,1.829128,1.023401,0.116631,0.113841,0.399755,0.339825,0.544547,0.588847,0.651281,0.672503,0.383356,0.444937,0.668486,1.0,abs_dW,0.599163,0.673114,1.3e-05,0.0,1.0,raw_9C_geometry_root
999,divergent_warmup_replay,L,MM,840,0,0.0,,,,,,,,,,,,,,,,,nan,,,,,,null_or_insufficient
999,divergent_warmup_replay,L,MR,2410,0,0.0,,,,,,,,,,,,,,,,,nan,,,,,,null_or_insufficient
999,divergent_warmup_replay,L,RL,8180,98,0.01198,1.350542,1.198144,1.038383,0.908844,0.150473,0.111417,0.39893,0.332957,0.415405,0.592077,0.529198,0.514612,0.464863,0.345912,0.543641,1.0,abs_dW,0.439353,0.528631,0.000266,0.0,1.0,raw_9C_geometry_root
999,divergent_warmup_replay,L,RM,2660,7,0.002632,1.374279,1.292532,1.280024,0.897346,0.153323,0.111566,0.436771,0.337919,0.408109,0.645253,0.69797,0.627914,0.44618,0.295838,0.068871,1.0,abs_dW,0.516698,0.583727,1e-06,0.0,1.0,raw_9C_geometry_root
999,divergent_warmup_replay,L,RR,7120,0,0.0,,,,,,,,,,,,,,,,,nan,,,,,,null_or_insufficient
999,divergent_warmup_replay,R,ALL,8970,20,0.00223,0.902696,0.958114,1.05285,1.060333,0.088025,0.097513,0.320222,0.334221,0.546369,0.484028,0.525899,0.531782,0.421184,0.541302,0.527117,1.0,abs_dW,0.565061,0.537933,0.0002,0.0,1.0,raw_9C_geometry_root
999,divergent_warmup_replay,R,LL,1862,0,0.0,,,,,,,,,,,,,,,,,nan,,,,,,null_or_insufficient
999,divergent_warmup_replay,R,LM,546,0,0.0,,,,,,,,,,,,,,,,,nan,,,,,,null_or_insufficient
999,divergent_warmup_replay,R,LR,1730,12,0.006936,1.013557,1.027924,0.764889,0.992412,0.098265,0.09695,0.344067,0.33472,0.49287,0.520712,0.486564,0.526921,0.462117,0.489814,0.499854,1.0,abs_dW,0.509249,0.567294,0.000159,0.0,1.0,raw_9C_geometry_root
999,divergent_warmup_replay,R,ML,590,0,0.0,,,,,,,,,,,,,,,,,nan,,,,,,null_or_insufficient
999,divergent_warmup_replay,R,MM,168,0,0.0,,,,,,,,,,,,,,,,,nan,,,,,,null_or_insufficient
999,divergent_warmup_replay,R,MR,482,0,0.0,,,,,,,,,,,,,,,,,nan,,,,,,null_or_insufficient
999,divergent_warmup_replay,R,RL,1636,0,0.0,,,,,,,,,,,,,,,,,nan,,,,,,null_or_insufficient
999,divergent_warmup_replay,R,RM,532,1,0.00188,,,,,,,,,,,,,,,,,nan,,,,,,null_or_insufficient
999,divergent_warmup_replay,R,RR,1424,7,0.004916,0.848735,0.978847,1.77613,1.099121,0.082147,0.096787,0.323838,0.330836,0.570824,0.465571,0.658635,0.600262,0.380583,0.562254,0.555096,1.0,abs_dW,0.585714,0.664849,3.9e-05,0.0,1.0,raw_9C_geometry_root
999,exact_replay,ALL,ALL,53820,233,0.004329,1.285309,1.141126,1.262749,0.92179,0.134403,0.104568,0.365813,0.320572,0.431128,0.565934,0.566607,0.464322,0.522271,0.36908,0.476976,1.0,abs_dW,0.43414,0.535658,0.0011,0.0,1.0,raw_9C_geometry_root
999,exact_replay,ALL,LL,11172,81,0.00725,1.481306,1.369435,1.037536,0.815796,0.14657,0.098946,0.414211,0.302469,0.335751,0.648394,0.499686,0.424138,0.513109,0.302545,0.351526,1.0,abs_dW,0.451627,0.459195,0.000618,0.0,1.0,raw_9C_geometry_root
999,exact_replay,ALL,LM,3276,9,0.002747,0.695941,0.741992,0.936993,1.231975,0.078112,0.112239,0.253061,0.341056,0.675679,0.373227,0.485937,0.63235,0.327722,0.614529,0.792776,1.0,abs_dW,0.686544,0.635019,3e-06,0.0,1.0,raw_9C_geometry_root
999,exact_replay,ALL,LR,10380,12,0.001156,0.956905,1.029341,0.984026,0.960843,0.099609,0.104095,0.328234,0.318878,0.454001,0.519845,0.564775,0.6995,0.575256,0.483925,0.508697,1.0,abs_dW,0.403726,0.565225,0.000159,0.0,1.0,raw_9C_geometry_root
999,exact_replay,ALL,ML,3540,18,0.005085,0.819243,0.861096,2.012945,1.155301,0.0884,0.107905,0.283011,0.328664,0.628809,0.470645,0.760206,0.614944,0.495504,0.537999,0.666162,1.0,abs_dW,0.572174,0.565913,1.3e-05,0.0,1.0,raw_9C_geometry_root
999,exact_replay,ALL,MM,1008,0,0.0,,,,,,,,,,,,,,,,,nan,,,,,,null_or_insufficient
999,exact_replay,ALL,MR,2892,0,0.0,,,,,,,,,,,,,,,,,nan,,,,,,null_or_insufficient
999,exact_replay,ALL,RL,9816,98,0.009984,1.395511,1.131871,1.239122,0.907573,0.14677,0.105173,0.366888,0.324143,0.414818,0.562827,0.556111,0.393932,0.527334,0.330876,0.54179,1.0,abs_dW,0.408303,0.492903,0.000266,0.0,1.0,raw_9C_geometry_root
999,exact_replay,ALL,RM,3192,8,0.002506,1.064555,1.111591,2.224221,1.066862,0.111965,0.105176,0.359532,0.323439,0.576005,0.564934,0.738968,0.651617,0.418656,0.433888,0.120014,1.0,abs_dW,0.557985,0.642065,3e-06,0.0,1.0,raw_9C_geometry_root
999,exact_replay,ALL,RR,8544,7,0.000819,0.934628,0.694346,1.975976,0.992972,0.096422,0.103166,0.220201,0.317134,0.488495,0.395907,0.782409,0.693469,0.789136,0.494369,0.562409,1.0,abs_dW,0.203079,0.269984,3.9e-05,0.0,1.0,raw_9C_geometry_root
999,exact_replay,L,ALL,44850,213,0.004749,1.295203,1.164796,1.237461,0.913688,0.138203,0.106704,0.37432,0.321361,0.424893,0.575454,0.5569,0.484251,0.512151,0.362469,0.472912,1.0,abs_dW,0.426747,0.539539,0.0009,0.0,1.0,raw_9C_geometry_root
999,exact_replay,L,LL,9310,81,0.0087,1.452305,1.365728,1.024064,0.815314,0.14657,0.100922,0.414211,0.30329,0.33508,0.648323,0.495621,0.464735,0.525216,0.309392,0.352334,1.0,abs_dW,0.451686,0.459722,0.000618,0.0,1.0,raw_9C_geometry_root
999,exact_replay,L,LM,2730,9,0.003297,0.681911,0.73668,0.927996,1.231622,0.078112,0.114549,0.253061,0.343515,0.675609,0.369268,0.48238,0.68737,0.331782,0.61301,0.79599,1.0,abs_dW,0.686543,0.625698,3e-06,0.0,1.0,raw_9C_geometry_root
999,exact_replay,L,LR,8650,0,0.0,,,,,,,,,,,,,,,,,nan,,,,,,null_or_insufficient
999,exact_replay,L,ML,2950,18,0.006102,0.802529,0.857573,1.968892,1.155144,0.0884,0.110152,0.283011,0.330014,0.628202,0.467372,0.754282,0.637733,0.496855,0.540037,0.668599,1.0,abs_dW,0.575895,0.559186,1.3e-05,0.0,1.0,raw_9C_geometry_root
999,exact_replay,L,MM,840,0,0.0,,,,,,,,,,,,,,,,,nan,,,,,,null_or_insufficient
999,exact_replay,L,MR,2410,0,0.0,,,,,,,,,,,,,,,,,nan,,,,,,null_or_insufficient
999,exact_replay,L,RL,8180,98,0.01198,1.367858,1.131943,1.211668,0.907126,0.14677,0.107299,0.366888,0.324123,0.414342,0.563007,0.550657,0.435123,0.520861,0.338336,0.543637,1.0,abs_dW,0.404227,0.493808,0.000266,0.0,1.0,raw_9C_geometry_root
999,exact_replay,L,RM,2660,7,0.002632,1.181352,1.252291,2.486004,1.001566,0.126783,0.107321,0.407474,0.325382,0.526951,0.618384,0.830542,0.644661,0.403317,0.376016,0.068871,1.0,abs_dW,0.562561,0.643537,1e-06,0.0,1.0,raw_9C_geometry_root
999,exact_replay,L,RR,7120,0,0.0,,,,,,,,,,,,,,,,,nan,,,,,,null_or_insufficient
999,exact_replay,R,ALL,8970,20,0.00223,1.000086,0.869165,1.403266,1.006353,0.093925,0.093917,0.275207,0.316634,0.494771,0.46452,0.646028,0.403905,0.646782,0.490246,0.527134,1.0,abs_dW,0.392568,0.479184,0.0002,0.0,1.0,raw_9C_geometry_root
999,exact_replay,R,LL,1862,0,0.0,,,,,,,,,,,,,,,,,nan,,,,,,null_or_insufficient
999,exact_replay,R,LM,546,0,0.0,,,,,,,,,,,,,,,,,nan,,,,,,null_or_insufficient
999,exact_replay,R,LR,1730,12,0.006936,1.06772,1.040305,1.094978,0.962005,0.099609,0.093291,0.328234,0.315517,0.454889,0.529007,0.60681,0.467695,0.589251,0.454016,0.499854,1.0,abs_dW,0.476964,0.584358,0.000159,0.0,1.0,raw_9C_geometry_root
999,exact_replay,R,ML,590,0,0.0,,,,,,,,,,,,,,,,,nan,,,,,,null_or_insufficient
999,exact_replay,R,MM,168,0,0.0,,,,,,,,,,,,,,,,,nan,,,,,,null_or_insufficient
999,exact_replay,R,MR,482,0,0.0,,,,,,,,,,,,,,,,,nan,,,,,,null_or_insufficient
999,exact_replay,R,RL,1636,0,0.0,,,,,,,,,,,,,,,,,nan,,,,,,null_or_insufficient
999,exact_replay,R,RM,532,1,0.00188,,,,,,,,,,,,,,,,,nan,,,,,,null_or_insufficient
999,exact_replay,R,RR,1424,7,0.004916,1.042095,0.697297,2.369662,0.994586,0.096422,0.092527,0.220201,0.315792,0.488356,0.399637,0.828612,0.297913,0.830931,0.478879,0.555096,1.0,abs_dW,0.172598,0.264788,3.9e-05,0.0,1.0,raw_9C_geometry_root
