seed,gap,mode,arm,total_events,event_count_L,event_count_R,final_weight_l1,pair_interval,num_pairs_target,completed_pairs,first_L_step,first_R_step,last_L_step,last_R_step,L_to_R_signed_mean,R_to_L_signed_mean,L_to_R_l1,R_to_L_l1,crossing_per_unit_mean,crossing_per_unit_median,crossing_per_unit_min,crossing_per_unit_max,frac_steps_with_crossing,mean_inter_crossing_interval,crossing_balance_lr,crossing_q4_q1_ratio
999,80,OFF,L_then_R,10,5,5,0.044147808618383216,660,5,5,200,280,2840,2920,-0.0007335898054938908,1.6086970191900923e-05,0.04508637943383181,0.043143014416133565,,,,,,,,
999,80,OFF,R_then_L,10,5,5,0.04414628329464476,660,5,5,280,200,2920,2840,-0.0007302150898878965,1.9243515400573025e-05,0.04508506707669355,0.04314006626542125,,,,,,,,
999,80,OFF,simultaneous,10,5,5,0.0441452183744753,660,5,5,200,200,2840,2840,-0.0007301019142682187,1.8681796988083805e-05,0.045084202554189025,0.04313942032433647,,,,,,,,
999,80,OFF,separated_control,10,5,5,0.044147764068530736,660,5,5,200,530,2840,3170,-0.0007326655488263613,1.7105984575369083e-05,0.04508649478432571,0.0431421922538104,,,,,,,,
999,80,activity,L_then_R,10,5,5,0.04414601386865189,660,5,5,200,280,2840,2920,-0.0006796494843342808,6.989699182907718e-05,0.04507199883450955,0.043145210729493254,,,,,,,,
999,80,activity,R_then_L,10,5,5,0.044142945933208035,660,5,5,280,200,2920,2840,-0.0006608683332593621,8.267280108221755e-05,0.04507099879682676,0.04314795500169224,,,,,,,,
999,80,activity,simultaneous,10,5,5,0.044144360379642554,660,5,5,200,200,2840,2840,-0.0006602628702833953,8.042519244745607e-05,0.04508160397544101,0.04314602309881794,,,,,,,,
999,80,activity,separated_control,10,5,5,0.04414708436889886,660,5,5,200,530,2840,3170,-0.0006841422033717593,6.581375611112671e-05,0.04507561424658486,0.04316140659349451,,,,,,,,
999,80,onset,L_then_R,10,5,5,0.0441488402405457,660,5,5,200,280,2840,2920,-0.0007342058143652213,1.5366826504813196e-05,0.04508754223677123,0.04314466919909072,,,,,,,,
999,80,onset,R_then_L,10,5,5,0.04414778983485271,660,5,5,280,200,2920,2840,-0.0007312377907281488,1.9272530417024435e-05,0.04508731155855248,0.04314196305972742,,,,,,,,
999,80,onset,simultaneous,10,5,5,0.04414477710777162,660,5,5,200,200,2840,2840,-0.0007300162209835857,1.9193175833609358e-05,0.045084856870433156,0.043138588180605154,,,,,,,,
999,80,onset,separated_control,10,5,5,0.04414688722418038,660,5,5,200,530,2840,3170,-0.0007324927543365637,1.748386855002206e-05,0.045085612042829334,0.04314167002255186,,,,,,,,
999,80,threshold_crossing,L_then_R,10,5,5,0.044139397628862424,660,5,5,200,280,2840,2920,-0.0007289602062222154,1.768464087447779e-05,0.045077160325283104,0.043134800046568535,3.1433333333333335,1.0,0,17,0.20351351351351352,1177.0943796394486,0.15867158671586715,0.8871595330739299
999,80,threshold_crossing,R_then_L,10,5,5,0.04413629101744237,660,5,5,280,200,2920,2840,-0.0007292278023448142,2.263556190378878e-05,0.0450756594651369,0.04313000233190989,3.3933333333333335,2.0,0,16,0.2164864864864865,1090.3732809430255,0.14709236031927023,0.8204225352112675
999,80,threshold_crossing,simultaneous,10,5,5,0.04413514824000226,660,5,5,200,200,2840,2840,-0.0007292905643304408,2.0904057047169426e-05,0.04507500661616392,0.04313061778700492,3.2133333333333334,2.0,0,18,0.20702702702702702,1151.4522821576763,0.09245742092457421,0.872093023255814
999,80,threshold_crossing,separated_control,10,5,5,0.04413860635648556,660,5,5,200,530,2840,3170,-0.0007319365047451912,1.9029135878226158e-05,0.0450765539356613,0.04313373203384645,3.1,2.0,0,16,0.2,1193.5483870967741,0.18282208588957055,0.9190283400809717
999,500,OFF,L_then_R,10,5,5,0.06746005236377745,1080,5,5,200,700,4520,5020,-0.001125064145653768,2.4243734370538702e-05,0.06889368419636813,0.06592265804227895,,,,,,,,
999,500,OFF,R_then_L,10,5,5,0.06745719808146639,1080,5,5,700,200,5020,4520,-0.0011223038311843662,2.5032764179451397e-05,0.0688895361277597,0.06592095006600975,,,,,,,,
999,500,OFF,simultaneous,10,5,5,0.06745605833438703,1080,5,5,200,200,4520,4520,-0.001121837536247134,2.5471522400484267e-05,0.06889031455308016,0.06591726401175992,,,,,,,,
999,500,OFF,separated_control,10,5,5,0.06745847335600925,1080,5,5,200,740,4520,5060,-0.0011213473188552887,2.4021351747469363e-05,0.06889059966309521,0.06592071543668615,,,,,,,,
999,500,activity,L_then_R,10,5,5,0.06745848649069267,1080,5,5,200,700,4520,5020,-0.0010388453349102786,0.00010001057333059695,0.06888496522245312,0.06592955679246527,,,,,,,,
999,500,activity,R_then_L,10,5,5,0.06746221989856539,1080,5,5,700,200,5020,4520,-0.0010370126468181226,9.776779912518238e-05,0.06889702908761801,0.06591834762791274,,,,,,,,
999,500,activity,simultaneous,10,5,5,0.06745368010225417,1080,5,5,200,200,4520,4520,-0.0010310506873279376,0.00011690938356963396,0.06890097696343711,0.0659042988226447,,,,,,,,
999,500,activity,separated_control,10,5,5,0.06746192472734101,1080,5,5,200,740,4520,5060,-0.0010539250028923587,8.99606623455923e-05,0.06888119075716966,0.06594280236115328,,,,,,,,
999,500,onset,L_then_R,10,5,5,0.06745980754070455,1080,5,5,200,700,4520,5020,-0.0011250403527838814,2.5268622958174503e-05,0.06889324554276396,0.06592292669492475,,,,,,,,
999,500,onset,R_then_L,10,5,5,0.06745668895029161,1080,5,5,700,200,5020,4520,-0.0011227741943869727,2.4521335236327946e-05,0.06888794262336805,0.06592147545133122,,,,,,,,
999,500,onset,simultaneous,10,5,5,0.06745863153260913,1080,5,5,200,200,4520,4520,-0.001123712200799684,2.5560385534920336e-05,0.06889335311986391,0.0659218875850225,,,,,,,,
999,500,onset,separated_control,10,5,5,0.06745762435524509,1080,5,5,200,740,4520,5060,-0.0011242918124832531,2.4872916450242658e-05,0.06889135731743472,0.06591881956224854,,,,,,,,
999,500,threshold_crossing,L_then_R,10,5,5,0.0674480308292582,1080,5,5,200,700,4520,5020,-0.0011196675785353665,2.6116329108469994e-05,0.06887955075022996,0.0659118799723765,4.613333333333333,2.0,0,22,0.19827586206896552,1257.2254335260116,0.12593828190158465,0.9173553719008265
999,500,threshold_crossing,R_then_L,10,5,5,0.06743968621064825,1080,5,5,700,200,5020,4520,-0.001118062976490972,2.986120524870673e-05,0.06887260532517792,0.06590130069328007,5.406666666666666,3.0,0,21,0.23482758620689656,1072.7496917385945,0.12724658519051044,0.8597701149425288
999,500,threshold_crossing,simultaneous,10,5,5,0.06744477868636928,1080,5,5,200,200,4520,4520,-0.0011211788921970738,2.9211752064078008e-05,0.06888053469089873,0.06590798404346128,4.816666666666666,3.0,0,22,0.20293103448275862,1204.152249134948,0.12479740680713128,0.8602941176470588
999,500,threshold_crossing,separated_control,10,5,5,0.0674429793442907,1080,5,5,200,740,4520,5060,-0.0011197647509656806,2.716162959298676e-05,0.06887605883609073,0.06590558745495065,4.953333333333333,3.0,0,21,0.21293103448275863,1170.92866756393,0.13555383423702555,0.8430379746835444
999,1000,OFF,L_then_R,10,5,5,0.09366321739044722,1580,5,5,200,1200,6520,7520,-0.0015617786576693437,3.080662055563503e-05,0.0956519683761219,0.0915309235813226,,,,,,,,
999,1000,OFF,R_then_L,10,5,5,0.09366027075407309,1580,5,5,1200,200,7520,6520,-0.0015598323481078268,3.379779822076391e-05,0.09564820849457935,0.0915245410742373,,,,,,,,
999,1000,OFF,simultaneous,10,5,5,0.09366194914242612,1580,5,5,200,200,6520,6520,-0.0015628947176315091,3.1030376391186433e-05,0.09565253425285972,0.09152821882412542,,,,,,,,
999,1000,OFF,separated_control,10,5,5,0.09366549277151472,1580,5,5,200,990,6520,7310,-0.0015629476774283889,3.069055820441656e-05,0.0956541398494457,0.09153058281640182,,,,,,,,
999,1000,activity,L_then_R,10,5,5,0.09366881172219675,1580,5,5,200,1200,6520,7520,-0.0014601195153167556,0.00012792862666705652,0.09564874055425364,0.09154345833065441,,,,,,,,
999,1000,activity,R_then_L,10,5,5,0.09366063174638584,1580,5,5,1200,200,7520,6520,-0.0014407004206491965,0.00014313873479591537,0.09564246682109237,0.09153636843871303,,,,,,,,
999,1000,activity,simultaneous,10,5,5,0.09366349797137745,1580,5,5,200,200,6520,6520,-0.0014422697918825232,0.00015201136969400942,0.09565189921261816,0.09153094801213577,,,,,,,,
999,1000,activity,separated_control,10,5,5,0.09366376449248752,1580,5,5,200,990,6520,7310,-0.0014689721843755517,0.0001252352529174689,0.09564239070729295,0.09153516544960369,,,,,,,,
999,1000,onset,L_then_R,10,5,5,0.09366608146726317,1580,5,5,200,1200,6520,7520,-0.0015663972143244304,2.9953445674740774e-05,0.09565666158167128,0.091533102119697,,,,,,,,
999,1000,onset,R_then_L,10,5,5,0.09366157657257938,1580,5,5,1200,200,7520,6520,-0.0015609271090491273,3.15756352879899e-05,0.09564976601561817,0.0915276313642743,,,,,,,,
999,1000,onset,simultaneous,10,5,5,0.09366248554478429,1580,5,5,200,200,6520,6520,-0.0015605643009750398,3.193237891706799e-05,0.09565204426696916,0.09152560729594046,,,,,,,,
999,1000,onset,separated_control,10,5,5,0.09366366761712103,1580,5,5,200,990,6520,7310,-0.00156325991319939,3.2569112065862516e-05,0.09565188786899873,0.0915290710567726,,,,,,,,
999,1000,threshold_crossing,L_then_R,10,5,5,0.09364683669851591,1580,5,5,200,1200,6520,7520,-0.0015576744973700418,3.456775875549895e-05,0.09563578832749291,0.0915106802244933,6.586666666666667,3.5,0,32,0.202289156626506,1260.1214574898786,0.17963721474546518,0.899047619047619
999,1000,threshold_crossing,R_then_L,10,5,5,0.09364022837381017,1580,5,5,1200,200,7520,6520,-0.00155358027367139,3.780100087217387e-05,0.09562757890027665,0.09150593888073548,7.5,5.0,0,29,0.22819277108433736,1106.6666666666667,0.16216216216216217,0.8507223113964687
999,1000,threshold_crossing,simultaneous,10,5,5,0.09364604296486767,1580,5,5,200,200,6520,6520,-0.001558966140693555,3.635387033166544e-05,0.09563556764661227,0.0915121168679307,6.71,4.0,0,33,0.20397590361445783,1236.9597615499256,0.1582608695652174,0.9426987060998152
999,1000,threshold_crossing,separated_control,10,5,5,0.09365016182995578,1580,5,5,200,990,6520,7310,-0.0015581731604196796,3.207548740196413e-05,0.0956383861976145,0.09151812400965852,6.176666666666667,3.0,0,30,0.19012048192771083,1343.7668645439828,0.1330418488444722,0.8840864440078585
999,1500,OFF,L_then_R,10,5,5,0.11828286243433431,2080,5,5,200,1700,8520,10020,-0.0019765337878007642,3.62908894899223e-05,0.12079192243356689,0.11558784942700821,,,,,,,,
999,1500,OFF,R_then_L,10,5,5,0.11828030026349537,2080,5,5,1700,200,10020,8520,-0.0019748043364076844,3.967052294303355e-05,0.12079018075953714,0.11558425209658424,,,,,,,,
999,1500,OFF,simultaneous,10,5,5,0.11828065865152933,2080,5,5,200,200,8520,8520,-0.001977599186523222,3.78761728473721e-05,0.12079347646628169,0.11558600069009822,,,,,,,,
999,1500,OFF,separated_control,10,5,5,0.11828399782944048,2080,5,5,200,1240,8520,9560,-0.0019777869347545754,3.6709612487101134e-05,0.12079521362364454,0.11558917058891997,,,,,,,,
999,1500,activity,L_then_R,10,5,5,0.11828666101269246,2080,5,5,200,1700,8520,10020,-0.0018524145692980117,0.00016197741845375323,0.12078147389816382,0.11559942414124864,,,,,,,,
999,1500,activity,R_then_L,10,5,5,0.11827809913898862,2080,5,5,1700,200,10020,8520,-0.0018276372895574015,0.00018394570417470368,0.12078803837302511,0.1155781325192962,,,,,,,,
999,1500,activity,simultaneous,10,5,5,0.1182839151537445,2080,5,5,200,200,8520,8520,-0.0018397553532964624,0.00015904330082762346,0.12079418808080886,0.1155849766756314,,,,,,,,
999,1500,activity,separated_control,10,5,5,0.1182795726408056,2080,5,5,200,1240,8520,9560,-0.0018529565722761178,0.0001584355284375698,0.12077987945988547,0.11560810699935987,,,,,,,,
999,1500,onset,L_then_R,10,5,5,0.11828301690734186,2080,5,5,200,1700,8520,10020,-0.0019765969127349156,3.704465901960288e-05,0.12079136839356906,0.1155865593514716,,,,,,,,
999,1500,onset,R_then_L,10,5,5,0.11828209433075615,2080,5,5,1700,200,10020,8520,-0.001976380397435689,3.555265109511814e-05,0.12079210243366205,0.11558860899799288,,,,,,,,
999,1500,onset,simultaneous,10,5,5,0.11828313277520498,2080,5,5,200,200,8520,8520,-0.001976251679404148,3.741065817430806e-05,0.12079270268975703,0.11558720119795775,,,,,,,,
999,1500,onset,separated_control,10,5,5,0.1182823279140066,2080,5,5,200,1240,8520,9560,-0.001979311817915761,3.6726127841820904e-05,0.12079350547626912,0.11558636288032197,,,,,,,,
999,1500,threshold_crossing,L_then_R,10,5,5,0.11826344846286439,2080,5,5,200,1700,8520,10020,-0.0019708357234060887,3.918254342454525e-05,0.1207746223776699,0.11556641236825493,8.89,5.0,0,37,0.21101851851851852,1214.8481439820023,0.1566265060240964,0.8608458390177354
999,1500,threshold_crossing,R_then_L,10,5,5,0.1182634392236583,2080,5,5,1700,200,10020,8520,-0.001972370478117396,4.178846184965206e-05,0.12077370293445625,0.11556910192217712,8.55,5.0,0,32,0.20277777777777778,1263.157894736842,0.14389799635701275,0.8472222222222222
999,1500,threshold_crossing,simultaneous,10,5,5,0.11826187728676615,2080,5,5,200,200,8520,8520,-0.001972532414036955,4.1703321833490146e-05,0.12076974245048891,0.1155671882068545,9.226666666666667,5.0,0,40,0.21796296296296297,1170.5202312138729,0.18185636287274254,0.9312668463611861
999,1500,threshold_crossing,separated_control,10,5,5,0.11826389159679727,2080,5,5,200,1240,8520,9560,-0.0019718005038703015,3.962393028489439e-05,0.12077387988419845,0.11556883712340832,8.783333333333333,4.0,0,43,0.20824074074074075,1229.6015180265654,0.14921465968586387,0.8804945054945055
