seed,arm,event_type,subgraph,n_connections,dW_support_rate,tag_support_rate,phi_proxy_positive_rate,phi_proxy_dW_match_rate,phi_proxy_false_positive_rate,phi_proxy_false_negative_rate,tag_dW_match_rate,dW_l1,tag_delta_l1,mean_phi_dW_supported,mean_phi_dW_unsupported,mean_h_dW_supported,mean_h_dW_unsupported,h_support_ratio,phi_support_ratio,corr_h_dW_support,corr_phi_dW_support,support_geometry_verdict
42,closed_loop,ALL,ALL,53820,0.004143,0.004143,1.0,0.004143,0.995857,0.0,1.0,0.0011,0.0011,0.312293,0.360335,0.121626,0.128135,0.949199,0.866674,-0.00447,-0.012354,proxy_phi_support_insufficient
42,closed_loop,ALL,LL,11808,0.002541,0.002541,1.0,0.002541,0.997459,0.0,1.0,0.000162,0.000162,0.475897,0.366962,0.163946,0.130853,1.252908,1.296857,0.017924,0.022156,proxy_phi_support_insufficient
42,closed_loop,ALL,LM,1824,0.0,0.0,1.0,0.0,1.0,0.0,1.0,0.0,0.0,nan,0.354704,nan,0.126821,nan,nan,nan,nan,proxy_phi_support_insufficient
42,closed_loop,ALL,LR,11352,0.006871,0.006871,1.0,0.006871,0.993129,0.0,1.0,0.000283,0.000283,0.376281,0.37393,0.150021,0.132804,1.129644,1.006287,0.014564,0.000746,proxy_phi_support_insufficient
42,closed_loop,ALL,ML,2100,0.0,0.0,1.0,0.0,1.0,0.0,1.0,0.0,0.0,nan,0.37631,nan,0.134232,nan,nan,nan,nan,proxy_phi_support_insufficient
42,closed_loop,ALL,MM,228,0.0,0.0,1.0,0.0,1.0,0.0,1.0,0.0,0.0,nan,0.325467,nan,0.116113,nan,nan,nan,nan,proxy_phi_support_insufficient
42,closed_loop,ALL,MR,2064,0.0,0.0,1.0,0.0,1.0,0.0,1.0,0.0,0.0,nan,0.343935,nan,0.122334,nan,nan,nan,nan,proxy_phi_support_insufficient
42,closed_loop,ALL,RL,11256,0.003109,0.003109,1.0,0.003109,0.996891,0.0,1.0,0.000338,0.000338,0.17437,0.366455,0.063485,0.130456,0.486641,0.47583,-0.0401,-0.043191,proxy_phi_support_insufficient
42,closed_loop,ALL,RM,1656,0.0,0.0,1.0,0.0,1.0,0.0,1.0,0.0,0.0,nan,0.373185,nan,0.132473,nan,nan,nan,nan,proxy_phi_support_insufficient
42,closed_loop,ALL,RR,11532,0.006937,0.006937,1.0,0.006937,0.993063,0.0,1.0,0.000317,0.000317,0.248895,0.3339,0.103506,0.118218,0.875553,0.745419,-0.013626,-0.029161,proxy_phi_support_insufficient
42,closed_loop,L,ALL,26910,0.002415,0.002415,1.0,0.002415,0.997585,0.0,1.0,0.0005,0.0005,0.313537,0.359408,0.109852,0.117544,0.934561,0.872369,-0.004288,-0.008976,proxy_phi_support_insufficient
42,closed_loop,L,LL,5904,0.005081,0.005081,1.0,0.005081,0.994919,0.0,1.0,0.000162,0.000162,0.475897,0.3636,0.163946,0.119891,1.367459,1.308849,0.035769,0.03216,proxy_phi_support_insufficient
42,closed_loop,L,LM,912,0.0,0.0,1.0,0.0,1.0,0.0,1.0,0.0,0.0,nan,0.35819,nan,0.116334,nan,nan,nan,nan,proxy_phi_support_insufficient
42,closed_loop,L,LR,5676,0.0,0.0,1.0,0.0,1.0,0.0,1.0,0.0,0.0,nan,0.372936,nan,0.121945,nan,nan,nan,nan,proxy_phi_support_insufficient
42,closed_loop,L,ML,1050,0.0,0.0,1.0,0.0,1.0,0.0,1.0,0.0,0.0,nan,0.379313,nan,0.12308,nan,nan,nan,nan,proxy_phi_support_insufficient
42,closed_loop,L,MM,114,0.0,0.0,1.0,0.0,1.0,0.0,1.0,0.0,0.0,nan,0.330778,nan,0.106686,nan,nan,nan,nan,proxy_phi_support_insufficient
42,closed_loop,L,MR,1032,0.0,0.0,1.0,0.0,1.0,0.0,1.0,0.0,0.0,nan,0.347687,nan,0.112296,nan,nan,nan,nan,proxy_phi_support_insufficient
42,closed_loop,L,RL,5628,0.006219,0.006219,1.0,0.006219,0.993781,0.0,1.0,0.000338,0.000338,0.17437,0.365814,0.063485,0.119823,0.529825,0.476664,-0.050539,-0.060517,proxy_phi_support_insufficient
42,closed_loop,L,RM,828,0.0,0.0,1.0,0.0,1.0,0.0,1.0,0.0,0.0,nan,0.376283,nan,0.121456,nan,nan,nan,nan,proxy_phi_support_insufficient
42,closed_loop,L,RR,5766,0.0,0.0,1.0,0.0,1.0,0.0,1.0,0.0,0.0,nan,0.332418,nan,0.108385,nan,nan,nan,nan,proxy_phi_support_insufficient
42,closed_loop,R,ALL,26910,0.005871,0.005871,1.0,0.005871,0.994129,0.0,1.0,0.0006,0.0006,0.311782,0.361266,0.126469,0.138763,0.911406,0.863027,-0.009626,-0.0152,proxy_phi_support_insufficient
42,closed_loop,R,LL,5904,0.0,0.0,1.0,0.0,1.0,0.0,1.0,0.0,0.0,nan,0.370307,nan,0.141758,nan,nan,nan,nan,proxy_phi_support_insufficient
42,closed_loop,R,LM,912,0.0,0.0,1.0,0.0,1.0,0.0,1.0,0.0,0.0,nan,0.351218,nan,0.137308,nan,nan,nan,nan,proxy_phi_support_insufficient
42,closed_loop,R,LR,5676,0.013742,0.013742,1.0,0.013742,0.986258,0.0,1.0,0.000283,0.000283,0.376281,0.374939,0.150021,0.143815,1.043158,1.00358,0.007091,0.000604,proxy_phi_support_insufficient
42,closed_loop,R,ML,1050,0.0,0.0,1.0,0.0,1.0,0.0,1.0,0.0,0.0,nan,0.373306,nan,0.145383,nan,nan,nan,nan,proxy_phi_support_insufficient
42,closed_loop,R,MM,114,0.0,0.0,1.0,0.0,1.0,0.0,1.0,0.0,0.0,nan,0.320155,nan,0.125539,nan,nan,nan,nan,proxy_phi_support_insufficient
42,closed_loop,R,MR,1032,0.0,0.0,1.0,0.0,1.0,0.0,1.0,0.0,0.0,nan,0.340183,nan,0.132372,nan,nan,nan,nan,proxy_phi_support_insufficient
42,closed_loop,R,RL,5628,0.0,0.0,1.0,0.0,1.0,0.0,1.0,0.0,0.0,nan,0.367092,nan,0.141023,nan,nan,nan,nan,proxy_phi_support_insufficient
42,closed_loop,R,RM,828,0.0,0.0,1.0,0.0,1.0,0.0,1.0,0.0,0.0,nan,0.370087,nan,0.143491,nan,nan,nan,nan,proxy_phi_support_insufficient
42,closed_loop,R,RR,5766,0.013874,0.013874,1.0,0.013874,0.986126,0.0,1.0,0.000317,0.000317,0.248895,0.335402,0.103506,0.128189,0.80745,0.742079,-0.030824,-0.041876,proxy_phi_support_insufficient
42,divergent_warmup_replay,ALL,ALL,53820,0.004143,0.004143,1.0,0.004143,0.995857,0.0,1.0,0.0011,0.0011,0.316816,0.361931,0.106788,0.10919,0.978006,0.875349,-0.001908,-0.011693,proxy_phi_support_insufficient
42,divergent_warmup_replay,ALL,LL,11808,0.002541,0.002541,1.0,0.002541,0.997459,0.0,1.0,0.000162,0.000162,0.46343,0.37193,0.138383,0.11116,1.244905,1.246016,0.017017,0.018827,proxy_phi_support_insufficient
42,divergent_warmup_replay,ALL,LM,1824,0.0,0.0,1.0,0.0,1.0,0.0,1.0,0.0,0.0,nan,0.360615,nan,0.108586,nan,nan,nan,nan,proxy_phi_support_insufficient
42,divergent_warmup_replay,ALL,LR,11352,0.006871,0.006871,1.0,0.006871,0.993129,0.0,1.0,0.000283,0.000283,0.390124,0.375121,0.131428,0.112995,1.163131,1.039997,0.018053,0.00481,proxy_phi_support_insufficient
42,divergent_warmup_replay,ALL,ML,2100,0.0,0.0,1.0,0.0,1.0,0.0,1.0,0.0,0.0,nan,0.380065,nan,0.114155,nan,nan,nan,nan,proxy_phi_support_insufficient
42,divergent_warmup_replay,ALL,MM,228,0.0,0.0,1.0,0.0,1.0,0.0,1.0,0.0,0.0,nan,0.340614,nan,0.102325,nan,nan,nan,nan,proxy_phi_support_insufficient
42,divergent_warmup_replay,ALL,MR,2064,0.0,0.0,1.0,0.0,1.0,0.0,1.0,0.0,0.0,nan,0.347483,nan,0.1059,nan,nan,nan,nan,proxy_phi_support_insufficient
42,divergent_warmup_replay,ALL,RL,11256,0.003109,0.003109,1.0,0.003109,0.996891,0.0,1.0,0.000338,0.000338,0.184996,0.368301,0.058287,0.110977,0.525216,0.502296,-0.036369,-0.041502,proxy_phi_support_insufficient
42,divergent_warmup_replay,ALL,RM,1656,0.0,0.0,1.0,0.0,1.0,0.0,1.0,0.0,0.0,nan,0.372283,nan,0.113032,nan,nan,nan,nan,proxy_phi_support_insufficient
42,divergent_warmup_replay,ALL,RR,11532,0.006937,0.006937,1.0,0.006937,0.993063,0.0,1.0,0.000317,0.000317,0.24803,0.330837,0.092136,0.101027,0.911993,0.749706,-0.00958,-0.028504,proxy_phi_support_insufficient
42,divergent_warmup_replay,L,ALL,26910,0.002415,0.002415,1.0,0.002415,0.997585,0.0,1.0,0.0005,0.0005,0.313504,0.359059,0.095254,0.097637,0.975591,0.873126,-0.001542,-0.008999,proxy_phi_support_insufficient
42,divergent_warmup_replay,L,LL,5904,0.005081,0.005081,1.0,0.005081,0.994919,0.0,1.0,0.000162,0.000162,0.46343,0.366826,0.138383,0.099207,1.394887,1.263351,0.036801,0.028079,proxy_phi_support_insufficient
42,divergent_warmup_replay,L,LM,912,0.0,0.0,1.0,0.0,1.0,0.0,1.0,0.0,0.0,nan,0.361885,nan,0.097085,nan,nan,nan,nan,proxy_phi_support_insufficient
42,divergent_warmup_replay,L,LR,5676,0.0,0.0,1.0,0.0,1.0,0.0,1.0,0.0,0.0,nan,0.371366,nan,0.1011,nan,nan,nan,nan,proxy_phi_support_insufficient
42,divergent_warmup_replay,L,ML,1050,0.0,0.0,1.0,0.0,1.0,0.0,1.0,0.0,0.0,nan,0.381076,nan,0.102067,nan,nan,nan,nan,proxy_phi_support_insufficient
42,divergent_warmup_replay,L,MM,114,0.0,0.0,1.0,0.0,1.0,0.0,1.0,0.0,0.0,nan,0.3461,nan,0.091798,nan,nan,nan,nan,proxy_phi_support_insufficient
42,divergent_warmup_replay,L,MR,1032,0.0,0.0,1.0,0.0,1.0,0.0,1.0,0.0,0.0,nan,0.349726,nan,0.094752,nan,nan,nan,nan,proxy_phi_support_insufficient
42,divergent_warmup_replay,L,RL,5628,0.006219,0.006219,1.0,0.006219,0.993781,0.0,1.0,0.000338,0.000338,0.184996,0.366036,0.058287,0.099293,0.587016,0.505403,-0.042541,-0.057552,proxy_phi_support_insufficient
42,divergent_warmup_replay,L,RM,828,0.0,0.0,1.0,0.0,1.0,0.0,1.0,0.0,0.0,nan,0.375697,nan,0.101171,nan,nan,nan,nan,proxy_phi_support_insufficient
42,divergent_warmup_replay,L,RR,5766,0.0,0.0,1.0,0.0,1.0,0.0,1.0,0.0,0.0,nan,0.327346,nan,0.090428,nan,nan,nan,nan,proxy_phi_support_insufficient
42,divergent_warmup_replay,R,ALL,26910,0.005871,0.005871,1.0,0.005871,0.994129,0.0,1.0,0.0006,0.0006,0.318178,0.364812,0.111533,0.120782,0.923424,0.872169,-0.008412,-0.014414,proxy_phi_support_insufficient
42,divergent_warmup_replay,R,LL,5904,0.0,0.0,1.0,0.0,1.0,0.0,1.0,0.0,0.0,nan,0.377007,nan,0.123051,nan,nan,nan,nan,proxy_phi_support_insufficient
42,divergent_warmup_replay,R,LM,912,0.0,0.0,1.0,0.0,1.0,0.0,1.0,0.0,0.0,nan,0.359346,nan,0.120087,nan,nan,nan,nan,proxy_phi_support_insufficient
42,divergent_warmup_replay,R,LR,5676,0.013742,0.013742,1.0,0.013742,0.986258,0.0,1.0,0.000283,0.000283,0.390124,0.378928,0.131428,0.125056,1.050958,1.029547,0.008465,0.005081,proxy_phi_support_insufficient
42,divergent_warmup_replay,R,ML,1050,0.0,0.0,1.0,0.0,1.0,0.0,1.0,0.0,0.0,nan,0.379054,nan,0.126242,nan,nan,nan,nan,proxy_phi_support_insufficient
42,divergent_warmup_replay,R,MM,114,0.0,0.0,1.0,0.0,1.0,0.0,1.0,0.0,0.0,nan,0.335128,nan,0.112852,nan,nan,nan,nan,proxy_phi_support_insufficient
42,divergent_warmup_replay,R,MR,1032,0.0,0.0,1.0,0.0,1.0,0.0,1.0,0.0,0.0,nan,0.34524,nan,0.117047,nan,nan,nan,nan,proxy_phi_support_insufficient
42,divergent_warmup_replay,R,RL,5628,0.0,0.0,1.0,0.0,1.0,0.0,1.0,0.0,0.0,nan,0.370551,nan,0.122588,nan,nan,nan,nan,proxy_phi_support_insufficient
42,divergent_warmup_replay,R,RM,828,0.0,0.0,1.0,0.0,1.0,0.0,1.0,0.0,0.0,nan,0.36887,nan,0.124893,nan,nan,nan,nan,proxy_phi_support_insufficient
42,divergent_warmup_replay,R,RR,5766,0.013874,0.013874,1.0,0.013874,0.986126,0.0,1.0,0.000317,0.000317,0.24803,0.334376,0.092136,0.111774,0.8243,0.74177,-0.028608,-0.041987,proxy_phi_support_insufficient
42,exact_replay,ALL,ALL,53820,0.004143,0.004143,1.0,0.004143,0.995857,0.0,1.0,0.0011,0.0011,0.312293,0.360335,0.121626,0.128135,0.949199,0.866674,-0.00447,-0.012354,proxy_phi_support_insufficient
42,exact_replay,ALL,LL,11808,0.002541,0.002541,1.0,0.002541,0.997459,0.0,1.0,0.000162,0.000162,0.475897,0.366962,0.163946,0.130853,1.252908,1.296857,0.017924,0.022156,proxy_phi_support_insufficient
42,exact_replay,ALL,LM,1824,0.0,0.0,1.0,0.0,1.0,0.0,1.0,0.0,0.0,nan,0.354704,nan,0.126821,nan,nan,nan,nan,proxy_phi_support_insufficient
42,exact_replay,ALL,LR,11352,0.006871,0.006871,1.0,0.006871,0.993129,0.0,1.0,0.000283,0.000283,0.376281,0.37393,0.150021,0.132804,1.129644,1.006287,0.014564,0.000746,proxy_phi_support_insufficient
42,exact_replay,ALL,ML,2100,0.0,0.0,1.0,0.0,1.0,0.0,1.0,0.0,0.0,nan,0.37631,nan,0.134232,nan,nan,nan,nan,proxy_phi_support_insufficient
42,exact_replay,ALL,MM,228,0.0,0.0,1.0,0.0,1.0,0.0,1.0,0.0,0.0,nan,0.325467,nan,0.116113,nan,nan,nan,nan,proxy_phi_support_insufficient
42,exact_replay,ALL,MR,2064,0.0,0.0,1.0,0.0,1.0,0.0,1.0,0.0,0.0,nan,0.343935,nan,0.122334,nan,nan,nan,nan,proxy_phi_support_insufficient
42,exact_replay,ALL,RL,11256,0.003109,0.003109,1.0,0.003109,0.996891,0.0,1.0,0.000338,0.000338,0.17437,0.366455,0.063485,0.130456,0.486641,0.47583,-0.0401,-0.043191,proxy_phi_support_insufficient
42,exact_replay,ALL,RM,1656,0.0,0.0,1.0,0.0,1.0,0.0,1.0,0.0,0.0,nan,0.373185,nan,0.132473,nan,nan,nan,nan,proxy_phi_support_insufficient
42,exact_replay,ALL,RR,11532,0.006937,0.006937,1.0,0.006937,0.993063,0.0,1.0,0.000317,0.000317,0.248895,0.3339,0.103506,0.118218,0.875553,0.745419,-0.013626,-0.029161,proxy_phi_support_insufficient
42,exact_replay,L,ALL,26910,0.002415,0.002415,1.0,0.002415,0.997585,0.0,1.0,0.0005,0.0005,0.313537,0.359408,0.109852,0.117544,0.934561,0.872369,-0.004288,-0.008976,proxy_phi_support_insufficient
42,exact_replay,L,LL,5904,0.005081,0.005081,1.0,0.005081,0.994919,0.0,1.0,0.000162,0.000162,0.475897,0.3636,0.163946,0.119891,1.367459,1.308849,0.035769,0.03216,proxy_phi_support_insufficient
42,exact_replay,L,LM,912,0.0,0.0,1.0,0.0,1.0,0.0,1.0,0.0,0.0,nan,0.35819,nan,0.116334,nan,nan,nan,nan,proxy_phi_support_insufficient
42,exact_replay,L,LR,5676,0.0,0.0,1.0,0.0,1.0,0.0,1.0,0.0,0.0,nan,0.372936,nan,0.121945,nan,nan,nan,nan,proxy_phi_support_insufficient
42,exact_replay,L,ML,1050,0.0,0.0,1.0,0.0,1.0,0.0,1.0,0.0,0.0,nan,0.379313,nan,0.12308,nan,nan,nan,nan,proxy_phi_support_insufficient
42,exact_replay,L,MM,114,0.0,0.0,1.0,0.0,1.0,0.0,1.0,0.0,0.0,nan,0.330778,nan,0.106686,nan,nan,nan,nan,proxy_phi_support_insufficient
42,exact_replay,L,MR,1032,0.0,0.0,1.0,0.0,1.0,0.0,1.0,0.0,0.0,nan,0.347687,nan,0.112296,nan,nan,nan,nan,proxy_phi_support_insufficient
42,exact_replay,L,RL,5628,0.006219,0.006219,1.0,0.006219,0.993781,0.0,1.0,0.000338,0.000338,0.17437,0.365814,0.063485,0.119823,0.529825,0.476664,-0.050539,-0.060517,proxy_phi_support_insufficient
42,exact_replay,L,RM,828,0.0,0.0,1.0,0.0,1.0,0.0,1.0,0.0,0.0,nan,0.376283,nan,0.121456,nan,nan,nan,nan,proxy_phi_support_insufficient
42,exact_replay,L,RR,5766,0.0,0.0,1.0,0.0,1.0,0.0,1.0,0.0,0.0,nan,0.332418,nan,0.108385,nan,nan,nan,nan,proxy_phi_support_insufficient
42,exact_replay,R,ALL,26910,0.005871,0.005871,1.0,0.005871,0.994129,0.0,1.0,0.0006,0.0006,0.311782,0.361266,0.126469,0.138763,0.911406,0.863027,-0.009626,-0.0152,proxy_phi_support_insufficient
42,exact_replay,R,LL,5904,0.0,0.0,1.0,0.0,1.0,0.0,1.0,0.0,0.0,nan,0.370307,nan,0.141758,nan,nan,nan,nan,proxy_phi_support_insufficient
42,exact_replay,R,LM,912,0.0,0.0,1.0,0.0,1.0,0.0,1.0,0.0,0.0,nan,0.351218,nan,0.137308,nan,nan,nan,nan,proxy_phi_support_insufficient
42,exact_replay,R,LR,5676,0.013742,0.013742,1.0,0.013742,0.986258,0.0,1.0,0.000283,0.000283,0.376281,0.374939,0.150021,0.143815,1.043158,1.00358,0.007091,0.000604,proxy_phi_support_insufficient
42,exact_replay,R,ML,1050,0.0,0.0,1.0,0.0,1.0,0.0,1.0,0.0,0.0,nan,0.373306,nan,0.145383,nan,nan,nan,nan,proxy_phi_support_insufficient
42,exact_replay,R,MM,114,0.0,0.0,1.0,0.0,1.0,0.0,1.0,0.0,0.0,nan,0.320155,nan,0.125539,nan,nan,nan,nan,proxy_phi_support_insufficient
42,exact_replay,R,MR,1032,0.0,0.0,1.0,0.0,1.0,0.0,1.0,0.0,0.0,nan,0.340183,nan,0.132372,nan,nan,nan,nan,proxy_phi_support_insufficient
42,exact_replay,R,RL,5628,0.0,0.0,1.0,0.0,1.0,0.0,1.0,0.0,0.0,nan,0.367092,nan,0.141023,nan,nan,nan,nan,proxy_phi_support_insufficient
42,exact_replay,R,RM,828,0.0,0.0,1.0,0.0,1.0,0.0,1.0,0.0,0.0,nan,0.370087,nan,0.143491,nan,nan,nan,nan,proxy_phi_support_insufficient
42,exact_replay,R,RR,5766,0.013874,0.013874,1.0,0.013874,0.986126,0.0,1.0,0.000317,0.000317,0.248895,0.335402,0.103506,0.128189,0.80745,0.742079,-0.030824,-0.041876,proxy_phi_support_insufficient
77,closed_loop,ALL,ALL,62790,0.007852,0.007852,1.0,0.007852,0.992148,0.0,1.0,0.0013,0.0013,0.339835,0.362383,0.109367,0.108501,1.007989,0.93778,0.000984,-0.008095,proxy_phi_support_insufficient
77,closed_loop,ALL,LL,12488,0.005125,0.005125,1.0,0.005125,0.994875,0.0,1.0,0.00028,0.00028,0.361187,0.326923,0.132969,0.099009,1.343001,1.104809,0.032701,0.0103,proxy_phi_support_insufficient
77,closed_loop,ALL,LM,2926,0.0,0.0,1.0,0.0,1.0,0.0,1.0,0.0,0.0,nan,0.329637,nan,0.099247,nan,nan,nan,nan,proxy_phi_support_insufficient
77,closed_loop,ALL,LR,12516,0.005753,0.005753,1.0,0.005753,0.994247,0.0,1.0,0.000173,0.000173,0.374722,0.354056,0.098495,0.106058,0.928692,1.05837,-0.007485,0.006385,proxy_phi_support_insufficient
77,closed_loop,ALL,ML,2828,0.0,0.0,1.0,0.0,1.0,0.0,1.0,0.0,0.0,nan,0.346035,nan,0.104598,nan,nan,nan,nan,proxy_phi_support_insufficient
77,closed_loop,ALL,MM,826,0.0,0.0,1.0,0.0,1.0,0.0,1.0,0.0,0.0,nan,0.306103,nan,0.094095,nan,nan,nan,nan,proxy_phi_support_insufficient
77,closed_loop,ALL,MR,3206,0.003743,0.003743,1.0,0.003743,0.996257,0.0,1.0,1.1e-05,1.1e-05,0.218848,0.351392,0.055097,0.105101,0.524232,0.622804,-0.038484,-0.032445,proxy_phi_support_insufficient
77,closed_loop,ALL,RL,12250,0.019102,0.019102,1.0,0.019102,0.980898,0.0,1.0,0.000601,0.000601,0.336713,0.377488,0.117748,0.112274,1.048757,0.891982,0.009659,-0.02302,proxy_phi_support_insufficient
77,closed_loop,ALL,RM,2968,0.009097,0.009097,1.0,0.009097,0.990903,0.0,1.0,1.9e-05,1.9e-05,0.250032,0.366164,0.087641,0.109476,0.800549,0.682843,-0.026131,-0.044537,proxy_phi_support_insufficient
77,closed_loop,ALL,RR,12782,0.006572,0.006572,1.0,0.006572,0.993428,0.0,1.0,0.000216,0.000216,0.348513,0.40768,0.092094,0.121178,0.75999,0.854869,-0.029889,-0.019503,proxy_phi_support_insufficient
77,closed_loop,L,ALL,40365,0.008052,0.008052,1.0,0.008052,0.991948,0.0,1.0,0.0009,0.0009,0.334331,0.363338,0.118244,0.124327,0.951076,0.920166,-0.006492,-0.010529,proxy_phi_support_insufficient
77,closed_loop,L,LL,8028,0.007972,0.007972,1.0,0.007972,0.992028,0.0,1.0,0.00028,0.00028,0.361187,0.328718,0.132969,0.113498,1.171557,1.098776,0.021566,0.012081,proxy_phi_support_insufficient
77,closed_loop,L,LM,1881,0.0,0.0,1.0,0.0,1.0,0.0,1.0,0.0,0.0,nan,0.3313,nan,0.113728,nan,nan,nan,nan,proxy_phi_support_insufficient
77,closed_loop,L,LR,8046,0.0,0.0,1.0,0.0,1.0,0.0,1.0,0.0,0.0,nan,0.354474,nan,0.121408,nan,nan,nan,nan,proxy_phi_support_insufficient
77,closed_loop,L,ML,1818,0.0,0.0,1.0,0.0,1.0,0.0,1.0,0.0,0.0,nan,0.34791,nan,0.119918,nan,nan,nan,nan,proxy_phi_support_insufficient
77,closed_loop,L,MM,531,0.0,0.0,1.0,0.0,1.0,0.0,1.0,0.0,0.0,nan,0.311328,nan,0.107674,nan,nan,nan,nan,proxy_phi_support_insufficient
77,closed_loop,L,MR,2061,0.0,0.0,1.0,0.0,1.0,0.0,1.0,0.0,0.0,nan,0.351391,nan,0.120102,nan,nan,nan,nan,proxy_phi_support_insufficient
77,closed_loop,L,RL,7875,0.029714,0.029714,1.0,0.029714,0.970286,0.0,1.0,0.000601,0.000601,0.336713,0.377981,0.117748,0.129047,0.912443,0.890818,-0.02304,-0.028896,proxy_phi_support_insufficient
77,closed_loop,L,RM,1908,0.014151,0.014151,1.0,0.014151,0.985849,0.0,1.0,1.9e-05,1.9e-05,0.250032,0.368939,0.087641,0.12563,0.697612,0.677707,-0.05243,-0.056738,proxy_phi_support_insufficient
77,closed_loop,L,RR,8217,0.0,0.0,1.0,0.0,1.0,0.0,1.0,0.0,0.0,nan,0.407778,nan,0.138529,nan,nan,nan,nan,proxy_phi_support_insufficient
77,closed_loop,R,ALL,22425,0.007492,0.007492,1.0,0.007492,0.992508,0.0,1.0,0.0004,0.0004,0.350484,0.360664,0.092195,0.08003,1.15201,0.971772,0.019036,-0.003582,proxy_phi_support_insufficient
77,closed_loop,R,LL,4460,0.0,0.0,1.0,0.0,1.0,0.0,1.0,0.0,0.0,nan,0.323718,nan,0.073137,nan,nan,nan,nan,proxy_phi_support_insufficient
77,closed_loop,R,LM,1045,0.0,0.0,1.0,0.0,1.0,0.0,1.0,0.0,0.0,nan,0.326645,nan,0.073181,nan,nan,nan,nan,proxy_phi_support_insufficient
77,closed_loop,R,LR,4470,0.016107,0.016107,1.0,0.016107,0.983893,0.0,1.0,0.000173,0.000173,0.374722,0.353291,0.098495,0.077976,1.263155,1.060661,0.04766,0.011057,proxy_phi_support_insufficient
77,closed_loop,R,ML,1010,0.0,0.0,1.0,0.0,1.0,0.0,1.0,0.0,0.0,nan,0.34266,nan,0.077021,nan,nan,nan,nan,proxy_phi_support_insufficient
77,closed_loop,R,MM,295,0.0,0.0,1.0,0.0,1.0,0.0,1.0,0.0,0.0,nan,0.296698,nan,0.069652,nan,nan,nan,nan,proxy_phi_support_insufficient
77,closed_loop,R,MR,1145,0.01048,0.01048,1.0,0.01048,0.98952,0.0,1.0,1.1e-05,1.1e-05,0.218848,0.351392,0.055097,0.077812,0.708082,0.622803,-0.041109,-0.05447,proxy_phi_support_insufficient
77,closed_loop,R,RL,4375,0.0,0.0,1.0,0.0,1.0,0.0,1.0,0.0,0.0,nan,0.376626,nan,0.082979,nan,nan,nan,nan,proxy_phi_support_insufficient
77,closed_loop,R,RM,1060,0.0,0.0,1.0,0.0,1.0,0.0,1.0,0.0,0.0,nan,0.36124,nan,0.08081,nan,nan,nan,nan,proxy_phi_support_insufficient
77,closed_loop,R,RR,4565,0.018401,0.018401,1.0,0.018401,0.981599,0.0,1.0,0.000216,0.000216,0.348513,0.407501,0.092094,0.08936,1.030593,0.855244,0.006585,-0.032215,proxy_phi_support_insufficient
77,divergent_warmup_replay,ALL,ALL,62790,0.007852,0.007852,1.0,0.007852,0.992148,0.0,1.0,0.0013,0.0013,0.340138,0.3612,0.118005,0.118515,0.995702,0.94169,-0.000531,-0.007556,proxy_phi_support_insufficient
77,divergent_warmup_replay,ALL,LL,12488,0.005125,0.005125,1.0,0.005125,0.994875,0.0,1.0,0.00028,0.00028,0.352088,0.329005,0.138053,0.106191,1.300051,1.070162,0.028352,0.006943,proxy_phi_support_insufficient
77,divergent_warmup_replay,ALL,LM,2926,0.0,0.0,1.0,0.0,1.0,0.0,1.0,0.0,0.0,nan,0.330156,nan,0.107416,nan,nan,nan,nan,proxy_phi_support_insufficient
77,divergent_warmup_replay,ALL,LR,12516,0.005753,0.005753,1.0,0.005753,0.994247,0.0,1.0,0.000173,0.000173,0.385198,0.351912,0.110503,0.115664,0.955383,1.094586,-0.004683,0.010298,proxy_phi_support_insufficient
77,divergent_warmup_replay,ALL,ML,2828,0.0,0.0,1.0,0.0,1.0,0.0,1.0,0.0,0.0,nan,0.348394,nan,0.113727,nan,nan,nan,nan,proxy_phi_support_insufficient
77,divergent_warmup_replay,ALL,MM,826,0.0,0.0,1.0,0.0,1.0,0.0,1.0,0.0,0.0,nan,0.310935,nan,0.102439,nan,nan,nan,nan,proxy_phi_support_insufficient
77,divergent_warmup_replay,ALL,MR,3206,0.003743,0.003743,1.0,0.003743,0.996257,0.0,1.0,1.1e-05,1.1e-05,0.299103,0.349121,0.064327,0.116069,0.55421,0.856733,-0.036376,-0.012225,proxy_phi_support_insufficient
77,divergent_warmup_replay,ALL,RL,12250,0.019102,0.019102,1.0,0.019102,0.980898,0.0,1.0,0.000601,0.000601,0.331753,0.374987,0.126159,0.122678,1.028377,0.884704,0.005664,-0.024317,proxy_phi_support_insufficient
77,divergent_warmup_replay,ALL,RM,2968,0.009097,0.009097,1.0,0.009097,0.990903,0.0,1.0,1.9e-05,1.9e-05,0.205754,0.366003,0.086929,0.121098,0.717838,0.562164,-0.037234,-0.061041,proxy_phi_support_insufficient
77,divergent_warmup_replay,ALL,RR,12782,0.006572,0.006572,1.0,0.006572,0.993428,0.0,1.0,0.000216,0.000216,0.364827,0.403956,0.104102,0.134112,0.776235,0.903135,-0.028445,-0.012914,proxy_phi_support_insufficient
77,divergent_warmup_replay,L,ALL,40365,0.008052,0.008052,1.0,0.008052,0.991948,0.0,1.0,0.0009,0.0009,0.32529,0.3617,0.125242,0.133537,0.937883,0.899336,-0.008152,-0.013284,proxy_phi_support_insufficient
77,divergent_warmup_replay,L,LL,8028,0.007972,0.007972,1.0,0.007972,0.992028,0.0,1.0,0.00028,0.00028,0.352088,0.332618,0.138053,0.119723,1.153104,1.058538,0.018824,0.007246,proxy_phi_support_insufficient
77,divergent_warmup_replay,L,LM,1881,0.0,0.0,1.0,0.0,1.0,0.0,1.0,0.0,0.0,nan,0.333994,nan,0.121031,nan,nan,nan,nan,proxy_phi_support_insufficient
77,divergent_warmup_replay,L,LR,8046,0.0,0.0,1.0,0.0,1.0,0.0,1.0,0.0,0.0,nan,0.352696,nan,0.130278,nan,nan,nan,nan,proxy_phi_support_insufficient
77,divergent_warmup_replay,L,ML,1818,0.0,0.0,1.0,0.0,1.0,0.0,1.0,0.0,0.0,nan,0.348084,nan,0.128126,nan,nan,nan,nan,proxy_phi_support_insufficient
77,divergent_warmup_replay,L,MM,531,0.0,0.0,1.0,0.0,1.0,0.0,1.0,0.0,0.0,nan,0.309637,nan,0.115188,nan,nan,nan,nan,proxy_phi_support_insufficient
77,divergent_warmup_replay,L,MR,2061,0.0,0.0,1.0,0.0,1.0,0.0,1.0,0.0,0.0,nan,0.347026,nan,0.13039,nan,nan,nan,nan,proxy_phi_support_insufficient
77,divergent_warmup_replay,L,RL,7875,0.029714,0.029714,1.0,0.029714,0.970286,0.0,1.0,0.000601,0.000601,0.331753,0.375745,0.126159,0.138595,0.910275,0.882919,-0.023432,-0.030832,proxy_phi_support_insufficient
77,divergent_warmup_replay,L,RM,1908,0.014151,0.014151,1.0,0.014151,0.985849,0.0,1.0,1.9e-05,1.9e-05,0.205754,0.365977,0.086929,0.136627,0.636249,0.562205,-0.062647,-0.076592,proxy_phi_support_insufficient
77,divergent_warmup_replay,L,RR,8217,0.0,0.0,1.0,0.0,1.0,0.0,1.0,0.0,0.0,nan,0.401063,nan,0.150743,nan,nan,nan,nan,proxy_phi_support_insufficient
77,divergent_warmup_replay,R,ALL,22425,0.007492,0.007492,1.0,0.007492,0.992508,0.0,1.0,0.0004,0.0004,0.368863,0.3603,0.104005,0.091489,1.136802,1.023765,0.016956,0.002978,proxy_phi_support_insufficient
77,divergent_warmup_replay,R,LL,4460,0.0,0.0,1.0,0.0,1.0,0.0,1.0,0.0,0.0,nan,0.322553,nan,0.082026,nan,nan,nan,nan,proxy_phi_support_insufficient
77,divergent_warmup_replay,R,LM,1045,0.0,0.0,1.0,0.0,1.0,0.0,1.0,0.0,0.0,nan,0.323248,nan,0.082908,nan,nan,nan,nan,proxy_phi_support_insufficient
77,divergent_warmup_replay,R,LR,4470,0.016107,0.016107,1.0,0.016107,0.983893,0.0,1.0,0.000173,0.000173,0.385198,0.350478,0.110503,0.088927,1.242627,1.099065,0.043303,0.017729,proxy_phi_support_insufficient
77,divergent_warmup_replay,R,ML,1010,0.0,0.0,1.0,0.0,1.0,0.0,1.0,0.0,0.0,nan,0.348951,nan,0.08781,nan,nan,nan,nan,proxy_phi_support_insufficient
77,divergent_warmup_replay,R,MM,295,0.0,0.0,1.0,0.0,1.0,0.0,1.0,0.0,0.0,nan,0.313271,nan,0.079493,nan,nan,nan,nan,proxy_phi_support_insufficient
77,divergent_warmup_replay,R,MR,1145,0.01048,0.01048,1.0,0.01048,0.98952,0.0,1.0,1.1e-05,1.1e-05,0.299103,0.352933,0.064327,0.090019,0.714588,0.84748,-0.039995,-0.021799,proxy_phi_support_insufficient
77,divergent_warmup_replay,R,RL,4375,0.0,0.0,1.0,0.0,1.0,0.0,1.0,0.0,0.0,nan,0.373663,nan,0.094879,nan,nan,nan,nan,proxy_phi_support_insufficient
77,divergent_warmup_replay,R,RM,1060,0.0,0.0,1.0,0.0,1.0,0.0,1.0,0.0,0.0,nan,0.36605,nan,0.093541,nan,nan,nan,nan,proxy_phi_support_insufficient
77,divergent_warmup_replay,R,RR,4565,0.018401,0.018401,1.0,0.018401,0.981599,0.0,1.0,0.000216,0.000216,0.364827,0.409261,0.104102,0.103616,1.004695,0.891428,0.001021,-0.023836,proxy_phi_support_insufficient
77,exact_replay,ALL,ALL,62790,0.007852,0.007852,1.0,0.007852,0.992148,0.0,1.0,0.0013,0.0013,0.339835,0.362383,0.109367,0.108501,1.007989,0.93778,0.000984,-0.008095,proxy_phi_support_insufficient
77,exact_replay,ALL,LL,12488,0.005125,0.005125,1.0,0.005125,0.994875,0.0,1.0,0.00028,0.00028,0.361187,0.326923,0.132969,0.099009,1.343001,1.104809,0.032701,0.0103,proxy_phi_support_insufficient
77,exact_replay,ALL,LM,2926,0.0,0.0,1.0,0.0,1.0,0.0,1.0,0.0,0.0,nan,0.329637,nan,0.099247,nan,nan,nan,nan,proxy_phi_support_insufficient
77,exact_replay,ALL,LR,12516,0.005753,0.005753,1.0,0.005753,0.994247,0.0,1.0,0.000173,0.000173,0.374722,0.354056,0.098495,0.106058,0.928692,1.05837,-0.007485,0.006385,proxy_phi_support_insufficient
77,exact_replay,ALL,ML,2828,0.0,0.0,1.0,0.0,1.0,0.0,1.0,0.0,0.0,nan,0.346035,nan,0.104598,nan,nan,nan,nan,proxy_phi_support_insufficient
77,exact_replay,ALL,MM,826,0.0,0.0,1.0,0.0,1.0,0.0,1.0,0.0,0.0,nan,0.306103,nan,0.094095,nan,nan,nan,nan,proxy_phi_support_insufficient
77,exact_replay,ALL,MR,3206,0.003743,0.003743,1.0,0.003743,0.996257,0.0,1.0,1.1e-05,1.1e-05,0.218848,0.351392,0.055097,0.105101,0.524232,0.622804,-0.038484,-0.032445,proxy_phi_support_insufficient
77,exact_replay,ALL,RL,12250,0.019102,0.019102,1.0,0.019102,0.980898,0.0,1.0,0.000601,0.000601,0.336713,0.377488,0.117748,0.112274,1.048757,0.891982,0.009659,-0.02302,proxy_phi_support_insufficient
77,exact_replay,ALL,RM,2968,0.009097,0.009097,1.0,0.009097,0.990903,0.0,1.0,1.9e-05,1.9e-05,0.250032,0.366164,0.087641,0.109476,0.800549,0.682843,-0.026131,-0.044537,proxy_phi_support_insufficient
77,exact_replay,ALL,RR,12782,0.006572,0.006572,1.0,0.006572,0.993428,0.0,1.0,0.000216,0.000216,0.348513,0.40768,0.092094,0.121178,0.75999,0.854869,-0.029889,-0.019503,proxy_phi_support_insufficient
77,exact_replay,L,ALL,40365,0.008052,0.008052,1.0,0.008052,0.991948,0.0,1.0,0.0009,0.0009,0.334331,0.363338,0.118244,0.124327,0.951076,0.920166,-0.006492,-0.010529,proxy_phi_support_insufficient
77,exact_replay,L,LL,8028,0.007972,0.007972,1.0,0.007972,0.992028,0.0,1.0,0.00028,0.00028,0.361187,0.328718,0.132969,0.113498,1.171557,1.098776,0.021566,0.012081,proxy_phi_support_insufficient
77,exact_replay,L,LM,1881,0.0,0.0,1.0,0.0,1.0,0.0,1.0,0.0,0.0,nan,0.3313,nan,0.113728,nan,nan,nan,nan,proxy_phi_support_insufficient
77,exact_replay,L,LR,8046,0.0,0.0,1.0,0.0,1.0,0.0,1.0,0.0,0.0,nan,0.354474,nan,0.121408,nan,nan,nan,nan,proxy_phi_support_insufficient
77,exact_replay,L,ML,1818,0.0,0.0,1.0,0.0,1.0,0.0,1.0,0.0,0.0,nan,0.34791,nan,0.119918,nan,nan,nan,nan,proxy_phi_support_insufficient
77,exact_replay,L,MM,531,0.0,0.0,1.0,0.0,1.0,0.0,1.0,0.0,0.0,nan,0.311328,nan,0.107674,nan,nan,nan,nan,proxy_phi_support_insufficient
77,exact_replay,L,MR,2061,0.0,0.0,1.0,0.0,1.0,0.0,1.0,0.0,0.0,nan,0.351391,nan,0.120102,nan,nan,nan,nan,proxy_phi_support_insufficient
77,exact_replay,L,RL,7875,0.029714,0.029714,1.0,0.029714,0.970286,0.0,1.0,0.000601,0.000601,0.336713,0.377981,0.117748,0.129047,0.912443,0.890818,-0.02304,-0.028896,proxy_phi_support_insufficient
77,exact_replay,L,RM,1908,0.014151,0.014151,1.0,0.014151,0.985849,0.0,1.0,1.9e-05,1.9e-05,0.250032,0.368939,0.087641,0.12563,0.697612,0.677707,-0.05243,-0.056738,proxy_phi_support_insufficient
77,exact_replay,L,RR,8217,0.0,0.0,1.0,0.0,1.0,0.0,1.0,0.0,0.0,nan,0.407778,nan,0.138529,nan,nan,nan,nan,proxy_phi_support_insufficient
77,exact_replay,R,ALL,22425,0.007492,0.007492,1.0,0.007492,0.992508,0.0,1.0,0.0004,0.0004,0.350484,0.360664,0.092195,0.08003,1.15201,0.971772,0.019036,-0.003582,proxy_phi_support_insufficient
77,exact_replay,R,LL,4460,0.0,0.0,1.0,0.0,1.0,0.0,1.0,0.0,0.0,nan,0.323718,nan,0.073137,nan,nan,nan,nan,proxy_phi_support_insufficient
77,exact_replay,R,LM,1045,0.0,0.0,1.0,0.0,1.0,0.0,1.0,0.0,0.0,nan,0.326645,nan,0.073181,nan,nan,nan,nan,proxy_phi_support_insufficient
77,exact_replay,R,LR,4470,0.016107,0.016107,1.0,0.016107,0.983893,0.0,1.0,0.000173,0.000173,0.374722,0.353291,0.098495,0.077976,1.263155,1.060661,0.04766,0.011057,proxy_phi_support_insufficient
77,exact_replay,R,ML,1010,0.0,0.0,1.0,0.0,1.0,0.0,1.0,0.0,0.0,nan,0.34266,nan,0.077021,nan,nan,nan,nan,proxy_phi_support_insufficient
77,exact_replay,R,MM,295,0.0,0.0,1.0,0.0,1.0,0.0,1.0,0.0,0.0,nan,0.296698,nan,0.069652,nan,nan,nan,nan,proxy_phi_support_insufficient
77,exact_replay,R,MR,1145,0.01048,0.01048,1.0,0.01048,0.98952,0.0,1.0,1.1e-05,1.1e-05,0.218848,0.351392,0.055097,0.077812,0.708082,0.622803,-0.041109,-0.05447,proxy_phi_support_insufficient
77,exact_replay,R,RL,4375,0.0,0.0,1.0,0.0,1.0,0.0,1.0,0.0,0.0,nan,0.376626,nan,0.082979,nan,nan,nan,nan,proxy_phi_support_insufficient
77,exact_replay,R,RM,1060,0.0,0.0,1.0,0.0,1.0,0.0,1.0,0.0,0.0,nan,0.36124,nan,0.08081,nan,nan,nan,nan,proxy_phi_support_insufficient
77,exact_replay,R,RR,4565,0.018401,0.018401,1.0,0.018401,0.981599,0.0,1.0,0.000216,0.000216,0.348513,0.407501,0.092094,0.08936,1.030593,0.855244,0.006585,-0.032215,proxy_phi_support_insufficient
123,closed_loop,ALL,ALL,35880,0.006271,0.006271,1.0,0.006271,0.993729,0.0,1.0,0.0007,0.0007,0.434436,0.375062,0.15529,0.124998,1.242339,1.158304,0.028346,0.018506,proxy_phi_support_insufficient
123,closed_loop,ALL,LL,7168,0.00558,0.00558,1.0,0.00558,0.99442,0.0,1.0,6.7e-05,6.7e-05,0.475753,0.417336,0.184556,0.137505,1.34218,1.139978,0.040526,0.016862,proxy_phi_support_insufficient
123,closed_loop,ALL,LM,2056,0.0,0.0,1.0,0.0,1.0,0.0,1.0,0.0,0.0,nan,0.373689,nan,0.123393,nan,nan,nan,nan,proxy_phi_support_insufficient
123,closed_loop,ALL,LR,7000,0.006857,0.006857,1.0,0.006857,0.993143,0.0,1.0,0.000129,0.000129,0.427675,0.370389,0.15192,0.124083,1.224341,1.154664,0.027411,0.018729,proxy_phi_support_insufficient
123,closed_loop,ALL,ML,2016,0.0,0.0,1.0,0.0,1.0,0.0,1.0,0.0,0.0,nan,0.376348,nan,0.125097,nan,nan,nan,nan,proxy_phi_support_insufficient
123,closed_loop,ALL,MM,584,0.0,0.0,1.0,0.0,1.0,0.0,1.0,0.0,0.0,nan,0.363186,nan,0.120012,nan,nan,nan,nan,proxy_phi_support_insufficient
123,closed_loop,ALL,MR,1824,0.0,0.0,1.0,0.0,1.0,0.0,1.0,0.0,0.0,nan,0.359011,nan,0.11994,nan,nan,nan,nan,proxy_phi_support_insufficient
123,closed_loop,ALL,RL,6880,0.010029,0.010029,1.0,0.010029,0.989971,0.0,1.0,0.000233,0.000233,0.387544,0.371197,0.137311,0.123836,1.108817,1.044038,0.016216,0.006548,proxy_phi_support_insufficient
123,closed_loop,ALL,RM,1696,0.0,0.0,1.0,0.0,1.0,0.0,1.0,0.0,0.0,nan,0.355592,nan,0.118888,nan,nan,nan,nan,proxy_phi_support_insufficient
123,closed_loop,ALL,RR,6656,0.010216,0.010216,1.0,0.010216,0.989784,0.0,1.0,0.000271,0.000271,0.462486,0.348794,0.158698,0.117522,1.350376,1.325956,0.050089,0.045902,proxy_phi_support_insufficient
123,closed_loop,L,ALL,13455,0.008101,0.008101,1.0,0.008101,0.991899,0.0,1.0,0.0003,0.0003,0.419914,0.378811,0.154649,0.135122,1.144508,1.108506,0.019756,0.014571,proxy_phi_support_insufficient
123,closed_loop,L,LL,2688,0.014881,0.014881,1.0,0.014881,0.985119,0.0,1.0,6.7e-05,6.7e-05,0.475753,0.421251,0.184556,0.148389,1.243727,1.129382,0.048399,0.025613,proxy_phi_support_insufficient
123,closed_loop,L,LM,771,0.0,0.0,1.0,0.0,1.0,0.0,1.0,0.0,0.0,nan,0.376894,nan,0.133404,nan,nan,nan,nan,proxy_phi_support_insufficient
123,closed_loop,L,LR,2625,0.0,0.0,1.0,0.0,1.0,0.0,1.0,0.0,0.0,nan,0.37399,nan,0.134199,nan,nan,nan,nan,proxy_phi_support_insufficient
123,closed_loop,L,ML,756,0.0,0.0,1.0,0.0,1.0,0.0,1.0,0.0,0.0,nan,0.378369,nan,0.135136,nan,nan,nan,nan,proxy_phi_support_insufficient
123,closed_loop,L,MM,219,0.0,0.0,1.0,0.0,1.0,0.0,1.0,0.0,0.0,nan,0.368309,nan,0.129755,nan,nan,nan,nan,proxy_phi_support_insufficient
123,closed_loop,L,MR,684,0.0,0.0,1.0,0.0,1.0,0.0,1.0,0.0,0.0,nan,0.36456,nan,0.129686,nan,nan,nan,nan,proxy_phi_support_insufficient
123,closed_loop,L,RL,2580,0.026744,0.026744,1.0,0.026744,0.973256,0.0,1.0,0.000233,0.000233,0.387544,0.376313,0.137311,0.133828,1.026026,1.029843,0.006465,0.007314,proxy_phi_support_insufficient
123,closed_loop,L,RM,636,0.0,0.0,1.0,0.0,1.0,0.0,1.0,0.0,0.0,nan,0.358073,nan,0.128561,nan,nan,nan,nan,proxy_phi_support_insufficient
123,closed_loop,L,RR,2496,0.0,0.0,1.0,0.0,1.0,0.0,1.0,0.0,0.0,nan,0.352206,nan,0.12748,nan,nan,nan,nan,proxy_phi_support_insufficient
123,closed_loop,R,ALL,22425,0.005173,0.005173,1.0,0.005173,0.994827,0.0,1.0,0.0004,0.0004,0.448081,0.372819,0.155894,0.118942,1.31067,1.201873,0.032681,0.021299,proxy_phi_support_insufficient
123,closed_loop,R,LL,4480,0.0,0.0,1.0,0.0,1.0,0.0,1.0,0.0,0.0,nan,0.415022,nan,0.131071,nan,nan,nan,nan,proxy_phi_support_insufficient
123,closed_loop,R,LM,1285,0.0,0.0,1.0,0.0,1.0,0.0,1.0,0.0,0.0,nan,0.371767,nan,0.117387,nan,nan,nan,nan,proxy_phi_support_insufficient
123,closed_loop,R,LR,4375,0.010971,0.010971,1.0,0.010971,0.989029,0.0,1.0,0.000129,0.000129,0.427675,0.368204,0.15192,0.117946,1.288044,1.161515,0.043927,0.02448,proxy_phi_support_insufficient
123,closed_loop,R,ML,1260,0.0,0.0,1.0,0.0,1.0,0.0,1.0,0.0,0.0,nan,0.375135,nan,0.119073,nan,nan,nan,nan,proxy_phi_support_insufficient
123,closed_loop,R,MM,365,0.0,0.0,1.0,0.0,1.0,0.0,1.0,0.0,0.0,nan,0.360112,nan,0.114166,nan,nan,nan,nan,proxy_phi_support_insufficient
123,closed_loop,R,MR,1140,0.0,0.0,1.0,0.0,1.0,0.0,1.0,0.0,0.0,nan,0.355681,nan,0.114091,nan,nan,nan,nan,proxy_phi_support_insufficient
123,closed_loop,R,RL,4300,0.0,0.0,1.0,0.0,1.0,0.0,1.0,0.0,0.0,nan,0.368209,nan,0.118001,nan,nan,nan,nan,proxy_phi_support_insufficient
123,closed_loop,R,RM,1060,0.0,0.0,1.0,0.0,1.0,0.0,1.0,0.0,0.0,nan,0.354104,nan,0.113084,nan,nan,nan,nan,proxy_phi_support_insufficient
123,closed_loop,R,RR,4160,0.016346,0.016346,1.0,0.016346,0.983654,0.0,1.0,0.000271,0.000271,0.462486,0.346714,0.158698,0.111447,1.423976,1.333914,0.075454,0.058817,proxy_phi_support_insufficient
123,divergent_warmup_replay,ALL,ALL,35880,0.006271,0.006271,1.0,0.006271,0.993729,0.0,1.0,0.0007,0.0007,0.422097,0.375475,0.163095,0.131388,1.241324,1.124167,0.02828,0.014472,proxy_phi_support_insufficient
123,divergent_warmup_replay,ALL,LL,7168,0.00558,0.00558,1.0,0.00558,0.99442,0.0,1.0,6.7e-05,6.7e-05,0.450345,0.415956,0.194443,0.146215,1.329844,1.082676,0.039803,0.009858,proxy_phi_support_insufficient
123,divergent_warmup_replay,ALL,LM,2056,0.0,0.0,1.0,0.0,1.0,0.0,1.0,0.0,0.0,nan,0.371819,nan,0.129791,nan,nan,nan,nan,proxy_phi_support_insufficient
123,divergent_warmup_replay,ALL,LR,7000,0.006857,0.006857,1.0,0.006857,0.993143,0.0,1.0,0.000129,0.000129,0.43476,0.37346,0.159872,0.130586,1.224262,1.164142,0.027379,0.019985,proxy_phi_support_insufficient
123,divergent_warmup_replay,ALL,ML,2016,0.0,0.0,1.0,0.0,1.0,0.0,1.0,0.0,0.0,nan,0.37493,nan,0.131017,nan,nan,nan,nan,proxy_phi_support_insufficient
123,divergent_warmup_replay,ALL,MM,584,0.0,0.0,1.0,0.0,1.0,0.0,1.0,0.0,0.0,nan,0.361812,nan,0.125705,nan,nan,nan,nan,proxy_phi_support_insufficient
123,divergent_warmup_replay,ALL,MR,1824,0.0,0.0,1.0,0.0,1.0,0.0,1.0,0.0,0.0,nan,0.357172,nan,0.124788,nan,nan,nan,nan,proxy_phi_support_insufficient
123,divergent_warmup_replay,ALL,RL,6880,0.010029,0.010029,1.0,0.010029,0.989971,0.0,1.0,0.000233,0.000233,0.358807,0.371608,0.146161,0.130417,1.12072,0.965552,0.0181,-0.005102,proxy_phi_support_insufficient
123,divergent_warmup_replay,ALL,RM,1696,0.0,0.0,1.0,0.0,1.0,0.0,1.0,0.0,0.0,nan,0.356514,nan,0.12384,nan,nan,nan,nan,proxy_phi_support_insufficient
123,divergent_warmup_replay,ALL,RR,6656,0.010216,0.010216,1.0,0.010216,0.989784,0.0,1.0,0.000271,0.000271,0.460762,0.35027,0.164113,0.122081,1.344294,1.315448,0.04867,0.044779,proxy_phi_support_insufficient
123,divergent_warmup_replay,L,ALL,13455,0.008101,0.008101,1.0,0.008101,0.991899,0.0,1.0,0.0003,0.0003,0.392399,0.374386,0.163879,0.141049,1.161857,1.048113,0.022076,0.006381,proxy_phi_support_insufficient
123,divergent_warmup_replay,L,LL,2688,0.014881,0.014881,1.0,0.014881,0.985119,0.0,1.0,6.7e-05,6.7e-05,0.450345,0.40947,0.194443,0.156636,1.241372,1.099825,0.048601,0.01904,proxy_phi_support_insufficient
123,divergent_warmup_replay,L,LM,771,0.0,0.0,1.0,0.0,1.0,0.0,1.0,0.0,0.0,nan,0.378255,nan,0.139361,nan,nan,nan,nan,proxy_phi_support_insufficient
123,divergent_warmup_replay,L,LR,2625,0.0,0.0,1.0,0.0,1.0,0.0,1.0,0.0,0.0,nan,0.37052,nan,0.140365,nan,nan,nan,nan,proxy_phi_support_insufficient
123,divergent_warmup_replay,L,ML,756,0.0,0.0,1.0,0.0,1.0,0.0,1.0,0.0,0.0,nan,0.378858,nan,0.140743,nan,nan,nan,nan,proxy_phi_support_insufficient
123,divergent_warmup_replay,L,MM,219,0.0,0.0,1.0,0.0,1.0,0.0,1.0,0.0,0.0,nan,0.378788,nan,0.135138,nan,nan,nan,nan,proxy_phi_support_insufficient
123,divergent_warmup_replay,L,MR,684,0.0,0.0,1.0,0.0,1.0,0.0,1.0,0.0,0.0,nan,0.363144,nan,0.133993,nan,nan,nan,nan,proxy_phi_support_insufficient
123,divergent_warmup_replay,L,RL,2580,0.026744,0.026744,1.0,0.026744,0.973256,0.0,1.0,0.000233,0.000233,0.358807,0.367113,0.146161,0.139921,1.044596,0.977374,0.011093,-0.005361,proxy_phi_support_insufficient
123,divergent_warmup_replay,L,RM,636,0.0,0.0,1.0,0.0,1.0,0.0,1.0,0.0,0.0,nan,0.362653,nan,0.13303,nan,nan,nan,nan,proxy_phi_support_insufficient
123,divergent_warmup_replay,L,RR,2496,0.0,0.0,1.0,0.0,1.0,0.0,1.0,0.0,0.0,nan,0.351684,nan,0.131479,nan,nan,nan,nan,proxy_phi_support_insufficient
123,divergent_warmup_replay,R,ALL,22425,0.005173,0.005173,1.0,0.005173,0.994827,0.0,1.0,0.0004,0.0004,0.450003,0.376127,0.162358,0.125608,1.292575,1.196412,0.03088,0.020777,proxy_phi_support_insufficient
123,divergent_warmup_replay,R,LL,4480,0.0,0.0,1.0,0.0,1.0,0.0,1.0,0.0,0.0,nan,0.419789,nan,0.140056,nan,nan,nan,nan,proxy_phi_support_insufficient
123,divergent_warmup_replay,R,LM,1285,0.0,0.0,1.0,0.0,1.0,0.0,1.0,0.0,0.0,nan,0.367957,nan,0.124049,nan,nan,nan,nan,proxy_phi_support_insufficient
123,divergent_warmup_replay,R,LR,4375,0.010971,0.010971,1.0,0.010971,0.989029,0.0,1.0,0.000129,0.000129,0.43476,0.375243,0.159872,0.124654,1.282523,1.158609,0.043095,0.024453,proxy_phi_support_insufficient
123,divergent_warmup_replay,R,ML,1260,0.0,0.0,1.0,0.0,1.0,0.0,1.0,0.0,0.0,nan,0.372573,nan,0.125181,nan,nan,nan,nan,proxy_phi_support_insufficient
123,divergent_warmup_replay,R,MM,365,0.0,0.0,1.0,0.0,1.0,0.0,1.0,0.0,0.0,nan,0.351627,nan,0.120045,nan,nan,nan,nan,proxy_phi_support_insufficient
123,divergent_warmup_replay,R,MR,1140,0.0,0.0,1.0,0.0,1.0,0.0,1.0,0.0,0.0,nan,0.353589,nan,0.119265,nan,nan,nan,nan,proxy_phi_support_insufficient
123,divergent_warmup_replay,R,RL,4300,0.0,0.0,1.0,0.0,1.0,0.0,1.0,0.0,0.0,nan,0.374233,nan,0.124867,nan,nan,nan,nan,proxy_phi_support_insufficient
123,divergent_warmup_replay,R,RM,1060,0.0,0.0,1.0,0.0,1.0,0.0,1.0,0.0,0.0,nan,0.35283,nan,0.118326,nan,nan,nan,nan,proxy_phi_support_insufficient
123,divergent_warmup_replay,R,RR,4160,0.016346,0.016346,1.0,0.016346,0.983654,0.0,1.0,0.000271,0.000271,0.460762,0.349408,0.164113,0.116348,1.410527,1.318694,0.072365,0.056567,proxy_phi_support_insufficient
123,exact_replay,ALL,ALL,35880,0.006271,0.006271,1.0,0.006271,0.993729,0.0,1.0,0.0007,0.0007,0.434436,0.375062,0.15529,0.124998,1.242339,1.158304,0.028346,0.018506,proxy_phi_support_insufficient
123,exact_replay,ALL,LL,7168,0.00558,0.00558,1.0,0.00558,0.99442,0.0,1.0,6.7e-05,6.7e-05,0.475753,0.417336,0.184556,0.137505,1.34218,1.139978,0.040526,0.016862,proxy_phi_support_insufficient
123,exact_replay,ALL,LM,2056,0.0,0.0,1.0,0.0,1.0,0.0,1.0,0.0,0.0,nan,0.373689,nan,0.123393,nan,nan,nan,nan,proxy_phi_support_insufficient
123,exact_replay,ALL,LR,7000,0.006857,0.006857,1.0,0.006857,0.993143,0.0,1.0,0.000129,0.000129,0.427675,0.370389,0.15192,0.124083,1.224341,1.154664,0.027411,0.018729,proxy_phi_support_insufficient
123,exact_replay,ALL,ML,2016,0.0,0.0,1.0,0.0,1.0,0.0,1.0,0.0,0.0,nan,0.376348,nan,0.125097,nan,nan,nan,nan,proxy_phi_support_insufficient
123,exact_replay,ALL,MM,584,0.0,0.0,1.0,0.0,1.0,0.0,1.0,0.0,0.0,nan,0.363186,nan,0.120012,nan,nan,nan,nan,proxy_phi_support_insufficient
123,exact_replay,ALL,MR,1824,0.0,0.0,1.0,0.0,1.0,0.0,1.0,0.0,0.0,nan,0.359011,nan,0.11994,nan,nan,nan,nan,proxy_phi_support_insufficient
123,exact_replay,ALL,RL,6880,0.010029,0.010029,1.0,0.010029,0.989971,0.0,1.0,0.000233,0.000233,0.387544,0.371197,0.137311,0.123836,1.108817,1.044038,0.016216,0.006548,proxy_phi_support_insufficient
123,exact_replay,ALL,RM,1696,0.0,0.0,1.0,0.0,1.0,0.0,1.0,0.0,0.0,nan,0.355592,nan,0.118888,nan,nan,nan,nan,proxy_phi_support_insufficient
123,exact_replay,ALL,RR,6656,0.010216,0.010216,1.0,0.010216,0.989784,0.0,1.0,0.000271,0.000271,0.462486,0.348794,0.158698,0.117522,1.350376,1.325956,0.050089,0.045902,proxy_phi_support_insufficient
123,exact_replay,L,ALL,13455,0.008101,0.008101,1.0,0.008101,0.991899,0.0,1.0,0.0003,0.0003,0.419914,0.378811,0.154649,0.135122,1.144508,1.108506,0.019756,0.014571,proxy_phi_support_insufficient
123,exact_replay,L,LL,2688,0.014881,0.014881,1.0,0.014881,0.985119,0.0,1.0,6.7e-05,6.7e-05,0.475753,0.421251,0.184556,0.148389,1.243727,1.129382,0.048399,0.025613,proxy_phi_support_insufficient
123,exact_replay,L,LM,771,0.0,0.0,1.0,0.0,1.0,0.0,1.0,0.0,0.0,nan,0.376894,nan,0.133404,nan,nan,nan,nan,proxy_phi_support_insufficient
123,exact_replay,L,LR,2625,0.0,0.0,1.0,0.0,1.0,0.0,1.0,0.0,0.0,nan,0.37399,nan,0.134199,nan,nan,nan,nan,proxy_phi_support_insufficient
123,exact_replay,L,ML,756,0.0,0.0,1.0,0.0,1.0,0.0,1.0,0.0,0.0,nan,0.378369,nan,0.135136,nan,nan,nan,nan,proxy_phi_support_insufficient
123,exact_replay,L,MM,219,0.0,0.0,1.0,0.0,1.0,0.0,1.0,0.0,0.0,nan,0.368309,nan,0.129755,nan,nan,nan,nan,proxy_phi_support_insufficient
123,exact_replay,L,MR,684,0.0,0.0,1.0,0.0,1.0,0.0,1.0,0.0,0.0,nan,0.36456,nan,0.129686,nan,nan,nan,nan,proxy_phi_support_insufficient
123,exact_replay,L,RL,2580,0.026744,0.026744,1.0,0.026744,0.973256,0.0,1.0,0.000233,0.000233,0.387544,0.376313,0.137311,0.133828,1.026026,1.029843,0.006465,0.007314,proxy_phi_support_insufficient
123,exact_replay,L,RM,636,0.0,0.0,1.0,0.0,1.0,0.0,1.0,0.0,0.0,nan,0.358073,nan,0.128561,nan,nan,nan,nan,proxy_phi_support_insufficient
123,exact_replay,L,RR,2496,0.0,0.0,1.0,0.0,1.0,0.0,1.0,0.0,0.0,nan,0.352206,nan,0.12748,nan,nan,nan,nan,proxy_phi_support_insufficient
123,exact_replay,R,ALL,22425,0.005173,0.005173,1.0,0.005173,0.994827,0.0,1.0,0.0004,0.0004,0.448081,0.372819,0.155894,0.118942,1.31067,1.201873,0.032681,0.021299,proxy_phi_support_insufficient
123,exact_replay,R,LL,4480,0.0,0.0,1.0,0.0,1.0,0.0,1.0,0.0,0.0,nan,0.415022,nan,0.131071,nan,nan,nan,nan,proxy_phi_support_insufficient
123,exact_replay,R,LM,1285,0.0,0.0,1.0,0.0,1.0,0.0,1.0,0.0,0.0,nan,0.371767,nan,0.117387,nan,nan,nan,nan,proxy_phi_support_insufficient
123,exact_replay,R,LR,4375,0.010971,0.010971,1.0,0.010971,0.989029,0.0,1.0,0.000129,0.000129,0.427675,0.368204,0.15192,0.117946,1.288044,1.161515,0.043927,0.02448,proxy_phi_support_insufficient
123,exact_replay,R,ML,1260,0.0,0.0,1.0,0.0,1.0,0.0,1.0,0.0,0.0,nan,0.375135,nan,0.119073,nan,nan,nan,nan,proxy_phi_support_insufficient
123,exact_replay,R,MM,365,0.0,0.0,1.0,0.0,1.0,0.0,1.0,0.0,0.0,nan,0.360112,nan,0.114166,nan,nan,nan,nan,proxy_phi_support_insufficient
123,exact_replay,R,MR,1140,0.0,0.0,1.0,0.0,1.0,0.0,1.0,0.0,0.0,nan,0.355681,nan,0.114091,nan,nan,nan,nan,proxy_phi_support_insufficient
123,exact_replay,R,RL,4300,0.0,0.0,1.0,0.0,1.0,0.0,1.0,0.0,0.0,nan,0.368209,nan,0.118001,nan,nan,nan,nan,proxy_phi_support_insufficient
123,exact_replay,R,RM,1060,0.0,0.0,1.0,0.0,1.0,0.0,1.0,0.0,0.0,nan,0.354104,nan,0.113084,nan,nan,nan,nan,proxy_phi_support_insufficient
123,exact_replay,R,RR,4160,0.016346,0.016346,1.0,0.016346,0.983654,0.0,1.0,0.000271,0.000271,0.462486,0.346714,0.158698,0.111447,1.423976,1.333914,0.075454,0.058817,proxy_phi_support_insufficient
999,closed_loop,ALL,ALL,53820,0.004329,0.004329,1.0,0.004329,0.995671,0.0,1.0,0.0011,0.0011,0.365813,0.320572,0.134403,0.104568,1.285309,1.141126,0.025276,0.012549,proxy_phi_support_insufficient
999,closed_loop,ALL,LL,11172,0.00725,0.00725,1.0,0.00725,0.99275,0.0,1.0,0.000618,0.000618,0.414211,0.302469,0.14657,0.098946,1.481306,1.369435,0.053975,0.040922,proxy_phi_support_insufficient
999,closed_loop,ALL,LM,3276,0.002747,0.002747,1.0,0.002747,0.997253,0.0,1.0,3e-06,3e-06,0.253061,0.341056,0.078112,0.112239,0.695941,0.741992,-0.023251,-0.019641,proxy_phi_support_insufficient
999,closed_loop,ALL,LR,10380,0.001156,0.001156,1.0,0.001156,0.998844,0.0,1.0,0.000159,0.000159,0.328234,0.318878,0.099609,0.104095,0.956905,1.029341,-0.002005,0.001364,proxy_phi_support_insufficient
999,closed_loop,ALL,ML,3540,0.005085,0.005085,1.0,0.005085,0.994915,0.0,1.0,1.3e-05,1.3e-05,0.283011,0.328664,0.0884,0.107905,0.819243,0.861096,-0.017133,-0.013186,proxy_phi_support_insufficient
999,closed_loop,ALL,MM,1008,0.0,0.0,1.0,0.0,1.0,0.0,1.0,0.0,0.0,nan,0.338915,nan,0.110293,nan,nan,nan,nan,proxy_phi_support_insufficient
999,closed_loop,ALL,MR,2892,0.0,0.0,1.0,0.0,1.0,0.0,1.0,0.0,0.0,nan,0.351673,nan,0.11454,nan,nan,nan,nan,proxy_phi_support_insufficient
999,closed_loop,ALL,RL,9816,0.009984,0.009984,1.0,0.009984,0.990016,0.0,1.0,0.000266,0.000266,0.366888,0.324143,0.14677,0.105173,1.395511,1.131871,0.052476,0.017717,proxy_phi_support_insufficient
999,closed_loop,ALL,RM,3192,0.002506,0.002506,1.0,0.002506,0.997494,0.0,1.0,3e-06,3e-06,0.359532,0.323439,0.111965,0.105176,1.064555,1.111591,0.004199,0.007393,proxy_phi_support_insufficient
999,closed_loop,ALL,RR,8544,0.000819,0.000819,1.0,0.000819,0.999181,0.0,1.0,3.9e-05,3.9e-05,0.220201,0.317134,0.096422,0.103166,0.934628,0.694346,-0.002508,-0.011809,proxy_phi_support_insufficient
999,closed_loop,L,ALL,44850,0.004749,0.004749,1.0,0.004749,0.995251,0.0,1.0,0.0009,0.0009,0.37432,0.321361,0.138203,0.106704,1.295203,1.164796,0.027036,0.015424,proxy_phi_support_insufficient
999,closed_loop,L,LL,9310,0.0087,0.0087,1.0,0.0087,0.9913,0.0,1.0,0.000618,0.000618,0.414211,0.30329,0.14657,0.100922,1.452305,1.365728,0.05481,0.044687,proxy_phi_support_insufficient
999,closed_loop,L,LM,2730,0.003297,0.003297,1.0,0.003297,0.996703,0.0,1.0,3e-06,3e-06,0.253061,0.343515,0.078112,0.114549,0.681911,0.73668,-0.026262,-0.022145,proxy_phi_support_insufficient
999,closed_loop,L,LR,8650,0.0,0.0,1.0,0.0,1.0,0.0,1.0,0.0,0.0,nan,0.319545,nan,0.106241,nan,nan,nan,nan,proxy_phi_support_insufficient
999,closed_loop,L,ML,2950,0.006102,0.006102,1.0,0.006102,0.993898,0.0,1.0,1.3e-05,1.3e-05,0.283011,0.330014,0.0884,0.110152,0.802529,0.857573,-0.020249,-0.014938,proxy_phi_support_insufficient
999,closed_loop,L,MM,840,0.0,0.0,1.0,0.0,1.0,0.0,1.0,0.0,0.0,nan,0.342899,nan,0.112619,nan,nan,nan,nan,proxy_phi_support_insufficient
999,closed_loop,L,MR,2410,0.0,0.0,1.0,0.0,1.0,0.0,1.0,0.0,0.0,nan,0.352049,nan,0.116916,nan,nan,nan,nan,proxy_phi_support_insufficient
999,closed_loop,L,RL,8180,0.01198,0.01198,1.0,0.01198,0.98802,0.0,1.0,0.000266,0.000266,0.366888,0.324123,0.14677,0.107299,1.367858,1.131943,0.052725,0.019429,proxy_phi_support_insufficient
999,closed_loop,L,RM,2660,0.002632,0.002632,1.0,0.002632,0.997368,0.0,1.0,1e-06,1e-06,0.407474,0.325382,0.126783,0.107321,1.181352,1.252291,0.011941,0.017246,proxy_phi_support_insufficient
999,closed_loop,L,RR,7120,0.0,0.0,1.0,0.0,1.0,0.0,1.0,0.0,0.0,nan,0.317401,nan,0.105284,nan,nan,nan,nan,proxy_phi_support_insufficient
999,closed_loop,R,ALL,8970,0.00223,0.00223,1.0,0.00223,0.99777,0.0,1.0,0.0002,0.0002,0.275207,0.316634,0.093925,0.093917,1.000086,0.869165,6e-06,-0.00815,proxy_phi_support_insufficient
999,closed_loop,R,LL,1862,0.0,0.0,1.0,0.0,1.0,0.0,1.0,0.0,0.0,nan,0.2984,nan,0.089153,nan,nan,nan,nan,proxy_phi_support_insufficient
999,closed_loop,R,LM,546,0.0,0.0,1.0,0.0,1.0,0.0,1.0,0.0,0.0,nan,0.328801,nan,0.100731,nan,nan,nan,nan,proxy_phi_support_insufficient
999,closed_loop,R,LR,1730,0.006936,0.006936,1.0,0.006936,0.993064,0.0,1.0,0.000159,0.000159,0.328234,0.315517,0.099609,0.093291,1.06772,1.040305,0.008672,0.004441,proxy_phi_support_insufficient
999,closed_loop,R,ML,590,0.0,0.0,1.0,0.0,1.0,0.0,1.0,0.0,0.0,nan,0.321953,nan,0.096737,nan,nan,nan,nan,proxy_phi_support_insufficient
999,closed_loop,R,MM,168,0.0,0.0,1.0,0.0,1.0,0.0,1.0,0.0,0.0,nan,0.318994,nan,0.098661,nan,nan,nan,nan,proxy_phi_support_insufficient
999,closed_loop,R,MR,482,0.0,0.0,1.0,0.0,1.0,0.0,1.0,0.0,0.0,nan,0.349794,nan,0.102661,nan,nan,nan,nan,proxy_phi_support_insufficient
999,closed_loop,R,RL,1636,0.0,0.0,1.0,0.0,1.0,0.0,1.0,0.0,0.0,nan,0.324244,nan,0.094669,nan,nan,nan,nan,proxy_phi_support_insufficient
999,closed_loop,R,RM,532,0.00188,0.00188,1.0,0.00188,0.99812,0.0,1.0,2e-06,2e-06,0.023938,0.313728,0.008239,0.094459,0.087219,0.076302,-0.057565,-0.051233,proxy_phi_support_insufficient
999,closed_loop,R,RR,1424,0.004916,0.004916,1.0,0.004916,0.995084,0.0,1.0,3.9e-05,3.9e-05,0.220201,0.315792,0.096422,0.092527,1.042095,0.697297,0.004441,-0.028525,proxy_phi_support_insufficient
999,divergent_warmup_replay,ALL,ALL,53820,0.004329,0.004329,1.0,0.004329,0.995671,0.0,1.0,0.0011,0.0011,0.389881,0.33174,0.14104,0.108537,1.299466,1.175259,0.02641,0.015903,proxy_phi_support_insufficient
999,divergent_warmup_replay,ALL,LL,11172,0.00725,0.00725,1.0,0.00725,0.99275,0.0,1.0,0.000618,0.000618,0.407634,0.307684,0.153275,0.101901,1.504157,1.324845,0.055733,0.036312,proxy_phi_support_insufficient
999,divergent_warmup_replay,ALL,LM,3276,0.002747,0.002747,1.0,0.002747,0.997253,0.0,1.0,3e-06,3e-06,0.230147,0.356475,0.085293,0.115507,0.738418,0.645619,-0.019763,-0.028042,proxy_phi_support_insufficient
999,divergent_warmup_replay,ALL,LR,10380,0.001156,0.001156,1.0,0.001156,0.998844,0.0,1.0,0.000159,0.000159,0.344067,0.330346,0.098265,0.108195,0.908222,1.041534,-0.004259,0.001978,proxy_phi_support_insufficient
999,divergent_warmup_replay,ALL,ML,3540,0.005085,0.005085,1.0,0.005085,0.994915,0.0,1.0,1.3e-05,1.3e-05,0.399755,0.340072,0.116631,0.11155,1.04555,1.175504,0.004285,0.017186,proxy_phi_support_insufficient
999,divergent_warmup_replay,ALL,MM,1008,0.0,0.0,1.0,0.0,1.0,0.0,1.0,0.0,0.0,nan,0.361792,nan,0.115591,nan,nan,nan,nan,proxy_phi_support_insufficient
999,divergent_warmup_replay,ALL,MR,2892,0.0,0.0,1.0,0.0,1.0,0.0,1.0,0.0,0.0,nan,0.365988,nan,0.120069,nan,nan,nan,nan,proxy_phi_support_insufficient
999,divergent_warmup_replay,ALL,RL,9816,0.009984,0.009984,1.0,0.009984,0.990016,0.0,1.0,0.000266,0.000266,0.39893,0.334096,0.150473,0.109206,1.377883,1.194058,0.050006,0.026461,proxy_phi_support_insufficient
999,divergent_warmup_replay,ALL,RM,3192,0.002506,0.002506,1.0,0.002506,0.997494,0.0,1.0,3e-06,3e-06,0.38327,0.337187,0.134945,0.109377,1.23376,1.136672,0.015189,0.009146,proxy_phi_support_insufficient
999,divergent_warmup_replay,ALL,RR,8544,0.000819,0.000819,1.0,0.000819,0.999181,0.0,1.0,3.9e-05,3.9e-05,0.323838,0.33192,0.082147,0.107851,0.761669,0.97565,-0.00917,-0.000965,proxy_phi_support_insufficient
999,divergent_warmup_replay,L,ALL,44850,0.004749,0.004749,1.0,0.004749,0.995251,0.0,1.0,0.0009,0.0009,0.396422,0.331243,0.146018,0.110747,1.318479,1.19677,0.029103,0.018705,proxy_phi_support_insufficient
999,divergent_warmup_replay,L,LL,9310,0.0087,0.0087,1.0,0.0087,0.9913,0.0,1.0,0.000618,0.000618,0.407634,0.3065,0.153275,0.103946,1.474567,1.329962,0.056842,0.040305,proxy_phi_support_insufficient
999,divergent_warmup_replay,L,LM,2730,0.003297,0.003297,1.0,0.003297,0.996703,0.0,1.0,3e-06,3e-06,0.230147,0.356034,0.085293,0.117902,0.723418,0.646418,-0.02263,-0.030608,proxy_phi_support_insufficient
999,divergent_warmup_replay,L,LR,8650,0.0,0.0,1.0,0.0,1.0,0.0,1.0,0.0,0.0,nan,0.329477,nan,0.110428,nan,nan,nan,nan,proxy_phi_support_insufficient
999,divergent_warmup_replay,L,ML,2950,0.006102,0.006102,1.0,0.006102,0.993898,0.0,1.0,1.3e-05,1.3e-05,0.399755,0.339825,0.116631,0.113841,1.024503,1.176357,0.002499,0.018905,proxy_phi_support_insufficient
999,divergent_warmup_replay,L,MM,840,0.0,0.0,1.0,0.0,1.0,0.0,1.0,0.0,0.0,nan,0.363503,nan,0.11798,nan,nan,nan,nan,proxy_phi_support_insufficient
999,divergent_warmup_replay,L,MR,2410,0.0,0.0,1.0,0.0,1.0,0.0,1.0,0.0,0.0,nan,0.366921,nan,0.122486,nan,nan,nan,nan,proxy_phi_support_insufficient
999,divergent_warmup_replay,L,RL,8180,0.01198,0.01198,1.0,0.01198,0.98802,0.0,1.0,0.000266,0.000266,0.39893,0.332957,0.150473,0.111417,1.350542,1.198144,0.050226,0.0296,proxy_phi_support_insufficient
999,divergent_warmup_replay,L,RM,2660,0.002632,0.002632,1.0,0.002632,0.997368,0.0,1.0,1e-06,1e-06,0.436771,0.337919,0.153323,0.111566,1.374279,1.292532,0.024654,0.020076,proxy_phi_support_insufficient
999,divergent_warmup_replay,L,RR,7120,0.0,0.0,1.0,0.0,1.0,0.0,1.0,0.0,0.0,nan,0.332136,nan,0.110053,nan,nan,nan,nan,proxy_phi_support_insufficient
999,divergent_warmup_replay,R,ALL,8970,0.00223,0.00223,1.0,0.00223,0.99777,0.0,1.0,0.0002,0.0002,0.320222,0.334221,0.088025,0.097513,0.902696,0.958114,-0.006815,-0.002725,proxy_phi_support_insufficient
999,divergent_warmup_replay,R,LL,1862,0.0,0.0,1.0,0.0,1.0,0.0,1.0,0.0,0.0,nan,0.313553,nan,0.091765,nan,nan,nan,nan,proxy_phi_support_insufficient
999,divergent_warmup_replay,R,LM,546,0.0,0.0,1.0,0.0,1.0,0.0,1.0,0.0,0.0,nan,0.358672,nan,0.103572,nan,nan,nan,nan,proxy_phi_support_insufficient
999,divergent_warmup_replay,R,LR,1730,0.006936,0.006936,1.0,0.006936,0.993064,0.0,1.0,0.000159,0.000159,0.344067,0.33472,0.098265,0.09695,1.013557,1.027924,0.0017,0.003246,proxy_phi_support_insufficient
999,divergent_warmup_replay,R,ML,590,0.0,0.0,1.0,0.0,1.0,0.0,1.0,0.0,0.0,nan,0.341298,nan,0.100161,nan,nan,nan,nan,proxy_phi_support_insufficient
999,divergent_warmup_replay,R,MM,168,0.0,0.0,1.0,0.0,1.0,0.0,1.0,0.0,0.0,nan,0.353234,nan,0.103642,nan,nan,nan,nan,proxy_phi_support_insufficient
999,divergent_warmup_replay,R,MR,482,0.0,0.0,1.0,0.0,1.0,0.0,1.0,0.0,0.0,nan,0.361324,nan,0.107983,nan,nan,nan,nan,proxy_phi_support_insufficient
999,divergent_warmup_replay,R,RL,1636,0.0,0.0,1.0,0.0,1.0,0.0,1.0,0.0,0.0,nan,0.339725,nan,0.098285,nan,nan,nan,nan,proxy_phi_support_insufficient
999,divergent_warmup_replay,R,RM,532,0.00188,0.00188,1.0,0.00188,0.99812,0.0,1.0,2e-06,2e-06,0.008769,0.333529,0.006294,0.098437,0.063937,0.026292,-0.058188,-0.056206,proxy_phi_support_insufficient
999,divergent_warmup_replay,R,RR,1424,0.004916,0.004916,1.0,0.004916,0.995084,0.0,1.0,3.9e-05,3.9e-05,0.323838,0.330836,0.082147,0.096787,0.848735,0.978847,-0.01573,-0.002009,proxy_phi_support_insufficient
999,exact_replay,ALL,ALL,53820,0.004329,0.004329,1.0,0.004329,0.995671,0.0,1.0,0.0011,0.0011,0.365813,0.320572,0.134403,0.104568,1.285309,1.141126,0.025276,0.012549,proxy_phi_support_insufficient
999,exact_replay,ALL,LL,11172,0.00725,0.00725,1.0,0.00725,0.99275,0.0,1.0,0.000618,0.000618,0.414211,0.302469,0.14657,0.098946,1.481306,1.369435,0.053975,0.040922,proxy_phi_support_insufficient
999,exact_replay,ALL,LM,3276,0.002747,0.002747,1.0,0.002747,0.997253,0.0,1.0,3e-06,3e-06,0.253061,0.341056,0.078112,0.112239,0.695941,0.741992,-0.023251,-0.019641,proxy_phi_support_insufficient
999,exact_replay,ALL,LR,10380,0.001156,0.001156,1.0,0.001156,0.998844,0.0,1.0,0.000159,0.000159,0.328234,0.318878,0.099609,0.104095,0.956905,1.029341,-0.002005,0.001364,proxy_phi_support_insufficient
999,exact_replay,ALL,ML,3540,0.005085,0.005085,1.0,0.005085,0.994915,0.0,1.0,1.3e-05,1.3e-05,0.283011,0.328664,0.0884,0.107905,0.819243,0.861096,-0.017133,-0.013186,proxy_phi_support_insufficient
999,exact_replay,ALL,MM,1008,0.0,0.0,1.0,0.0,1.0,0.0,1.0,0.0,0.0,nan,0.338915,nan,0.110293,nan,nan,nan,nan,proxy_phi_support_insufficient
999,exact_replay,ALL,MR,2892,0.0,0.0,1.0,0.0,1.0,0.0,1.0,0.0,0.0,nan,0.351673,nan,0.11454,nan,nan,nan,nan,proxy_phi_support_insufficient
999,exact_replay,ALL,RL,9816,0.009984,0.009984,1.0,0.009984,0.990016,0.0,1.0,0.000266,0.000266,0.366888,0.324143,0.14677,0.105173,1.395511,1.131871,0.052476,0.017717,proxy_phi_support_insufficient
999,exact_replay,ALL,RM,3192,0.002506,0.002506,1.0,0.002506,0.997494,0.0,1.0,3e-06,3e-06,0.359532,0.323439,0.111965,0.105176,1.064555,1.111591,0.004199,0.007393,proxy_phi_support_insufficient
999,exact_replay,ALL,RR,8544,0.000819,0.000819,1.0,0.000819,0.999181,0.0,1.0,3.9e-05,3.9e-05,0.220201,0.317134,0.096422,0.103166,0.934628,0.694346,-0.002508,-0.011809,proxy_phi_support_insufficient
999,exact_replay,L,ALL,44850,0.004749,0.004749,1.0,0.004749,0.995251,0.0,1.0,0.0009,0.0009,0.37432,0.321361,0.138203,0.106704,1.295203,1.164796,0.027036,0.015424,proxy_phi_support_insufficient
999,exact_replay,L,LL,9310,0.0087,0.0087,1.0,0.0087,0.9913,0.0,1.0,0.000618,0.000618,0.414211,0.30329,0.14657,0.100922,1.452305,1.365728,0.05481,0.044687,proxy_phi_support_insufficient
999,exact_replay,L,LM,2730,0.003297,0.003297,1.0,0.003297,0.996703,0.0,1.0,3e-06,3e-06,0.253061,0.343515,0.078112,0.114549,0.681911,0.73668,-0.026262,-0.022145,proxy_phi_support_insufficient
999,exact_replay,L,LR,8650,0.0,0.0,1.0,0.0,1.0,0.0,1.0,0.0,0.0,nan,0.319545,nan,0.106241,nan,nan,nan,nan,proxy_phi_support_insufficient
999,exact_replay,L,ML,2950,0.006102,0.006102,1.0,0.006102,0.993898,0.0,1.0,1.3e-05,1.3e-05,0.283011,0.330014,0.0884,0.110152,0.802529,0.857573,-0.020249,-0.014938,proxy_phi_support_insufficient
999,exact_replay,L,MM,840,0.0,0.0,1.0,0.0,1.0,0.0,1.0,0.0,0.0,nan,0.342899,nan,0.112619,nan,nan,nan,nan,proxy_phi_support_insufficient
999,exact_replay,L,MR,2410,0.0,0.0,1.0,0.0,1.0,0.0,1.0,0.0,0.0,nan,0.352049,nan,0.116916,nan,nan,nan,nan,proxy_phi_support_insufficient
999,exact_replay,L,RL,8180,0.01198,0.01198,1.0,0.01198,0.98802,0.0,1.0,0.000266,0.000266,0.366888,0.324123,0.14677,0.107299,1.367858,1.131943,0.052725,0.019429,proxy_phi_support_insufficient
999,exact_replay,L,RM,2660,0.002632,0.002632,1.0,0.002632,0.997368,0.0,1.0,1e-06,1e-06,0.407474,0.325382,0.126783,0.107321,1.181352,1.252291,0.011941,0.017246,proxy_phi_support_insufficient
999,exact_replay,L,RR,7120,0.0,0.0,1.0,0.0,1.0,0.0,1.0,0.0,0.0,nan,0.317401,nan,0.105284,nan,nan,nan,nan,proxy_phi_support_insufficient
999,exact_replay,R,ALL,8970,0.00223,0.00223,1.0,0.00223,0.99777,0.0,1.0,0.0002,0.0002,0.275207,0.316634,0.093925,0.093917,1.000086,0.869165,6e-06,-0.00815,proxy_phi_support_insufficient
999,exact_replay,R,LL,1862,0.0,0.0,1.0,0.0,1.0,0.0,1.0,0.0,0.0,nan,0.2984,nan,0.089153,nan,nan,nan,nan,proxy_phi_support_insufficient
999,exact_replay,R,LM,546,0.0,0.0,1.0,0.0,1.0,0.0,1.0,0.0,0.0,nan,0.328801,nan,0.100731,nan,nan,nan,nan,proxy_phi_support_insufficient
999,exact_replay,R,LR,1730,0.006936,0.006936,1.0,0.006936,0.993064,0.0,1.0,0.000159,0.000159,0.328234,0.315517,0.099609,0.093291,1.06772,1.040305,0.008672,0.004441,proxy_phi_support_insufficient
999,exact_replay,R,ML,590,0.0,0.0,1.0,0.0,1.0,0.0,1.0,0.0,0.0,nan,0.321953,nan,0.096737,nan,nan,nan,nan,proxy_phi_support_insufficient
999,exact_replay,R,MM,168,0.0,0.0,1.0,0.0,1.0,0.0,1.0,0.0,0.0,nan,0.318994,nan,0.098661,nan,nan,nan,nan,proxy_phi_support_insufficient
999,exact_replay,R,MR,482,0.0,0.0,1.0,0.0,1.0,0.0,1.0,0.0,0.0,nan,0.349794,nan,0.102661,nan,nan,nan,nan,proxy_phi_support_insufficient
999,exact_replay,R,RL,1636,0.0,0.0,1.0,0.0,1.0,0.0,1.0,0.0,0.0,nan,0.324244,nan,0.094669,nan,nan,nan,nan,proxy_phi_support_insufficient
999,exact_replay,R,RM,532,0.00188,0.00188,1.0,0.00188,0.99812,0.0,1.0,2e-06,2e-06,0.023938,0.313728,0.008239,0.094459,0.087219,0.076302,-0.057565,-0.051233,proxy_phi_support_insufficient
999,exact_replay,R,RR,1424,0.004916,0.004916,1.0,0.004916,0.995084,0.0,1.0,3.9e-05,3.9e-05,0.220201,0.315792,0.096422,0.092527,1.042095,0.697297,0.004441,-0.028525,proxy_phi_support_insufficient
