seed,arm,event_type,subgraph,src_region,tgt_region,n_connections,n_tagged,tag_rate,mean_h_tagged,mean_h_untagged,h_tag_ratio,novelty_tag_ratio,mean_phi_tagged,mean_phi_untagged,auc_h_inverted,auc_novelty,auc_surprise,auc_pos,auc_neg,phi_mass,phi_mass_per_conn,tag_delta_mass,event_pair_dW_l1,shuffle_percentile_novelty,shuffle_percentile_surprise,high_h_tag_rate,low_h_tag_rate,within_auc_novelty,best_predictor,group_verdict
42,closed_loop,ALL,ALL,ALL,ALL,53820,223,0.004143,0.121626,0.128135,0.949199,1.081487,0.312293,0.360335,0.534468,0.565244,0.433468,0.428407,0.462923,19382.534414,0.360136,0.0011,0.0011,1.0,0.0,0.003828,0.004459,0.565244,novelty,novelty_pass
42,closed_loop,ALL,LL,L,L,11808,30,0.002541,0.163946,0.130853,1.252908,0.82132,0.475897,0.366962,0.420032,0.411663,0.459925,0.557961,0.51142,4336.357133,0.367239,0.000162,0.000162,0.03,0.0,0.003049,0.002033,0.411663,pos,novelty_inverse
42,closed_loop,ALL,LM,L,M,1824,0,0.0,nan,0.126821,nan,nan,nan,0.354704,nan,nan,nan,nan,nan,646.980497,0.354704,0.0,0.0,nan,nan,0.0,0.0,nan,h_inv,no_tags
42,closed_loop,ALL,LR,L,R,11352,78,0.006871,0.150021,0.132804,1.129644,0.972642,0.376281,0.37393,0.444532,0.479695,0.535962,0.36675,0.553991,4245.041317,0.373947,0.000283,0.000283,0.3,0.99,0.008104,0.005638,0.479695,neg,novelty_inverse_surprise_pass
42,closed_loop,ALL,ML,M,L,2100,0,0.0,nan,0.134232,nan,nan,nan,0.37631,nan,nan,nan,nan,nan,790.25013,0.37631,0.0,0.0,nan,nan,0.0,0.0,nan,h_inv,no_tags
42,closed_loop,ALL,MM,M,M,228,0,0.0,nan,0.116113,nan,nan,nan,0.325467,nan,nan,nan,nan,nan,74.206365,0.325467,0.0,0.0,nan,nan,0.0,0.0,nan,h_inv,no_tags
42,closed_loop,ALL,MR,M,R,2064,0,0.0,nan,0.122334,nan,nan,nan,0.343935,nan,nan,nan,nan,nan,709.881347,0.343935,0.0,0.0,nan,nan,0.0,0.0,nan,h_inv,no_tags
42,closed_loop,ALL,RL,R,L,11256,35,0.003109,0.063485,0.130456,0.486641,1.338684,0.17437,0.366455,0.729232,0.763925,0.355896,0.614076,0.377952,4118.094,0.365858,0.000338,0.000338,1.0,0.07,0.001066,0.005153,0.763925,novelty,novelty_pass
42,closed_loop,ALL,RM,R,M,1656,0,0.0,nan,0.132473,nan,nan,nan,0.373185,nan,nan,nan,nan,nan,617.994456,0.373185,0.0,0.0,nan,nan,0.0,0.0,nan,h_inv,no_tags
42,closed_loop,ALL,RR,R,R,11532,80,0.006937,0.103506,0.118218,0.875553,1.148805,0.248895,0.3339,0.575767,0.619998,0.36681,0.36131,0.415382,3843.72917,0.33331,0.000317,0.000317,1.0,0.0,0.005723,0.008151,0.619998,novelty,novelty_pass
42,closed_loop,L,ALL,ALL,ALL,26910,65,0.002415,0.109852,0.117544,0.934561,1.088075,0.313537,0.359408,0.54829,0.591059,0.416933,0.47992,0.453632,9668.697798,0.359298,0.0005,0.0005,1.0,0.04,0.001932,0.002899,0.591059,novelty,novelty_pass
42,closed_loop,L,LL,L,L,5904,30,0.005081,0.163946,0.119891,1.367459,0.822309,0.475897,0.3636,0.386171,0.412524,0.461463,0.438866,0.495727,2150.062202,0.36417,0.000162,0.000162,0.04,0.0,0.006775,0.003388,0.412524,neg,novelty_inverse
42,closed_loop,L,LM,L,M,912,0,0.0,nan,0.116334,nan,nan,nan,0.35819,nan,nan,nan,nan,nan,326.669423,0.35819,0.0,0.0,nan,nan,0.0,0.0,nan,h_inv,no_tags
42,closed_loop,L,LR,L,R,5676,0,0.0,nan,0.121945,nan,nan,nan,0.372936,nan,nan,nan,nan,nan,2116.782844,0.372936,0.0,0.0,nan,nan,0.0,0.0,nan,h_inv,no_tags
42,closed_loop,L,ML,M,L,1050,0,0.0,nan,0.12308,nan,nan,nan,0.379313,nan,nan,nan,nan,nan,398.278769,0.379313,0.0,0.0,nan,nan,0.0,0.0,nan,h_inv,no_tags
42,closed_loop,L,MM,M,M,114,0,0.0,nan,0.106686,nan,nan,nan,0.330778,nan,nan,nan,nan,nan,37.708721,0.330778,0.0,0.0,nan,nan,0.0,0.0,nan,h_inv,no_tags
42,closed_loop,L,MR,M,R,1032,0,0.0,nan,0.112296,nan,nan,nan,0.347687,nan,nan,nan,nan,nan,358.812526,0.347687,0.0,0.0,nan,nan,0.0,0.0,nan,h_inv,no_tags
42,closed_loop,L,RL,R,L,5628,35,0.006219,0.063485,0.119823,0.529825,1.342193,0.17437,0.365814,0.703119,0.766453,0.360706,0.508442,0.37337,2052.101726,0.364624,0.000338,0.000338,1.0,0.18,0.002132,0.010306,0.766453,novelty,novelty_pass
42,closed_loop,L,RM,R,M,828,0,0.0,nan,0.121456,nan,nan,nan,0.376283,nan,nan,nan,nan,nan,311.562123,0.376283,0.0,0.0,nan,nan,0.0,0.0,nan,h_inv,no_tags
42,closed_loop,L,RR,R,R,5766,0,0.0,nan,0.108385,nan,nan,nan,0.332418,nan,nan,nan,nan,nan,1916.719464,0.332418,0.0,0.0,nan,nan,0.0,0.0,nan,h_inv,no_tags
42,closed_loop,R,ALL,ALL,ALL,26910,158,0.005871,0.126469,0.138763,0.911406,1.077843,0.311782,0.361266,0.543378,0.553181,0.436902,0.469301,0.470289,9713.836616,0.360975,0.0006,0.0006,0.99,0.0,0.005277,0.006466,0.553181,novelty,novelty_pass
42,closed_loop,R,LL,L,L,5904,0,0.0,nan,0.141758,nan,nan,nan,0.370307,nan,nan,nan,nan,nan,2186.29493,0.370307,0.0,0.0,nan,nan,0.0,0.0,nan,h_inv,no_tags
42,closed_loop,R,LM,L,M,912,0,0.0,nan,0.137308,nan,nan,nan,0.351218,nan,nan,nan,nan,nan,320.311073,0.351218,0.0,0.0,nan,nan,0.0,0.0,nan,h_inv,no_tags
42,closed_loop,R,LR,L,R,5676,78,0.013742,0.150021,0.143815,1.043158,0.970782,0.376281,0.374939,0.478319,0.478232,0.53007,0.467914,0.562028,2128.258473,0.374957,0.000283,0.000283,0.26,0.97,0.014094,0.01339,0.478232,neg,novelty_inverse_surprise_pass
42,closed_loop,R,ML,M,L,1050,0,0.0,nan,0.145383,nan,nan,nan,0.373306,nan,nan,nan,nan,nan,391.97136,0.373306,0.0,0.0,nan,nan,0.0,0.0,nan,h_inv,no_tags
42,closed_loop,R,MM,M,M,114,0,0.0,nan,0.125539,nan,nan,nan,0.320155,nan,nan,nan,nan,nan,36.497644,0.320155,0.0,0.0,nan,nan,0.0,0.0,nan,h_inv,no_tags
42,closed_loop,R,MR,M,R,1032,0,0.0,nan,0.132372,nan,nan,nan,0.340183,nan,nan,nan,nan,nan,351.068821,0.340183,0.0,0.0,nan,nan,0.0,0.0,nan,h_inv,no_tags
42,closed_loop,R,RL,R,L,5628,0,0.0,nan,0.141023,nan,nan,nan,0.367092,nan,nan,nan,nan,nan,2065.992274,0.367092,0.0,0.0,nan,nan,0.0,0.0,nan,h_inv,no_tags
42,closed_loop,R,RM,R,M,828,0,0.0,nan,0.143491,nan,nan,nan,0.370087,nan,nan,nan,nan,nan,306.432333,0.370087,0.0,0.0,nan,nan,0.0,0.0,nan,h_inv,no_tags
42,closed_loop,R,RR,R,R,5766,80,0.013874,0.103506,0.128189,0.80745,1.14823,0.248895,0.335402,0.594996,0.617097,0.365903,0.458917,0.417864,1927.009706,0.334202,0.000317,0.000317,1.0,0.0,0.010753,0.016996,0.617097,novelty,novelty_pass
42,divergent_warmup_replay,ALL,ALL,ALL,ALL,53820,223,0.004143,0.106788,0.10919,0.978006,1.084855,0.316816,0.361931,0.526286,0.569554,0.400396,0.403943,0.458607,19469.057335,0.361744,0.0011,0.0011,1.0,0.0,0.003976,0.004311,0.569554,novelty,novelty_pass
42,divergent_warmup_replay,ALL,LL,L,L,11808,30,0.002541,0.138383,0.11116,1.244905,0.811513,0.46343,0.37193,0.418342,0.403951,0.485629,0.547425,0.573912,4394.491281,0.372162,0.000162,0.000162,0.05,0.05,0.003049,0.002033,0.403951,neg,novelty_inverse
42,divergent_warmup_replay,ALL,LM,L,M,1824,0,0.0,nan,0.108586,nan,nan,nan,0.360615,nan,nan,nan,nan,nan,657.762305,0.360615,0.0,0.0,nan,nan,0.0,0.0,nan,h_inv,no_tags
42,divergent_warmup_replay,ALL,LR,L,R,11352,78,0.006871,0.131428,0.112995,1.163131,0.968824,0.390124,0.375121,0.425446,0.474426,0.490772,0.343054,0.514424,4259.54169,0.375224,0.000283,0.000283,0.27,0.76,0.008457,0.005285,0.474426,neg,novelty_inverse
42,divergent_warmup_replay,ALL,ML,M,L,2100,0,0.0,nan,0.114155,nan,nan,nan,0.380065,nan,nan,nan,nan,nan,798.136844,0.380065,0.0,0.0,nan,nan,0.0,0.0,nan,h_inv,no_tags
42,divergent_warmup_replay,ALL,MM,M,M,228,0,0.0,nan,0.102325,nan,nan,nan,0.340614,nan,nan,nan,nan,nan,77.660024,0.340614,0.0,0.0,nan,nan,0.0,0.0,nan,h_inv,no_tags
42,divergent_warmup_replay,ALL,MR,M,R,2064,0,0.0,nan,0.1059,nan,nan,nan,0.347483,nan,nan,nan,nan,nan,717.204239,0.347483,0.0,0.0,nan,nan,0.0,0.0,nan,h_inv,no_tags
42,divergent_warmup_replay,ALL,RL,R,L,11256,35,0.003109,0.058287,0.110977,0.525216,1.329833,0.184996,0.368301,0.70419,0.755212,0.388567,0.611756,0.426916,4139.177551,0.367731,0.000338,0.000338,1.0,0.35,0.001066,0.005153,0.755212,novelty,novelty_pass
42,divergent_warmup_replay,ALL,RM,R,M,1656,0,0.0,nan,0.113032,nan,nan,nan,0.372283,nan,nan,nan,nan,nan,616.500945,0.372283,0.0,0.0,nan,nan,0.0,0.0,nan,h_inv,no_tags
42,divergent_warmup_replay,ALL,RR,R,R,11532,80,0.006937,0.092136,0.101027,0.911993,1.167341,0.24803,0.330837,0.585684,0.649046,0.280354,0.308944,0.363315,3808.582454,0.330262,0.000317,0.000317,1.0,0.0,0.00607,0.007804,0.649046,novelty,novelty_pass
42,divergent_warmup_replay,L,ALL,ALL,ALL,26910,65,0.002415,0.095254,0.097637,0.975591,1.084845,0.313504,0.359059,0.526083,0.587652,0.409857,0.420967,0.470706,9659.324716,0.358949,0.0005,0.0005,1.0,0.05,0.002081,0.00275,0.587652,novelty,novelty_pass
42,divergent_warmup_replay,L,LL,L,L,5904,30,0.005081,0.138383,0.099207,1.394887,0.815652,0.46343,0.366826,0.37607,0.408489,0.460504,0.37052,0.542861,2168.64138,0.367317,0.000162,0.000162,0.02,0.0,0.006775,0.003388,0.408489,neg,novelty_inverse
42,divergent_warmup_replay,L,LM,L,M,912,0,0.0,nan,0.097085,nan,nan,nan,0.361885,nan,nan,nan,nan,nan,330.038921,0.361885,0.0,0.0,nan,nan,0.0,0.0,nan,h_inv,no_tags
42,divergent_warmup_replay,L,LR,L,R,5676,0,0.0,nan,0.1011,nan,nan,nan,0.371366,nan,nan,nan,nan,nan,2107.871837,0.371366,0.0,0.0,nan,nan,0.0,0.0,nan,h_inv,no_tags
42,divergent_warmup_replay,L,ML,M,L,1050,0,0.0,nan,0.102067,nan,nan,nan,0.381076,nan,nan,nan,nan,nan,400.130287,0.381076,0.0,0.0,nan,nan,0.0,0.0,nan,h_inv,no_tags
42,divergent_warmup_replay,L,MM,M,M,114,0,0.0,nan,0.091798,nan,nan,nan,0.3461,nan,nan,nan,nan,nan,39.455397,0.3461,0.0,0.0,nan,nan,0.0,0.0,nan,h_inv,no_tags
42,divergent_warmup_replay,L,MR,M,R,1032,0,0.0,nan,0.094752,nan,nan,nan,0.349726,nan,nan,nan,nan,nan,360.917008,0.349726,0.0,0.0,nan,nan,0.0,0.0,nan,h_inv,no_tags
42,divergent_warmup_replay,L,RL,R,L,5628,35,0.006219,0.058287,0.099293,0.587016,1.338701,0.184996,0.366036,0.670047,0.762162,0.365145,0.436576,0.40893,2053.716364,0.364911,0.000338,0.000338,1.0,0.32,0.002843,0.009595,0.762162,novelty,novelty_pass
42,divergent_warmup_replay,L,RM,R,M,828,0,0.0,nan,0.101171,nan,nan,nan,0.375697,nan,nan,nan,nan,nan,311.076951,0.375697,0.0,0.0,nan,nan,0.0,0.0,nan,h_inv,no_tags
42,divergent_warmup_replay,L,RR,R,R,5766,0,0.0,nan,0.090428,nan,nan,nan,0.327346,nan,nan,nan,nan,nan,1887.476571,0.327346,0.0,0.0,nan,nan,0.0,0.0,nan,h_inv,no_tags
42,divergent_warmup_replay,R,ALL,ALL,ALL,26910,158,0.005871,0.111533,0.120782,0.923424,1.08122,0.318178,0.364812,0.544647,0.558716,0.408843,0.447447,0.459814,9809.732619,0.364539,0.0006,0.0006,1.0,0.0,0.005277,0.006466,0.558716,novelty,novelty_pass
42,divergent_warmup_replay,R,LL,L,L,5904,0,0.0,nan,0.123051,nan,nan,nan,0.377007,nan,nan,nan,nan,nan,2225.849901,0.377007,0.0,0.0,nan,nan,0.0,0.0,nan,h_inv,no_tags
42,divergent_warmup_replay,R,LM,L,M,912,0,0.0,nan,0.120087,nan,nan,nan,0.359346,nan,nan,nan,nan,nan,327.723384,0.359346,0.0,0.0,nan,nan,0.0,0.0,nan,h_inv,no_tags
42,divergent_warmup_replay,R,LR,L,R,5676,78,0.013742,0.131428,0.125056,1.050958,0.963062,0.390124,0.378928,0.469779,0.470083,0.515108,0.457622,0.53919,2151.669853,0.379082,0.000283,0.000283,0.16,0.93,0.014447,0.013037,0.470083,neg,novelty_inverse_surprise_pass
42,divergent_warmup_replay,R,ML,M,L,1050,0,0.0,nan,0.126242,nan,nan,nan,0.379054,nan,nan,nan,nan,nan,398.006557,0.379054,0.0,0.0,nan,nan,0.0,0.0,nan,h_inv,no_tags
42,divergent_warmup_replay,R,MM,M,M,114,0,0.0,nan,0.112852,nan,nan,nan,0.335128,nan,nan,nan,nan,nan,38.204628,0.335128,0.0,0.0,nan,nan,0.0,0.0,nan,h_inv,no_tags
42,divergent_warmup_replay,R,MR,M,R,1032,0,0.0,nan,0.117047,nan,nan,nan,0.34524,nan,nan,nan,nan,nan,356.28723,0.34524,0.0,0.0,nan,nan,0.0,0.0,nan,h_inv,no_tags
42,divergent_warmup_replay,R,RL,R,L,5628,0,0.0,nan,0.122588,nan,nan,nan,0.370551,nan,nan,nan,nan,nan,2085.461187,0.370551,0.0,0.0,nan,nan,0.0,0.0,nan,h_inv,no_tags
42,divergent_warmup_replay,R,RM,R,M,828,0,0.0,nan,0.124893,nan,nan,nan,0.36887,nan,nan,nan,nan,nan,305.423995,0.36887,0.0,0.0,nan,nan,0.0,0.0,nan,h_inv,no_tags
42,divergent_warmup_replay,R,RR,R,R,5766,80,0.013874,0.092136,0.111774,0.8243,1.161266,0.24803,0.334376,0.609451,0.641611,0.298079,0.428832,0.380984,1921.105884,0.333178,0.000317,0.000317,1.0,0.0,0.010753,0.016996,0.641611,novelty,novelty_pass
42,exact_replay,ALL,ALL,ALL,ALL,53820,223,0.004143,0.121626,0.128135,0.949199,1.081487,0.312293,0.360335,0.534468,0.565244,0.433468,0.428407,0.462923,19382.534414,0.360136,0.0011,0.0011,1.0,0.0,0.003828,0.004459,0.565244,novelty,novelty_pass
42,exact_replay,ALL,LL,L,L,11808,30,0.002541,0.163946,0.130853,1.252908,0.82132,0.475897,0.366962,0.420032,0.411663,0.459925,0.557961,0.51142,4336.357133,0.367239,0.000162,0.000162,0.07,0.01,0.003049,0.002033,0.411663,pos,novelty_inverse
42,exact_replay,ALL,LM,L,M,1824,0,0.0,nan,0.126821,nan,nan,nan,0.354704,nan,nan,nan,nan,nan,646.980497,0.354704,0.0,0.0,nan,nan,0.0,0.0,nan,h_inv,no_tags
42,exact_replay,ALL,LR,L,R,11352,78,0.006871,0.150021,0.132804,1.129644,0.972642,0.376281,0.37393,0.444532,0.479695,0.535962,0.36675,0.553991,4245.041317,0.373947,0.000283,0.000283,0.21,0.97,0.008104,0.005638,0.479695,neg,novelty_inverse_surprise_pass
42,exact_replay,ALL,ML,M,L,2100,0,0.0,nan,0.134232,nan,nan,nan,0.37631,nan,nan,nan,nan,nan,790.25013,0.37631,0.0,0.0,nan,nan,0.0,0.0,nan,h_inv,no_tags
42,exact_replay,ALL,MM,M,M,228,0,0.0,nan,0.116113,nan,nan,nan,0.325467,nan,nan,nan,nan,nan,74.206365,0.325467,0.0,0.0,nan,nan,0.0,0.0,nan,h_inv,no_tags
42,exact_replay,ALL,MR,M,R,2064,0,0.0,nan,0.122334,nan,nan,nan,0.343935,nan,nan,nan,nan,nan,709.881347,0.343935,0.0,0.0,nan,nan,0.0,0.0,nan,h_inv,no_tags
42,exact_replay,ALL,RL,R,L,11256,35,0.003109,0.063485,0.130456,0.486641,1.338684,0.17437,0.366455,0.729232,0.763925,0.355896,0.614076,0.377952,4118.094,0.365858,0.000338,0.000338,1.0,0.07,0.001066,0.005153,0.763925,novelty,novelty_pass
42,exact_replay,ALL,RM,R,M,1656,0,0.0,nan,0.132473,nan,nan,nan,0.373185,nan,nan,nan,nan,nan,617.994456,0.373185,0.0,0.0,nan,nan,0.0,0.0,nan,h_inv,no_tags
42,exact_replay,ALL,RR,R,R,11532,80,0.006937,0.103506,0.118218,0.875553,1.148805,0.248895,0.3339,0.575767,0.619998,0.36681,0.36131,0.415382,3843.72917,0.33331,0.000317,0.000317,1.0,0.0,0.005723,0.008151,0.619998,novelty,novelty_pass
42,exact_replay,L,ALL,ALL,ALL,26910,65,0.002415,0.109852,0.117544,0.934561,1.088075,0.313537,0.359408,0.54829,0.591059,0.416933,0.47992,0.453632,9668.697798,0.359298,0.0005,0.0005,0.99,0.04,0.001932,0.002899,0.591059,novelty,novelty_pass
42,exact_replay,L,LL,L,L,5904,30,0.005081,0.163946,0.119891,1.367459,0.822309,0.475897,0.3636,0.386171,0.412524,0.461463,0.438866,0.495727,2150.062202,0.36417,0.000162,0.000162,0.06,0.0,0.006775,0.003388,0.412524,neg,novelty_inverse
42,exact_replay,L,LM,L,M,912,0,0.0,nan,0.116334,nan,nan,nan,0.35819,nan,nan,nan,nan,nan,326.669423,0.35819,0.0,0.0,nan,nan,0.0,0.0,nan,h_inv,no_tags
42,exact_replay,L,LR,L,R,5676,0,0.0,nan,0.121945,nan,nan,nan,0.372936,nan,nan,nan,nan,nan,2116.782844,0.372936,0.0,0.0,nan,nan,0.0,0.0,nan,h_inv,no_tags
42,exact_replay,L,ML,M,L,1050,0,0.0,nan,0.12308,nan,nan,nan,0.379313,nan,nan,nan,nan,nan,398.278769,0.379313,0.0,0.0,nan,nan,0.0,0.0,nan,h_inv,no_tags
42,exact_replay,L,MM,M,M,114,0,0.0,nan,0.106686,nan,nan,nan,0.330778,nan,nan,nan,nan,nan,37.708721,0.330778,0.0,0.0,nan,nan,0.0,0.0,nan,h_inv,no_tags
42,exact_replay,L,MR,M,R,1032,0,0.0,nan,0.112296,nan,nan,nan,0.347687,nan,nan,nan,nan,nan,358.812526,0.347687,0.0,0.0,nan,nan,0.0,0.0,nan,h_inv,no_tags
42,exact_replay,L,RL,R,L,5628,35,0.006219,0.063485,0.119823,0.529825,1.342193,0.17437,0.365814,0.703119,0.766453,0.360706,0.508442,0.37337,2052.101726,0.364624,0.000338,0.000338,1.0,0.16,0.002132,0.010306,0.766453,novelty,novelty_pass
42,exact_replay,L,RM,R,M,828,0,0.0,nan,0.121456,nan,nan,nan,0.376283,nan,nan,nan,nan,nan,311.562123,0.376283,0.0,0.0,nan,nan,0.0,0.0,nan,h_inv,no_tags
42,exact_replay,L,RR,R,R,5766,0,0.0,nan,0.108385,nan,nan,nan,0.332418,nan,nan,nan,nan,nan,1916.719464,0.332418,0.0,0.0,nan,nan,0.0,0.0,nan,h_inv,no_tags
42,exact_replay,R,ALL,ALL,ALL,26910,158,0.005871,0.126469,0.138763,0.911406,1.077843,0.311782,0.361266,0.543378,0.553181,0.436902,0.469301,0.470289,9713.836616,0.360975,0.0006,0.0006,0.99,0.0,0.005277,0.006466,0.553181,novelty,novelty_pass
42,exact_replay,R,LL,L,L,5904,0,0.0,nan,0.141758,nan,nan,nan,0.370307,nan,nan,nan,nan,nan,2186.29493,0.370307,0.0,0.0,nan,nan,0.0,0.0,nan,h_inv,no_tags
42,exact_replay,R,LM,L,M,912,0,0.0,nan,0.137308,nan,nan,nan,0.351218,nan,nan,nan,nan,nan,320.311073,0.351218,0.0,0.0,nan,nan,0.0,0.0,nan,h_inv,no_tags
42,exact_replay,R,LR,L,R,5676,78,0.013742,0.150021,0.143815,1.043158,0.970782,0.376281,0.374939,0.478319,0.478232,0.53007,0.467914,0.562028,2128.258473,0.374957,0.000283,0.000283,0.27,0.97,0.014094,0.01339,0.478232,neg,novelty_inverse_surprise_pass
42,exact_replay,R,ML,M,L,1050,0,0.0,nan,0.145383,nan,nan,nan,0.373306,nan,nan,nan,nan,nan,391.97136,0.373306,0.0,0.0,nan,nan,0.0,0.0,nan,h_inv,no_tags
42,exact_replay,R,MM,M,M,114,0,0.0,nan,0.125539,nan,nan,nan,0.320155,nan,nan,nan,nan,nan,36.497644,0.320155,0.0,0.0,nan,nan,0.0,0.0,nan,h_inv,no_tags
42,exact_replay,R,MR,M,R,1032,0,0.0,nan,0.132372,nan,nan,nan,0.340183,nan,nan,nan,nan,nan,351.068821,0.340183,0.0,0.0,nan,nan,0.0,0.0,nan,h_inv,no_tags
42,exact_replay,R,RL,R,L,5628,0,0.0,nan,0.141023,nan,nan,nan,0.367092,nan,nan,nan,nan,nan,2065.992274,0.367092,0.0,0.0,nan,nan,0.0,0.0,nan,h_inv,no_tags
42,exact_replay,R,RM,R,M,828,0,0.0,nan,0.143491,nan,nan,nan,0.370087,nan,nan,nan,nan,nan,306.432333,0.370087,0.0,0.0,nan,nan,0.0,0.0,nan,h_inv,no_tags
42,exact_replay,R,RR,R,R,5766,80,0.013874,0.103506,0.128189,0.80745,1.14823,0.248895,0.335402,0.594996,0.617097,0.365903,0.458917,0.417864,1927.009706,0.334202,0.000317,0.000317,1.0,0.0,0.010753,0.016996,0.617097,novelty,novelty_pass
77,closed_loop,ALL,ALL,ALL,ALL,62790,493,0.007852,0.109367,0.108501,1.007989,1.030071,0.339835,0.362383,0.491829,0.521084,0.479522,0.45426,0.516592,22742.892137,0.362206,0.0013,0.0013,0.97,0.31,0.008218,0.007485,0.521084,novelty,novelty_pass
77,closed_loop,ALL,LL,L,L,12488,64,0.005125,0.132969,0.099009,1.343001,0.947682,0.361187,0.326923,0.395668,0.49417,0.462108,0.369539,0.505325,4084.804384,0.327098,0.00028,0.00028,0.41,0.05,0.006246,0.004004,0.49417,neg,null
77,closed_loop,ALL,LM,L,M,2926,0,0.0,nan,0.099247,nan,nan,nan,0.329637,nan,nan,nan,nan,nan,964.51881,0.329637,0.0,0.0,nan,nan,0.0,0.0,nan,h_inv,no_tags
77,closed_loop,ALL,LR,L,R,12516,72,0.005753,0.098495,0.106058,0.928692,0.919659,0.374722,0.354056,0.494777,0.440238,0.52554,0.550034,0.583684,4432.84887,0.354175,0.000173,0.000173,0.07,0.93,0.005912,0.005593,0.440238,neg,novelty_inverse_surprise_pass
77,closed_loop,ALL,ML,M,L,2828,0,0.0,nan,0.104598,nan,nan,nan,0.346035,nan,nan,nan,nan,nan,978.585989,0.346035,0.0,0.0,nan,nan,0.0,0.0,nan,h_inv,no_tags
77,closed_loop,ALL,MM,M,M,826,0,0.0,nan,0.094095,nan,nan,nan,0.306103,nan,nan,nan,nan,nan,252.84145,0.306103,0.0,0.0,nan,nan,0.0,0.0,nan,h_inv,no_tags
77,closed_loop,ALL,MR,M,R,3206,12,0.003743,0.055097,0.105101,0.524232,1.254725,0.218848,0.351392,0.683156,0.658344,0.559539,0.621034,0.44307,1124.97074,0.350895,1.1e-05,1.1e-05,0.97,0.91,0.001871,0.005614,0.658344,h_inv,novelty_pass
77,closed_loop,ALL,RL,R,L,12250,234,0.019102,0.117748,0.112274,1.048757,1.074767,0.336713,0.377488,0.485917,0.550118,0.428824,0.392108,0.481661,4614.685471,0.376709,0.000601,0.000601,1.0,0.0,0.021878,0.016327,0.550118,novelty,novelty_pass
77,closed_loop,ALL,RM,R,M,2968,27,0.009097,0.087641,0.109476,0.800549,1.232147,0.250032,0.366164,0.569245,0.626897,0.62628,0.510837,0.513317,1083.639733,0.365108,1.9e-05,1.9e-05,0.99,1.0,0.004717,0.013477,0.626897,novelty,novelty_pass
77,closed_loop,ALL,RR,R,R,12782,84,0.006572,0.092094,0.121178,0.75999,1.075925,0.348513,0.40768,0.588021,0.54036,0.510769,0.552762,0.554234,5205.996689,0.407291,0.000216,0.000216,0.89,0.98,0.004694,0.008449,0.54036,h_inv,novelty_weak
77,closed_loop,L,ALL,ALL,ALL,40365,325,0.008052,0.118244,0.124327,0.951076,1.045316,0.334331,0.363338,0.523237,0.534001,0.470515,0.475314,0.50707,14656.704164,0.363104,0.0009,0.0009,0.97,0.02,0.00768,0.008423,0.534001,novelty,novelty_pass
77,closed_loop,L,LL,L,L,8028,64,0.007972,0.132969,0.113498,1.171557,0.941578,0.361187,0.328718,0.448018,0.488717,0.480594,0.435599,0.520398,2641.023372,0.328977,0.00028,0.00028,0.29,0.07,0.008969,0.006976,0.488717,neg,null
77,closed_loop,L,LM,L,M,1881,0,0.0,nan,0.113728,nan,nan,nan,0.3313,nan,nan,nan,nan,nan,623.175114,0.3313,0.0,0.0,nan,nan,0.0,0.0,nan,h_inv,no_tags
77,closed_loop,L,LR,L,R,8046,0,0.0,nan,0.121408,nan,nan,nan,0.354474,nan,nan,nan,nan,nan,2852.095635,0.354474,0.0,0.0,nan,nan,0.0,0.0,nan,h_inv,no_tags
77,closed_loop,L,ML,M,L,1818,0,0.0,nan,0.119918,nan,nan,nan,0.34791,nan,nan,nan,nan,nan,632.49977,0.34791,0.0,0.0,nan,nan,0.0,0.0,nan,h_inv,no_tags
77,closed_loop,L,MM,M,M,531,0,0.0,nan,0.107674,nan,nan,nan,0.311328,nan,nan,nan,nan,nan,165.3154,0.311328,0.0,0.0,nan,nan,0.0,0.0,nan,h_inv,no_tags
77,closed_loop,L,MR,M,R,2061,0,0.0,nan,0.120102,nan,nan,nan,0.351391,nan,nan,nan,nan,nan,724.217509,0.351391,0.0,0.0,nan,nan,0.0,0.0,nan,h_inv,no_tags
77,closed_loop,L,RL,R,L,7875,234,0.029714,0.117748,0.129047,0.912443,1.066931,0.336713,0.377981,0.540766,0.544397,0.448252,0.477766,0.499649,2966.94463,0.376755,0.000601,0.000601,0.98,0.0,0.026917,0.032512,0.544397,novelty,novelty_pass
77,closed_loop,L,RM,R,M,1908,27,0.014151,0.087641,0.12563,0.697612,1.223819,0.250032,0.368939,0.618229,0.623742,0.646543,0.542324,0.513045,700.724978,0.367256,1.9e-05,1.9e-05,0.99,1.0,0.007338,0.020964,0.623742,surprise,novelty_pass
77,closed_loop,L,RR,R,R,8217,0,0.0,nan,0.138529,nan,nan,nan,0.407778,nan,nan,nan,nan,nan,3350.707755,0.407778,0.0,0.0,nan,nan,0.0,0.0,nan,h_inv,no_tags
77,closed_loop,R,ALL,ALL,ALL,22425,168,0.007492,0.092195,0.08003,1.15201,0.99893,0.350484,0.360664,0.416407,0.495274,0.495367,0.443375,0.533377,8086.187973,0.360588,0.0004,0.0004,0.4,0.85,0.010256,0.004727,0.495274,neg,null
77,closed_loop,R,LL,L,L,4460,0,0.0,nan,0.073137,nan,nan,nan,0.323718,nan,nan,nan,nan,nan,1443.781013,0.323718,0.0,0.0,nan,nan,0.0,0.0,nan,h_inv,no_tags
77,closed_loop,R,LM,L,M,1045,0,0.0,nan,0.073181,nan,nan,nan,0.326645,nan,nan,nan,nan,nan,341.343696,0.326645,0.0,0.0,nan,nan,0.0,0.0,nan,h_inv,no_tags
77,closed_loop,R,LR,L,R,4470,72,0.016107,0.098495,0.077976,1.263155,0.931439,0.374722,0.353291,0.375464,0.449728,0.484093,0.399456,0.54767,1580.753235,0.353636,0.000173,0.000173,0.05,0.61,0.023714,0.008501,0.449728,neg,novelty_inverse
77,closed_loop,R,ML,M,L,1010,0,0.0,nan,0.077021,nan,nan,nan,0.34266,nan,nan,nan,nan,nan,346.086219,0.34266,0.0,0.0,nan,nan,0.0,0.0,nan,h_inv,no_tags
77,closed_loop,R,MM,M,M,295,0,0.0,nan,0.069652,nan,nan,nan,0.296698,nan,nan,nan,nan,nan,87.526051,0.296698,0.0,0.0,nan,nan,0.0,0.0,nan,h_inv,no_tags
77,closed_loop,R,MR,M,R,1145,12,0.01048,0.055097,0.077812,0.708082,1.27406,0.218848,0.351392,0.610032,0.671595,0.525522,0.702339,0.445646,400.75323,0.350003,1.1e-05,1.1e-05,0.97,0.85,0.006981,0.013986,0.671595,pos,novelty_pass
77,closed_loop,R,RL,R,L,4375,0,0.0,nan,0.082979,nan,nan,nan,0.376626,nan,nan,nan,nan,nan,1647.740841,0.376626,0.0,0.0,nan,nan,0.0,0.0,nan,h_inv,no_tags
77,closed_loop,R,RM,R,M,1060,0,0.0,nan,0.08081,nan,nan,nan,0.36124,nan,nan,nan,nan,nan,382.914755,0.36124,0.0,0.0,nan,nan,0.0,0.0,nan,h_inv,no_tags
77,closed_loop,R,RR,R,R,4565,84,0.018401,0.092094,0.08936,1.030593,1.095184,0.348513,0.407501,0.460468,0.552529,0.4725,0.419183,0.519779,1855.288934,0.406416,0.000216,0.000216,0.97,0.72,0.023215,0.013585,0.552529,novelty,novelty_pass
77,divergent_warmup_replay,ALL,ALL,ALL,ALL,62790,493,0.007852,0.118005,0.118515,0.995702,1.026899,0.340138,0.3612,0.496492,0.516289,0.477401,0.476101,0.499601,22669.352709,0.361034,0.0013,0.0013,0.88,0.18,0.00809,0.007613,0.516289,novelty,novelty_weak
77,divergent_warmup_replay,ALL,LL,L,L,12488,64,0.005125,0.138053,0.106191,1.300051,0.948459,0.352088,0.329005,0.413764,0.486721,0.490482,0.450112,0.481466,4110.087797,0.329123,0.00028,0.00028,0.26,0.22,0.006246,0.004004,0.486721,surprise,null
77,divergent_warmup_replay,ALL,LM,L,M,2926,0,0.0,nan,0.107416,nan,nan,nan,0.330156,nan,nan,nan,nan,nan,966.036652,0.330156,0.0,0.0,nan,nan,0.0,0.0,nan,h_inv,no_tags
77,divergent_warmup_replay,ALL,LR,L,R,12516,72,0.005753,0.110503,0.115664,0.955383,0.925722,0.385198,0.351912,0.488831,0.443072,0.451019,0.533714,0.513198,4406.925584,0.352103,0.000173,0.000173,0.09,0.03,0.006232,0.005273,0.443072,pos,novelty_inverse
77,divergent_warmup_replay,ALL,ML,M,L,2828,0,0.0,nan,0.113727,nan,nan,nan,0.348394,nan,nan,nan,nan,nan,985.258008,0.348394,0.0,0.0,nan,nan,0.0,0.0,nan,h_inv,no_tags
77,divergent_warmup_replay,ALL,MM,M,M,826,0,0.0,nan,0.102439,nan,nan,nan,0.310935,nan,nan,nan,nan,nan,256.832267,0.310935,0.0,0.0,nan,nan,0.0,0.0,nan,h_inv,no_tags
77,divergent_warmup_replay,ALL,MR,M,R,3206,12,0.003743,0.064327,0.116069,0.55421,1.227716,0.299103,0.349121,0.669824,0.645794,0.744704,0.781961,0.40276,1118.681866,0.348934,1.1e-05,1.1e-05,0.94,1.0,0.001871,0.005614,0.645794,pos,novelty_pass
77,divergent_warmup_replay,ALL,RL,R,L,12250,234,0.019102,0.126159,0.122678,1.028377,1.063476,0.331753,0.374987,0.492007,0.540757,0.457096,0.415666,0.501685,4583.47845,0.374162,0.000601,0.000601,0.98,0.01,0.020082,0.018122,0.540757,novelty,novelty_pass
77,divergent_warmup_replay,ALL,RM,R,M,2968,27,0.009097,0.086929,0.121098,0.717838,1.252697,0.205754,0.366003,0.606647,0.637853,0.564711,0.402005,0.567771,1081.970808,0.364545,1.9e-05,1.9e-05,0.98,1.0,0.005391,0.012803,0.637853,novelty,novelty_pass
77,divergent_warmup_replay,ALL,RR,R,R,12782,84,0.006572,0.104102,0.134112,0.776235,1.078083,0.364827,0.403956,0.585697,0.544463,0.442485,0.576767,0.474703,5160.081277,0.403699,0.000216,0.000216,0.92,0.26,0.005164,0.00798,0.544463,h_inv,novelty_pass
77,divergent_warmup_replay,L,ALL,ALL,ALL,40365,325,0.008052,0.125242,0.133537,0.937883,1.048844,0.32529,0.3617,0.527115,0.53326,0.47306,0.471901,0.505565,14588.181562,0.361407,0.0009,0.0009,0.94,0.07,0.007581,0.008522,0.53326,novelty,novelty_pass
77,divergent_warmup_replay,L,LL,L,L,8028,64,0.007972,0.138053,0.119723,1.153104,0.948675,0.352088,0.332618,0.456792,0.485705,0.493347,0.467724,0.495032,2671.499531,0.332773,0.00028,0.00028,0.36,0.27,0.008969,0.006976,0.485705,neg,null
77,divergent_warmup_replay,L,LM,L,M,1881,0,0.0,nan,0.121031,nan,nan,nan,0.333994,nan,nan,nan,nan,nan,628.242258,0.333994,0.0,0.0,nan,nan,0.0,0.0,nan,h_inv,no_tags
77,divergent_warmup_replay,L,LR,L,R,8046,0,0.0,nan,0.130278,nan,nan,nan,0.352696,nan,nan,nan,nan,nan,2837.789654,0.352696,0.0,0.0,nan,nan,0.0,0.0,nan,h_inv,no_tags
77,divergent_warmup_replay,L,ML,M,L,1818,0,0.0,nan,0.128126,nan,nan,nan,0.348084,nan,nan,nan,nan,nan,632.817195,0.348084,0.0,0.0,nan,nan,0.0,0.0,nan,h_inv,no_tags
77,divergent_warmup_replay,L,MM,M,M,531,0,0.0,nan,0.115188,nan,nan,nan,0.309637,nan,nan,nan,nan,nan,164.417294,0.309637,0.0,0.0,nan,nan,0.0,0.0,nan,h_inv,no_tags
77,divergent_warmup_replay,L,MR,M,R,2061,0,0.0,nan,0.13039,nan,nan,nan,0.347026,nan,nan,nan,nan,nan,715.219752,0.347026,0.0,0.0,nan,nan,0.0,0.0,nan,h_inv,no_tags
77,divergent_warmup_replay,L,RL,R,L,7875,234,0.029714,0.126159,0.138595,0.910275,1.063845,0.331753,0.375745,0.539741,0.540689,0.458918,0.474701,0.499826,2948.701338,0.374438,0.000601,0.000601,0.99,0.0,0.026663,0.032766,0.540689,novelty,novelty_pass
77,divergent_warmup_replay,L,RM,R,M,1908,27,0.014151,0.086929,0.136627,0.636249,1.252881,0.205754,0.365977,0.644712,0.639416,0.567409,0.459901,0.576191,693.95793,0.36371,1.9e-05,1.9e-05,0.98,0.99,0.007338,0.020964,0.639416,h_inv,novelty_pass
77,divergent_warmup_replay,L,RR,R,R,8217,0,0.0,nan,0.150743,nan,nan,nan,0.401063,nan,nan,nan,nan,nan,3295.53661,0.401063,0.0,0.0,nan,nan,0.0,0.0,nan,h_inv,no_tags
77,divergent_warmup_replay,R,ALL,ALL,ALL,22425,168,0.007492,0.104005,0.091489,1.136802,0.984422,0.368863,0.3603,0.423538,0.482749,0.485922,0.482412,0.490793,8081.171147,0.360364,0.0004,0.0004,0.19,0.65,0.010078,0.004905,0.482749,neg,null
77,divergent_warmup_replay,R,LL,L,L,4460,0,0.0,nan,0.082026,nan,nan,nan,0.322553,nan,nan,nan,nan,nan,1438.588265,0.322553,0.0,0.0,nan,nan,0.0,0.0,nan,h_inv,no_tags
77,divergent_warmup_replay,R,LM,L,M,1045,0,0.0,nan,0.082908,nan,nan,nan,0.323248,nan,nan,nan,nan,nan,337.794394,0.323248,0.0,0.0,nan,nan,0.0,0.0,nan,h_inv,no_tags
77,divergent_warmup_replay,R,LR,L,R,4470,72,0.016107,0.110503,0.088927,1.242627,0.924975,0.385198,0.350478,0.387983,0.442689,0.444921,0.453385,0.50643,1569.135931,0.351037,0.000173,0.000173,0.01,0.06,0.022819,0.009396,0.442689,neg,novelty_inverse
77,divergent_warmup_replay,R,ML,M,L,1010,0,0.0,nan,0.08781,nan,nan,nan,0.348951,nan,nan,nan,nan,nan,352.440814,0.348951,0.0,0.0,nan,nan,0.0,0.0,nan,h_inv,no_tags
77,divergent_warmup_replay,R,MM,M,M,295,0,0.0,nan,0.079493,nan,nan,nan,0.313271,nan,nan,nan,nan,nan,92.414972,0.313271,0.0,0.0,nan,nan,0.0,0.0,nan,h_inv,no_tags
77,divergent_warmup_replay,R,MR,M,R,1145,12,0.01048,0.064327,0.090019,0.714588,1.23204,0.299103,0.352933,0.602457,0.64747,0.745146,0.745808,0.433583,403.462114,0.352369,1.1e-05,1.1e-05,0.96,1.0,0.006981,0.013986,0.64747,pos,novelty_pass
77,divergent_warmup_replay,R,RL,R,L,4375,0,0.0,nan,0.094879,nan,nan,nan,0.373663,nan,nan,nan,nan,nan,1634.777112,0.373663,0.0,0.0,nan,nan,0.0,0.0,nan,h_inv,no_tags
77,divergent_warmup_replay,R,RM,R,M,1060,0,0.0,nan,0.093541,nan,nan,nan,0.36605,nan,nan,nan,nan,nan,388.012878,0.36605,0.0,0.0,nan,nan,0.0,0.0,nan,h_inv,no_tags
77,divergent_warmup_replay,R,RR,R,R,4565,84,0.018401,0.104102,0.103616,1.004695,1.080763,0.364827,0.409261,0.473903,0.545858,0.44046,0.453672,0.483342,1864.544667,0.408444,0.000216,0.000216,0.9,0.28,0.021901,0.014899,0.545858,novelty,novelty_weak
77,exact_replay,ALL,ALL,ALL,ALL,62790,493,0.007852,0.109367,0.108501,1.007989,1.030071,0.339835,0.362383,0.491829,0.521084,0.479522,0.45426,0.516592,22742.892137,0.362206,0.0013,0.0013,0.97,0.28,0.008218,0.007485,0.521084,novelty,novelty_pass
77,exact_replay,ALL,LL,L,L,12488,64,0.005125,0.132969,0.099009,1.343001,0.947682,0.361187,0.326923,0.395668,0.49417,0.462108,0.369539,0.505325,4084.804384,0.327098,0.00028,0.00028,0.47,0.0,0.006246,0.004004,0.49417,neg,null
77,exact_replay,ALL,LM,L,M,2926,0,0.0,nan,0.099247,nan,nan,nan,0.329637,nan,nan,nan,nan,nan,964.51881,0.329637,0.0,0.0,nan,nan,0.0,0.0,nan,h_inv,no_tags
77,exact_replay,ALL,LR,L,R,12516,72,0.005753,0.098495,0.106058,0.928692,0.919659,0.374722,0.354056,0.494777,0.440238,0.52554,0.550034,0.583684,4432.84887,0.354175,0.000173,0.000173,0.04,0.93,0.005912,0.005593,0.440238,neg,novelty_inverse_surprise_pass
77,exact_replay,ALL,ML,M,L,2828,0,0.0,nan,0.104598,nan,nan,nan,0.346035,nan,nan,nan,nan,nan,978.585989,0.346035,0.0,0.0,nan,nan,0.0,0.0,nan,h_inv,no_tags
77,exact_replay,ALL,MM,M,M,826,0,0.0,nan,0.094095,nan,nan,nan,0.306103,nan,nan,nan,nan,nan,252.84145,0.306103,0.0,0.0,nan,nan,0.0,0.0,nan,h_inv,no_tags
77,exact_replay,ALL,MR,M,R,3206,12,0.003743,0.055097,0.105101,0.524232,1.254725,0.218848,0.351392,0.683156,0.658344,0.559539,0.621034,0.44307,1124.97074,0.350895,1.1e-05,1.1e-05,0.98,0.99,0.001871,0.005614,0.658344,h_inv,novelty_pass
77,exact_replay,ALL,RL,R,L,12250,234,0.019102,0.117748,0.112274,1.048757,1.074767,0.336713,0.377488,0.485917,0.550118,0.428824,0.392108,0.481661,4614.685471,0.376709,0.000601,0.000601,0.98,0.0,0.021878,0.016327,0.550118,novelty,novelty_pass
77,exact_replay,ALL,RM,R,M,2968,27,0.009097,0.087641,0.109476,0.800549,1.232147,0.250032,0.366164,0.569245,0.626897,0.62628,0.510837,0.513317,1083.639733,0.365108,1.9e-05,1.9e-05,0.98,1.0,0.004717,0.013477,0.626897,novelty,novelty_pass
77,exact_replay,ALL,RR,R,R,12782,84,0.006572,0.092094,0.121178,0.75999,1.075925,0.348513,0.40768,0.588021,0.54036,0.510769,0.552762,0.554234,5205.996689,0.407291,0.000216,0.000216,0.88,1.0,0.004694,0.008449,0.54036,h_inv,novelty_weak
77,exact_replay,L,ALL,ALL,ALL,40365,325,0.008052,0.118244,0.124327,0.951076,1.045316,0.334331,0.363338,0.523237,0.534001,0.470515,0.475314,0.50707,14656.704164,0.363104,0.0009,0.0009,0.99,0.01,0.00768,0.008423,0.534001,novelty,novelty_pass
77,exact_replay,L,LL,L,L,8028,64,0.007972,0.132969,0.113498,1.171557,0.941578,0.361187,0.328718,0.448018,0.488717,0.480594,0.435599,0.520398,2641.023372,0.328977,0.00028,0.00028,0.45,0.08,0.008969,0.006976,0.488717,neg,null
77,exact_replay,L,LM,L,M,1881,0,0.0,nan,0.113728,nan,nan,nan,0.3313,nan,nan,nan,nan,nan,623.175114,0.3313,0.0,0.0,nan,nan,0.0,0.0,nan,h_inv,no_tags
77,exact_replay,L,LR,L,R,8046,0,0.0,nan,0.121408,nan,nan,nan,0.354474,nan,nan,nan,nan,nan,2852.095635,0.354474,0.0,0.0,nan,nan,0.0,0.0,nan,h_inv,no_tags
77,exact_replay,L,ML,M,L,1818,0,0.0,nan,0.119918,nan,nan,nan,0.34791,nan,nan,nan,nan,nan,632.49977,0.34791,0.0,0.0,nan,nan,0.0,0.0,nan,h_inv,no_tags
77,exact_replay,L,MM,M,M,531,0,0.0,nan,0.107674,nan,nan,nan,0.311328,nan,nan,nan,nan,nan,165.3154,0.311328,0.0,0.0,nan,nan,0.0,0.0,nan,h_inv,no_tags
77,exact_replay,L,MR,M,R,2061,0,0.0,nan,0.120102,nan,nan,nan,0.351391,nan,nan,nan,nan,nan,724.217509,0.351391,0.0,0.0,nan,nan,0.0,0.0,nan,h_inv,no_tags
77,exact_replay,L,RL,R,L,7875,234,0.029714,0.117748,0.129047,0.912443,1.066931,0.336713,0.377981,0.540766,0.544397,0.448252,0.477766,0.499649,2966.94463,0.376755,0.000601,0.000601,1.0,0.0,0.026917,0.032512,0.544397,novelty,novelty_pass
77,exact_replay,L,RM,R,M,1908,27,0.014151,0.087641,0.12563,0.697612,1.223819,0.250032,0.368939,0.618229,0.623742,0.646543,0.542324,0.513045,700.724978,0.367256,1.9e-05,1.9e-05,0.97,1.0,0.007338,0.020964,0.623742,surprise,novelty_pass
77,exact_replay,L,RR,R,R,8217,0,0.0,nan,0.138529,nan,nan,nan,0.407778,nan,nan,nan,nan,nan,3350.707755,0.407778,0.0,0.0,nan,nan,0.0,0.0,nan,h_inv,no_tags
77,exact_replay,R,ALL,ALL,ALL,22425,168,0.007492,0.092195,0.08003,1.15201,0.99893,0.350484,0.360664,0.416407,0.495274,0.495367,0.443375,0.533377,8086.187973,0.360588,0.0004,0.0004,0.35,0.86,0.010256,0.004727,0.495274,neg,null
77,exact_replay,R,LL,L,L,4460,0,0.0,nan,0.073137,nan,nan,nan,0.323718,nan,nan,nan,nan,nan,1443.781013,0.323718,0.0,0.0,nan,nan,0.0,0.0,nan,h_inv,no_tags
77,exact_replay,R,LM,L,M,1045,0,0.0,nan,0.073181,nan,nan,nan,0.326645,nan,nan,nan,nan,nan,341.343696,0.326645,0.0,0.0,nan,nan,0.0,0.0,nan,h_inv,no_tags
77,exact_replay,R,LR,L,R,4470,72,0.016107,0.098495,0.077976,1.263155,0.931439,0.374722,0.353291,0.375464,0.449728,0.484093,0.399456,0.54767,1580.753235,0.353636,0.000173,0.000173,0.09,0.56,0.023714,0.008501,0.449728,neg,novelty_inverse
77,exact_replay,R,ML,M,L,1010,0,0.0,nan,0.077021,nan,nan,nan,0.34266,nan,nan,nan,nan,nan,346.086219,0.34266,0.0,0.0,nan,nan,0.0,0.0,nan,h_inv,no_tags
77,exact_replay,R,MM,M,M,295,0,0.0,nan,0.069652,nan,nan,nan,0.296698,nan,nan,nan,nan,nan,87.526051,0.296698,0.0,0.0,nan,nan,0.0,0.0,nan,h_inv,no_tags
77,exact_replay,R,MR,M,R,1145,12,0.01048,0.055097,0.077812,0.708082,1.27406,0.218848,0.351392,0.610032,0.671595,0.525522,0.702339,0.445646,400.75323,0.350003,1.1e-05,1.1e-05,0.99,0.77,0.006981,0.013986,0.671595,pos,novelty_pass
77,exact_replay,R,RL,R,L,4375,0,0.0,nan,0.082979,nan,nan,nan,0.376626,nan,nan,nan,nan,nan,1647.740841,0.376626,0.0,0.0,nan,nan,0.0,0.0,nan,h_inv,no_tags
77,exact_replay,R,RM,R,M,1060,0,0.0,nan,0.08081,nan,nan,nan,0.36124,nan,nan,nan,nan,nan,382.914755,0.36124,0.0,0.0,nan,nan,0.0,0.0,nan,h_inv,no_tags
77,exact_replay,R,RR,R,R,4565,84,0.018401,0.092094,0.08936,1.030593,1.095184,0.348513,0.407501,0.460468,0.552529,0.4725,0.419183,0.519779,1855.288934,0.406416,0.000216,0.000216,0.94,0.77,0.023215,0.013585,0.552529,novelty,novelty_pass
123,closed_loop,ALL,ALL,ALL,ALL,35880,225,0.006271,0.15529,0.124998,1.242339,0.888345,0.434436,0.375062,0.399442,0.427814,0.548909,0.44927,0.537084,13470.584418,0.375434,0.0007,0.0007,0.0,0.97,0.008027,0.004515,0.427814,surprise,novelty_inverse_surprise_pass
123,closed_loop,ALL,LL,L,L,7168,40,0.00558,0.184556,0.137505,1.34218,0.90142,0.475753,0.417336,0.339306,0.44234,0.485746,0.396479,0.466618,2993.799619,0.417662,6.7e-05,6.7e-05,0.15,0.5,0.008371,0.00279,0.44234,surprise,novelty_inverse
123,closed_loop,ALL,LM,L,M,2056,0,0.0,nan,0.123393,nan,nan,nan,0.373689,nan,nan,nan,nan,nan,768.305119,0.373689,0.0,0.0,nan,nan,0.0,0.0,nan,h_inv,no_tags
123,closed_loop,ALL,LR,L,R,7000,48,0.006857,0.15192,0.124083,1.224341,0.900401,0.427675,0.370389,0.403811,0.439319,0.594493,0.448195,0.549072,2595.471125,0.370782,0.000129,0.000129,0.07,1.0,0.008571,0.005143,0.439319,surprise,novelty_inverse_surprise_pass
123,closed_loop,ALL,ML,M,L,2016,0,0.0,nan,0.125097,nan,nan,nan,0.376348,nan,nan,nan,nan,nan,758.717196,0.376348,0.0,0.0,nan,nan,0.0,0.0,nan,h_inv,no_tags
123,closed_loop,ALL,MM,M,M,584,0,0.0,nan,0.120012,nan,nan,nan,0.363186,nan,nan,nan,nan,nan,212.100764,0.363186,0.0,0.0,nan,nan,0.0,0.0,nan,h_inv,no_tags
123,closed_loop,ALL,MR,M,R,1824,0,0.0,nan,0.11994,nan,nan,nan,0.359011,nan,nan,nan,nan,nan,654.836122,0.359011,0.0,0.0,nan,nan,0.0,0.0,nan,h_inv,no_tags
123,closed_loop,ALL,RL,R,L,6880,69,0.010029,0.137311,0.123836,1.108817,0.983272,0.387544,0.371197,0.458402,0.480378,0.528872,0.504418,0.496339,2554.962857,0.371361,0.000233,0.000233,0.31,0.63,0.011047,0.009012,0.480378,surprise,null
123,closed_loop,ALL,RM,R,M,1696,0,0.0,nan,0.118888,nan,nan,nan,0.355592,nan,nan,nan,nan,nan,603.084474,0.355592,0.0,0.0,nan,nan,0.0,0.0,nan,h_inv,no_tags
123,closed_loop,ALL,RR,R,R,6656,68,0.010216,0.158698,0.117522,1.350376,0.770799,0.462486,0.348794,0.367138,0.3552,0.575119,0.44152,0.615605,2329.307141,0.349956,0.000271,0.000271,0.0,0.62,0.014123,0.00631,0.3552,neg,novelty_inverse
123,closed_loop,L,ALL,ALL,ALL,13455,109,0.008101,0.154649,0.135122,1.144508,0.930275,0.419914,0.378811,0.434337,0.448092,0.530734,0.505931,0.507445,5101.381748,0.379144,0.0003,0.0003,0.03,0.81,0.009364,0.006838,0.448092,surprise,novelty_inverse
123,closed_loop,L,LL,L,L,2688,40,0.014881,0.184556,0.148389,1.243727,0.897922,0.475753,0.421251,0.378918,0.440153,0.505457,0.448584,0.491418,1134.502885,0.422062,6.7e-05,6.7e-05,0.12,0.77,0.020833,0.008929,0.440153,surprise,novelty_inverse
123,closed_loop,L,LM,L,M,771,0,0.0,nan,0.133404,nan,nan,nan,0.376894,nan,nan,nan,nan,nan,290.584898,0.376894,0.0,0.0,nan,nan,0.0,0.0,nan,h_inv,no_tags
123,closed_loop,L,LR,L,R,2625,0,0.0,nan,0.134199,nan,nan,nan,0.37399,nan,nan,nan,nan,nan,981.723648,0.37399,0.0,0.0,nan,nan,0.0,0.0,nan,h_inv,no_tags
123,closed_loop,L,ML,M,L,756,0,0.0,nan,0.135136,nan,nan,nan,0.378369,nan,nan,nan,nan,nan,286.047026,0.378369,0.0,0.0,nan,nan,0.0,0.0,nan,h_inv,no_tags
123,closed_loop,L,MM,M,M,219,0,0.0,nan,0.129755,nan,nan,nan,0.368309,nan,nan,nan,nan,nan,80.659777,0.368309,0.0,0.0,nan,nan,0.0,0.0,nan,h_inv,no_tags
123,closed_loop,L,MR,M,R,684,0,0.0,nan,0.129686,nan,nan,nan,0.36456,nan,nan,nan,nan,nan,249.35936,0.36456,0.0,0.0,nan,nan,0.0,0.0,nan,h_inv,no_tags
123,closed_loop,L,RL,R,L,2580,69,0.026744,0.137311,0.133828,1.026026,0.979965,0.387544,0.376313,0.488021,0.477216,0.540105,0.533508,0.514859,971.663437,0.376614,0.000233,0.000233,0.29,0.8,0.027132,0.026357,0.477216,surprise,novelty_inverse
123,closed_loop,L,RM,R,M,636,0,0.0,nan,0.128561,nan,nan,nan,0.358073,nan,nan,nan,nan,nan,227.7346,0.358073,0.0,0.0,nan,nan,0.0,0.0,nan,h_inv,no_tags
123,closed_loop,L,RR,R,R,2496,0,0.0,nan,0.12748,nan,nan,nan,0.352206,nan,nan,nan,nan,nan,879.106117,0.352206,0.0,0.0,nan,nan,0.0,0.0,nan,h_inv,no_tags
123,closed_loop,R,ALL,ALL,ALL,22425,116,0.005173,0.155894,0.118942,1.31067,0.847964,0.448081,0.372819,0.376417,0.408047,0.569267,0.413087,0.574015,8369.20267,0.373209,0.0004,0.0004,0.0,0.9,0.007045,0.0033,0.408047,neg,novelty_inverse
123,closed_loop,R,LL,L,L,4480,0,0.0,nan,0.131071,nan,nan,nan,0.415022,nan,nan,nan,nan,nan,1859.296734,0.415022,0.0,0.0,nan,nan,0.0,0.0,nan,h_inv,no_tags
123,closed_loop,R,LM,L,M,1285,0,0.0,nan,0.117387,nan,nan,nan,0.371767,nan,nan,nan,nan,nan,477.720221,0.371767,0.0,0.0,nan,nan,0.0,0.0,nan,h_inv,no_tags
123,closed_loop,R,LR,L,R,4375,48,0.010971,0.15192,0.117946,1.288044,0.901849,0.427675,0.368204,0.382887,0.440519,0.58966,0.416556,0.537401,1613.747477,0.368857,0.000129,0.000129,0.16,1.0,0.014625,0.007316,0.440519,surprise,novelty_inverse_surprise_pass
123,closed_loop,R,ML,M,L,1260,0,0.0,nan,0.119073,nan,nan,nan,0.375135,nan,nan,nan,nan,nan,472.67017,0.375135,0.0,0.0,nan,nan,0.0,0.0,nan,h_inv,no_tags
123,closed_loop,R,MM,M,M,365,0,0.0,nan,0.114166,nan,nan,nan,0.360112,nan,nan,nan,nan,nan,131.440987,0.360112,0.0,0.0,nan,nan,0.0,0.0,nan,h_inv,no_tags
123,closed_loop,R,MR,M,R,1140,0,0.0,nan,0.114091,nan,nan,nan,0.355681,nan,nan,nan,nan,nan,405.476762,0.355681,0.0,0.0,nan,nan,0.0,0.0,nan,h_inv,no_tags
123,closed_loop,R,RL,R,L,4300,0,0.0,nan,0.118001,nan,nan,nan,0.368209,nan,nan,nan,nan,nan,1583.29942,0.368209,0.0,0.0,nan,nan,0.0,0.0,nan,h_inv,no_tags
123,closed_loop,R,RM,R,M,1060,0,0.0,nan,0.113084,nan,nan,nan,0.354104,nan,nan,nan,nan,nan,375.349874,0.354104,0.0,0.0,nan,nan,0.0,0.0,nan,h_inv,no_tags
123,closed_loop,R,RR,R,R,4160,68,0.016346,0.158698,0.111447,1.423976,0.770818,0.462486,0.346714,0.34584,0.355626,0.583236,0.423621,0.618926,1450.201024,0.348606,0.000271,0.000271,0.0,0.63,0.024038,0.008654,0.355626,neg,novelty_inverse
123,divergent_warmup_replay,ALL,ALL,ALL,ALL,35880,225,0.006271,0.163095,0.131388,1.241324,0.885563,0.422097,0.375475,0.402099,0.427397,0.603843,0.427942,0.594849,13482.545174,0.375768,0.0007,0.0007,0.0,1.0,0.007971,0.004571,0.427397,surprise,novelty_inverse_surprise_pass
123,divergent_warmup_replay,ALL,LL,L,L,7168,40,0.00558,0.194443,0.146215,1.329844,0.893954,0.450345,0.415956,0.347745,0.440878,0.608989,0.369223,0.586606,2982.946119,0.416148,6.7e-05,6.7e-05,0.04,1.0,0.008371,0.00279,0.440878,surprise,novelty_inverse_surprise_pass
123,divergent_warmup_replay,ALL,LM,L,M,2056,0,0.0,nan,0.129791,nan,nan,nan,0.371819,nan,nan,nan,nan,nan,764.459445,0.371819,0.0,0.0,nan,nan,0.0,0.0,nan,h_inv,no_tags
123,divergent_warmup_replay,ALL,LR,L,R,7000,48,0.006857,0.159872,0.130586,1.224262,0.896957,0.43476,0.37346,0.404386,0.432936,0.585818,0.410769,0.534546,2617.160875,0.37388,0.000129,0.000129,0.05,1.0,0.008857,0.004857,0.432936,surprise,novelty_inverse_surprise_pass
123,divergent_warmup_replay,ALL,ML,M,L,2016,0,0.0,nan,0.131017,nan,nan,nan,0.37493,nan,nan,nan,nan,nan,755.859192,0.37493,0.0,0.0,nan,nan,0.0,0.0,nan,h_inv,no_tags
123,divergent_warmup_replay,ALL,MM,M,M,584,0,0.0,nan,0.125705,nan,nan,nan,0.361812,nan,nan,nan,nan,nan,211.298457,0.361812,0.0,0.0,nan,nan,0.0,0.0,nan,h_inv,no_tags
123,divergent_warmup_replay,ALL,MR,M,R,1824,0,0.0,nan,0.124788,nan,nan,nan,0.357172,nan,nan,nan,nan,nan,651.481933,0.357172,0.0,0.0,nan,nan,0.0,0.0,nan,h_inv,no_tags
123,divergent_warmup_replay,ALL,RL,R,L,6880,69,0.010029,0.146161,0.130417,1.12072,0.971597,0.358807,0.371608,0.454576,0.474929,0.628987,0.485823,0.609989,2555.781376,0.37148,0.000233,0.000233,0.27,1.0,0.011047,0.009012,0.474929,surprise,novelty_inverse_surprise_pass
123,divergent_warmup_replay,ALL,RM,R,M,1696,0,0.0,nan,0.12384,nan,nan,nan,0.356514,nan,nan,nan,nan,nan,604.647576,0.356514,0.0,0.0,nan,nan,0.0,0.0,nan,h_inv,no_tags
123,divergent_warmup_replay,ALL,RR,R,R,6656,68,0.010216,0.164113,0.122081,1.344294,0.780348,0.460762,0.35027,0.374741,0.366122,0.575009,0.408463,0.6115,2338.910201,0.351399,0.000271,0.000271,0.0,0.55,0.014123,0.00631,0.366122,neg,novelty_inverse
123,divergent_warmup_replay,L,ALL,ALL,ALL,13455,109,0.008101,0.163879,0.141049,1.161857,0.916237,0.392399,0.374386,0.428774,0.441487,0.627926,0.427735,0.613021,5039.33137,0.374532,0.0003,0.0003,0.01,1.0,0.009512,0.006689,0.441487,surprise,novelty_inverse_surprise_pass
123,divergent_warmup_replay,L,LL,L,L,2688,40,0.014881,0.194443,0.156636,1.241372,0.889877,0.450345,0.40947,0.383233,0.438085,0.591881,0.385102,0.574783,1102.290374,0.410078,6.7e-05,6.7e-05,0.1,1.0,0.020089,0.009673,0.438085,surprise,novelty_inverse_surprise_pass
123,divergent_warmup_replay,L,LM,L,M,771,0,0.0,nan,0.139361,nan,nan,nan,0.378255,nan,nan,nan,nan,nan,291.634311,0.378255,0.0,0.0,nan,nan,0.0,0.0,nan,h_inv,no_tags
123,divergent_warmup_replay,L,LR,L,R,2625,0,0.0,nan,0.140365,nan,nan,nan,0.37052,nan,nan,nan,nan,nan,972.615553,0.37052,0.0,0.0,nan,nan,0.0,0.0,nan,h_inv,no_tags
123,divergent_warmup_replay,L,ML,M,L,756,0,0.0,nan,0.140743,nan,nan,nan,0.378858,nan,nan,nan,nan,nan,286.416942,0.378858,0.0,0.0,nan,nan,0.0,0.0,nan,h_inv,no_tags
123,divergent_warmup_replay,L,MM,M,M,219,0,0.0,nan,0.135138,nan,nan,nan,0.378788,nan,nan,nan,nan,nan,82.954662,0.378788,0.0,0.0,nan,nan,0.0,0.0,nan,h_inv,no_tags
123,divergent_warmup_replay,L,MR,M,R,684,0,0.0,nan,0.133993,nan,nan,nan,0.363144,nan,nan,nan,nan,nan,248.390734,0.363144,0.0,0.0,nan,nan,0.0,0.0,nan,h_inv,no_tags
123,divergent_warmup_replay,L,RL,R,L,2580,69,0.026744,0.146161,0.139921,1.044596,0.968115,0.358807,0.367113,0.480396,0.472224,0.615275,0.472495,0.601521,946.578823,0.366891,0.000233,0.000233,0.25,1.0,0.026357,0.027132,0.472224,surprise,novelty_inverse_surprise_pass
123,divergent_warmup_replay,L,RM,R,M,636,0,0.0,nan,0.13303,nan,nan,nan,0.362653,nan,nan,nan,nan,nan,230.647513,0.362653,0.0,0.0,nan,nan,0.0,0.0,nan,h_inv,no_tags
123,divergent_warmup_replay,L,RR,R,R,2496,0,0.0,nan,0.131479,nan,nan,nan,0.351684,nan,nan,nan,nan,nan,877.80246,0.351684,0.0,0.0,nan,nan,0.0,0.0,nan,h_inv,no_tags
123,divergent_warmup_replay,R,ALL,ALL,ALL,22425,116,0.005173,0.162358,0.125608,1.292575,0.85581,0.450003,0.376127,0.384456,0.413705,0.577623,0.410537,0.568706,8443.213804,0.376509,0.0004,0.0004,0.0,0.94,0.006867,0.003478,0.413705,surprise,novelty_inverse_surprise_pass
123,divergent_warmup_replay,R,LL,L,L,4480,0,0.0,nan,0.140056,nan,nan,nan,0.419789,nan,nan,nan,nan,nan,1880.655745,0.419789,0.0,0.0,nan,nan,0.0,0.0,nan,h_inv,no_tags
123,divergent_warmup_replay,R,LM,L,M,1285,0,0.0,nan,0.124049,nan,nan,nan,0.367957,nan,nan,nan,nan,nan,472.825134,0.367957,0.0,0.0,nan,nan,0.0,0.0,nan,h_inv,no_tags
123,divergent_warmup_replay,R,LR,L,R,4375,48,0.010971,0.159872,0.124654,1.282523,0.898062,0.43476,0.375243,0.384355,0.433793,0.592014,0.393946,0.541363,1644.545322,0.375896,0.000129,0.000129,0.09,0.98,0.014168,0.007773,0.433793,surprise,novelty_inverse_surprise_pass
123,divergent_warmup_replay,R,ML,M,L,1260,0,0.0,nan,0.125181,nan,nan,nan,0.372573,nan,nan,nan,nan,nan,469.442251,0.372573,0.0,0.0,nan,nan,0.0,0.0,nan,h_inv,no_tags
123,divergent_warmup_replay,R,MM,M,M,365,0,0.0,nan,0.120045,nan,nan,nan,0.351627,nan,nan,nan,nan,nan,128.343795,0.351627,0.0,0.0,nan,nan,0.0,0.0,nan,h_inv,no_tags
123,divergent_warmup_replay,R,MR,M,R,1140,0,0.0,nan,0.119265,nan,nan,nan,0.353589,nan,nan,nan,nan,nan,403.091198,0.353589,0.0,0.0,nan,nan,0.0,0.0,nan,h_inv,no_tags
123,divergent_warmup_replay,R,RL,R,L,4300,0,0.0,nan,0.124867,nan,nan,nan,0.374233,nan,nan,nan,nan,nan,1609.202554,0.374233,0.0,0.0,nan,nan,0.0,0.0,nan,h_inv,no_tags
123,divergent_warmup_replay,R,RM,R,M,1060,0,0.0,nan,0.118326,nan,nan,nan,0.35283,nan,nan,nan,nan,nan,374.000063,0.35283,0.0,0.0,nan,nan,0.0,0.0,nan,h_inv,no_tags
123,divergent_warmup_replay,R,RR,R,R,4160,68,0.016346,0.164113,0.116348,1.410527,0.780395,0.460762,0.349408,0.355159,0.366637,0.580365,0.424253,0.611491,1461.107741,0.351228,0.000271,0.000271,0.0,0.52,0.024038,0.008654,0.366637,neg,novelty_inverse
123,exact_replay,ALL,ALL,ALL,ALL,35880,225,0.006271,0.15529,0.124998,1.242339,0.888345,0.434436,0.375062,0.399442,0.427814,0.548909,0.44927,0.537084,13470.584418,0.375434,0.0007,0.0007,0.0,0.99,0.008027,0.004515,0.427814,surprise,novelty_inverse_surprise_pass
123,exact_replay,ALL,LL,L,L,7168,40,0.00558,0.184556,0.137505,1.34218,0.90142,0.475753,0.417336,0.339306,0.44234,0.485746,0.396479,0.466618,2993.799619,0.417662,6.7e-05,6.7e-05,0.14,0.48,0.008371,0.00279,0.44234,surprise,novelty_inverse
123,exact_replay,ALL,LM,L,M,2056,0,0.0,nan,0.123393,nan,nan,nan,0.373689,nan,nan,nan,nan,nan,768.305119,0.373689,0.0,0.0,nan,nan,0.0,0.0,nan,h_inv,no_tags
123,exact_replay,ALL,LR,L,R,7000,48,0.006857,0.15192,0.124083,1.224341,0.900401,0.427675,0.370389,0.403811,0.439319,0.594493,0.448195,0.549072,2595.471125,0.370782,0.000129,0.000129,0.06,1.0,0.008571,0.005143,0.439319,surprise,novelty_inverse_surprise_pass
123,exact_replay,ALL,ML,M,L,2016,0,0.0,nan,0.125097,nan,nan,nan,0.376348,nan,nan,nan,nan,nan,758.717196,0.376348,0.0,0.0,nan,nan,0.0,0.0,nan,h_inv,no_tags
123,exact_replay,ALL,MM,M,M,584,0,0.0,nan,0.120012,nan,nan,nan,0.363186,nan,nan,nan,nan,nan,212.100764,0.363186,0.0,0.0,nan,nan,0.0,0.0,nan,h_inv,no_tags
123,exact_replay,ALL,MR,M,R,1824,0,0.0,nan,0.11994,nan,nan,nan,0.359011,nan,nan,nan,nan,nan,654.836122,0.359011,0.0,0.0,nan,nan,0.0,0.0,nan,h_inv,no_tags
123,exact_replay,ALL,RL,R,L,6880,69,0.010029,0.137311,0.123836,1.108817,0.983272,0.387544,0.371197,0.458402,0.480378,0.528872,0.504418,0.496339,2554.962857,0.371361,0.000233,0.000233,0.34,0.66,0.011047,0.009012,0.480378,surprise,null
123,exact_replay,ALL,RM,R,M,1696,0,0.0,nan,0.118888,nan,nan,nan,0.355592,nan,nan,nan,nan,nan,603.084474,0.355592,0.0,0.0,nan,nan,0.0,0.0,nan,h_inv,no_tags
123,exact_replay,ALL,RR,R,R,6656,68,0.010216,0.158698,0.117522,1.350376,0.770799,0.462486,0.348794,0.367138,0.3552,0.575119,0.44152,0.615605,2329.307141,0.349956,0.000271,0.000271,0.0,0.51,0.014123,0.00631,0.3552,neg,novelty_inverse
123,exact_replay,L,ALL,ALL,ALL,13455,109,0.008101,0.154649,0.135122,1.144508,0.930275,0.419914,0.378811,0.434337,0.448092,0.530734,0.505931,0.507445,5101.381748,0.379144,0.0003,0.0003,0.07,0.86,0.009364,0.006838,0.448092,surprise,novelty_inverse
123,exact_replay,L,LL,L,L,2688,40,0.014881,0.184556,0.148389,1.243727,0.897922,0.475753,0.421251,0.378918,0.440153,0.505457,0.448584,0.491418,1134.502885,0.422062,6.7e-05,6.7e-05,0.13,0.86,0.020833,0.008929,0.440153,surprise,novelty_inverse
123,exact_replay,L,LM,L,M,771,0,0.0,nan,0.133404,nan,nan,nan,0.376894,nan,nan,nan,nan,nan,290.584898,0.376894,0.0,0.0,nan,nan,0.0,0.0,nan,h_inv,no_tags
123,exact_replay,L,LR,L,R,2625,0,0.0,nan,0.134199,nan,nan,nan,0.37399,nan,nan,nan,nan,nan,981.723648,0.37399,0.0,0.0,nan,nan,0.0,0.0,nan,h_inv,no_tags
123,exact_replay,L,ML,M,L,756,0,0.0,nan,0.135136,nan,nan,nan,0.378369,nan,nan,nan,nan,nan,286.047026,0.378369,0.0,0.0,nan,nan,0.0,0.0,nan,h_inv,no_tags
123,exact_replay,L,MM,M,M,219,0,0.0,nan,0.129755,nan,nan,nan,0.368309,nan,nan,nan,nan,nan,80.659777,0.368309,0.0,0.0,nan,nan,0.0,0.0,nan,h_inv,no_tags
123,exact_replay,L,MR,M,R,684,0,0.0,nan,0.129686,nan,nan,nan,0.36456,nan,nan,nan,nan,nan,249.35936,0.36456,0.0,0.0,nan,nan,0.0,0.0,nan,h_inv,no_tags
123,exact_replay,L,RL,R,L,2580,69,0.026744,0.137311,0.133828,1.026026,0.979965,0.387544,0.376313,0.488021,0.477216,0.540105,0.533508,0.514859,971.663437,0.376614,0.000233,0.000233,0.26,0.77,0.027132,0.026357,0.477216,surprise,novelty_inverse
123,exact_replay,L,RM,R,M,636,0,0.0,nan,0.128561,nan,nan,nan,0.358073,nan,nan,nan,nan,nan,227.7346,0.358073,0.0,0.0,nan,nan,0.0,0.0,nan,h_inv,no_tags
123,exact_replay,L,RR,R,R,2496,0,0.0,nan,0.12748,nan,nan,nan,0.352206,nan,nan,nan,nan,nan,879.106117,0.352206,0.0,0.0,nan,nan,0.0,0.0,nan,h_inv,no_tags
123,exact_replay,R,ALL,ALL,ALL,22425,116,0.005173,0.155894,0.118942,1.31067,0.847964,0.448081,0.372819,0.376417,0.408047,0.569267,0.413087,0.574015,8369.20267,0.373209,0.0004,0.0004,0.0,0.91,0.007045,0.0033,0.408047,neg,novelty_inverse_surprise_pass
123,exact_replay,R,LL,L,L,4480,0,0.0,nan,0.131071,nan,nan,nan,0.415022,nan,nan,nan,nan,nan,1859.296734,0.415022,0.0,0.0,nan,nan,0.0,0.0,nan,h_inv,no_tags
123,exact_replay,R,LM,L,M,1285,0,0.0,nan,0.117387,nan,nan,nan,0.371767,nan,nan,nan,nan,nan,477.720221,0.371767,0.0,0.0,nan,nan,0.0,0.0,nan,h_inv,no_tags
123,exact_replay,R,LR,L,R,4375,48,0.010971,0.15192,0.117946,1.288044,0.901849,0.427675,0.368204,0.382887,0.440519,0.58966,0.416556,0.537401,1613.747477,0.368857,0.000129,0.000129,0.08,0.99,0.014625,0.007316,0.440519,surprise,novelty_inverse_surprise_pass
123,exact_replay,R,ML,M,L,1260,0,0.0,nan,0.119073,nan,nan,nan,0.375135,nan,nan,nan,nan,nan,472.67017,0.375135,0.0,0.0,nan,nan,0.0,0.0,nan,h_inv,no_tags
123,exact_replay,R,MM,M,M,365,0,0.0,nan,0.114166,nan,nan,nan,0.360112,nan,nan,nan,nan,nan,131.440987,0.360112,0.0,0.0,nan,nan,0.0,0.0,nan,h_inv,no_tags
123,exact_replay,R,MR,M,R,1140,0,0.0,nan,0.114091,nan,nan,nan,0.355681,nan,nan,nan,nan,nan,405.476762,0.355681,0.0,0.0,nan,nan,0.0,0.0,nan,h_inv,no_tags
123,exact_replay,R,RL,R,L,4300,0,0.0,nan,0.118001,nan,nan,nan,0.368209,nan,nan,nan,nan,nan,1583.29942,0.368209,0.0,0.0,nan,nan,0.0,0.0,nan,h_inv,no_tags
123,exact_replay,R,RM,R,M,1060,0,0.0,nan,0.113084,nan,nan,nan,0.354104,nan,nan,nan,nan,nan,375.349874,0.354104,0.0,0.0,nan,nan,0.0,0.0,nan,h_inv,no_tags
123,exact_replay,R,RR,R,R,4160,68,0.016346,0.158698,0.111447,1.423976,0.770818,0.462486,0.346714,0.34584,0.355626,0.583236,0.423621,0.618926,1450.201024,0.348606,0.000271,0.000271,0.0,0.52,0.024038,0.008654,0.355626,neg,novelty_inverse
999,closed_loop,ALL,ALL,ALL,ALL,53820,233,0.004329,0.134403,0.104568,1.285309,0.92179,0.365813,0.320572,0.36908,0.431128,0.566607,0.464322,0.522271,17263.713038,0.320768,0.0011,0.0011,0.0,1.0,0.005946,0.002713,0.431128,surprise,novelty_inverse_surprise_pass
999,closed_loop,ALL,LL,L,L,11172,81,0.00725,0.14657,0.098946,1.481306,0.815796,0.414211,0.302469,0.302545,0.335751,0.499686,0.424138,0.513109,3388.231853,0.303279,0.000618,0.000618,0.0,0.13,0.011634,0.002865,0.335751,neg,novelty_inverse
999,closed_loop,ALL,LM,L,M,3276,9,0.002747,0.078112,0.112239,0.695941,1.231975,0.253061,0.341056,0.614529,0.675679,0.485937,0.63235,0.327722,1116.507807,0.340814,3e-06,3e-06,0.98,0.92,0.000611,0.004884,0.675679,novelty,novelty_pass
999,closed_loop,ALL,LR,L,R,10380,12,0.001156,0.099609,0.104095,0.956905,0.960843,0.328234,0.318878,0.483925,0.454001,0.564775,0.6995,0.575256,3310.06272,0.318889,0.000159,0.000159,0.27,0.89,0.001541,0.000771,0.454001,pos,novelty_inverse
999,closed_loop,ALL,ML,M,L,3540,18,0.005085,0.0884,0.107905,0.819243,1.155301,0.283011,0.328664,0.537999,0.628809,0.760206,0.614944,0.495504,1162.648369,0.328432,1.3e-05,1.3e-05,0.98,1.0,0.00339,0.00678,0.628809,surprise,novelty_pass
999,closed_loop,ALL,MM,M,M,1008,0,0.0,nan,0.110293,nan,nan,nan,0.338915,nan,nan,nan,nan,nan,341.626254,0.338915,0.0,0.0,nan,nan,0.0,0.0,nan,h_inv,no_tags
999,closed_loop,ALL,MR,M,R,2892,0,0.0,nan,0.11454,nan,nan,nan,0.351673,nan,nan,nan,nan,nan,1017.039691,0.351673,0.0,0.0,nan,nan,0.0,0.0,nan,h_inv,no_tags
999,closed_loop,ALL,RL,R,L,9816,98,0.009984,0.14677,0.105173,1.395511,0.907573,0.366888,0.324143,0.330876,0.414818,0.556111,0.393932,0.527334,3185.979559,0.32457,0.000266,0.000266,0.0,1.0,0.014874,0.005094,0.414818,surprise,novelty_inverse_surprise_pass
999,closed_loop,ALL,RM,R,M,3192,8,0.002506,0.111965,0.105176,1.064555,1.066862,0.359532,0.323439,0.433888,0.576005,0.738968,0.651617,0.418656,1032.705167,0.323529,3e-06,3e-06,0.76,1.0,0.003759,0.001253,0.576005,surprise,novelty_weak
999,closed_loop,ALL,RR,R,R,8544,7,0.000819,0.096422,0.103166,0.934628,0.992972,0.220201,0.317134,0.494369,0.488495,0.782409,0.693469,0.789136,2708.911618,0.317054,3.9e-05,3.9e-05,0.44,1.0,0.000468,0.00117,0.488495,neg,surprise_pass
999,closed_loop,L,ALL,ALL,ALL,44850,213,0.004749,0.138203,0.106704,1.295203,0.913688,0.37432,0.321361,0.362469,0.424893,0.5569,0.484251,0.512151,14424.331217,0.321613,0.0009,0.0009,0.0,1.0,0.006689,0.002809,0.424893,surprise,novelty_inverse_surprise_pass
999,closed_loop,L,LL,L,L,9310,81,0.0087,0.14657,0.100922,1.452305,0.815314,0.414211,0.30329,0.309392,0.33508,0.495621,0.464735,0.525216,2832.611753,0.304255,0.000618,0.000618,0.0,0.04,0.013963,0.003437,0.33508,neg,novelty_inverse
999,closed_loop,L,LM,L,M,2730,9,0.003297,0.078112,0.114549,0.681911,1.231622,0.253061,0.343515,0.61301,0.675609,0.48238,0.68737,0.331782,936.982611,0.343217,3e-06,3e-06,0.97,0.81,0.000733,0.005861,0.675609,pos,novelty_pass
999,closed_loop,L,LR,L,R,8650,0,0.0,nan,0.106241,nan,nan,nan,0.319545,nan,nan,nan,nan,nan,2764.065431,0.319545,0.0,0.0,nan,nan,0.0,0.0,nan,h_inv,no_tags
999,closed_loop,L,ML,M,L,2950,18,0.006102,0.0884,0.110152,0.802529,1.155144,0.283011,0.330014,0.540037,0.628202,0.754282,0.637733,0.496855,972.695846,0.329727,1.3e-05,1.3e-05,1.0,1.0,0.004068,0.008136,0.628202,surprise,novelty_pass
999,closed_loop,L,MM,M,M,840,0,0.0,nan,0.112619,nan,nan,nan,0.342899,nan,nan,nan,nan,nan,288.035245,0.342899,0.0,0.0,nan,nan,0.0,0.0,nan,h_inv,no_tags
999,closed_loop,L,MR,M,R,2410,0,0.0,nan,0.116916,nan,nan,nan,0.352049,nan,nan,nan,nan,nan,848.439051,0.352049,0.0,0.0,nan,nan,0.0,0.0,nan,h_inv,no_tags
999,closed_loop,L,RL,R,L,8180,98,0.01198,0.14677,0.107299,1.367858,0.907126,0.366888,0.324123,0.338336,0.414342,0.550657,0.435123,0.520861,2655.515898,0.324635,0.000266,0.000266,0.0,1.0,0.017848,0.006112,0.414342,surprise,novelty_inverse_surprise_pass
999,closed_loop,L,RM,R,M,2660,7,0.002632,0.126783,0.107321,1.181352,1.001566,0.407474,0.325382,0.376016,0.526951,0.830542,0.644661,0.403317,866.0918,0.325598,1e-06,1e-06,0.59,1.0,0.004511,0.000752,0.526951,surprise,surprise_pass
999,closed_loop,L,RR,R,R,7120,0,0.0,nan,0.105284,nan,nan,nan,0.317401,nan,nan,nan,nan,nan,2259.893583,0.317401,0.0,0.0,nan,nan,0.0,0.0,nan,h_inv,no_tags
999,closed_loop,R,ALL,ALL,ALL,8970,20,0.00223,0.093925,0.093917,1.000086,1.006353,0.275207,0.316634,0.490246,0.494771,0.646028,0.403905,0.646782,2839.381821,0.316542,0.0002,0.0002,0.49,0.99,0.00223,0.00223,0.494771,neg,surprise_pass
999,closed_loop,R,LL,L,L,1862,0,0.0,nan,0.089153,nan,nan,nan,0.2984,nan,nan,nan,nan,nan,555.6201,0.2984,0.0,0.0,nan,nan,0.0,0.0,nan,h_inv,no_tags
999,closed_loop,R,LM,L,M,546,0,0.0,nan,0.100731,nan,nan,nan,0.328801,nan,nan,nan,nan,nan,179.525196,0.328801,0.0,0.0,nan,nan,0.0,0.0,nan,h_inv,no_tags
999,closed_loop,R,LR,L,R,1730,12,0.006936,0.099609,0.093291,1.06772,0.962005,0.328234,0.315517,0.454016,0.454889,0.60681,0.467695,0.589251,545.997289,0.315605,0.000159,0.000159,0.32,0.97,0.009249,0.004624,0.454889,surprise,novelty_inverse_surprise_pass
999,closed_loop,R,ML,M,L,590,0,0.0,nan,0.096737,nan,nan,nan,0.321953,nan,nan,nan,nan,nan,189.952523,0.321953,0.0,0.0,nan,nan,0.0,0.0,nan,h_inv,no_tags
999,closed_loop,R,MM,M,M,168,0,0.0,nan,0.098661,nan,nan,nan,0.318994,nan,nan,nan,nan,nan,53.59101,0.318994,0.0,0.0,nan,nan,0.0,0.0,nan,h_inv,no_tags
999,closed_loop,R,MR,M,R,482,0,0.0,nan,0.102661,nan,nan,nan,0.349794,nan,nan,nan,nan,nan,168.600641,0.349794,0.0,0.0,nan,nan,0.0,0.0,nan,h_inv,no_tags
999,closed_loop,R,RL,R,L,1636,0,0.0,nan,0.094669,nan,nan,nan,0.324244,nan,nan,nan,nan,nan,530.463661,0.324244,0.0,0.0,nan,nan,0.0,0.0,nan,h_inv,no_tags
999,closed_loop,R,RM,R,M,532,1,0.00188,0.008239,0.094459,0.087219,1.524159,0.023938,0.313728,0.892655,0.903955,0.067797,0.26742,0.231638,166.613367,0.313183,2e-06,2e-06,0.9,0.15,0.0,0.003759,0.903955,novelty,novelty_weak
999,closed_loop,R,RR,R,R,1424,7,0.004916,0.096422,0.092527,1.042095,0.994586,0.220201,0.315792,0.478879,0.488356,0.828612,0.297913,0.830931,449.018035,0.315322,3.9e-05,3.9e-05,0.43,1.0,0.002809,0.007022,0.488356,neg,surprise_pass
999,divergent_warmup_replay,ALL,ALL,ALL,ALL,53820,233,0.004329,0.14104,0.108537,1.299466,0.909156,0.389881,0.33174,0.363971,0.423725,0.576967,0.500448,0.500141,17867.807162,0.331992,0.0011,0.0011,0.0,1.0,0.005834,0.002824,0.423725,surprise,novelty_inverse_surprise_pass
999,divergent_warmup_replay,ALL,LL,L,L,11172,81,0.00725,0.153275,0.101901,1.504157,0.800998,0.407634,0.307684,0.297273,0.330853,0.604483,0.454287,0.573136,3445.544544,0.308409,0.000618,0.000618,0.0,0.98,0.011278,0.003222,0.330853,surprise,novelty_inverse_surprise_pass
999,divergent_warmup_replay,ALL,LM,L,M,3276,9,0.002747,0.085293,0.115507,0.738418,1.202058,0.230147,0.356475,0.595517,0.656906,0.673469,0.515049,0.532225,1166.675547,0.356128,3e-06,3e-06,0.94,1.0,0.001832,0.003663,0.656906,surprise,novelty_pass
999,divergent_warmup_replay,ALL,LR,L,R,10380,12,0.001156,0.098265,0.108195,0.908222,0.993342,0.344067,0.330346,0.511317,0.492429,0.473347,0.632121,0.406459,3429.156715,0.330362,0.000159,0.000159,0.46,0.44,0.001156,0.001156,0.492429,pos,null
999,divergent_warmup_replay,ALL,ML,M,L,3540,18,0.005085,0.116631,0.11155,1.04555,1.02331,0.399755,0.340072,0.437898,0.545555,0.649315,0.653685,0.372784,1204.927854,0.340375,1.3e-05,1.3e-05,0.79,1.0,0.006215,0.003955,0.545555,pos,novelty_weak
999,divergent_warmup_replay,ALL,MM,M,M,1008,0,0.0,nan,0.115591,nan,nan,nan,0.361792,nan,nan,nan,nan,nan,364.686286,0.361792,0.0,0.0,nan,nan,0.0,0.0,nan,h_inv,no_tags
999,divergent_warmup_replay,ALL,MR,M,R,2892,0,0.0,nan,0.120069,nan,nan,nan,0.365988,nan,nan,nan,nan,nan,1058.437474,0.365988,0.0,0.0,nan,nan,0.0,0.0,nan,h_inv,no_tags
999,divergent_warmup_replay,ALL,RL,R,L,9816,98,0.009984,0.150473,0.109206,1.377883,0.908892,0.39893,0.334096,0.338988,0.415425,0.531817,0.453729,0.471791,3285.841346,0.334743,0.000266,0.000266,0.0,0.84,0.014059,0.005909,0.415425,surprise,novelty_inverse
999,divergent_warmup_replay,ALL,RM,R,M,3192,8,0.002506,0.134945,0.109377,1.23376,0.977745,0.38327,0.337187,0.362437,0.472283,0.637249,0.618915,0.443035,1076.668028,0.337302,3e-06,3e-06,0.52,1.0,0.004386,0.000627,0.472283,surprise,novelty_inverse_surprise_pass
999,divergent_warmup_replay,ALL,RR,R,R,8544,7,0.000819,0.082147,0.107851,0.761669,1.099416,0.323838,0.33192,0.573236,0.572249,0.650998,0.804414,0.365016,2835.869367,0.331914,3.9e-05,3.9e-05,0.78,0.98,0.000468,0.00117,0.572249,pos,novelty_weak
999,divergent_warmup_replay,L,ALL,ALL,ALL,44850,213,0.004749,0.146018,0.110747,1.318479,0.894959,0.396422,0.331243,0.353021,0.412089,0.580935,0.531376,0.498818,14870.127656,0.331552,0.0009,0.0009,0.0,1.0,0.006644,0.002854,0.412089,surprise,novelty_inverse_surprise_pass
999,divergent_warmup_replay,L,LL,L,L,9310,81,0.0087,0.153275,0.103946,1.474567,0.800823,0.407634,0.3065,0.303734,0.330394,0.60434,0.492008,0.572951,2861.709345,0.30738,0.000618,0.000618,0.0,1.0,0.013749,0.003652,0.330394,surprise,novelty_inverse_surprise_pass
999,divergent_warmup_replay,L,LM,L,M,2730,9,0.003297,0.085293,0.117902,0.723418,1.202253,0.230147,0.356034,0.594185,0.657316,0.676304,0.525215,0.511046,970.840486,0.355619,3e-06,3e-06,0.94,1.0,0.001465,0.005128,0.657316,surprise,novelty_pass
999,divergent_warmup_replay,L,LR,L,R,8650,0,0.0,nan,0.110428,nan,nan,nan,0.329477,nan,nan,nan,nan,nan,2849.978915,0.329477,0.0,0.0,nan,nan,0.0,0.0,nan,h_inv,no_tags
999,divergent_warmup_replay,L,ML,M,L,2950,18,0.006102,0.116631,0.113841,1.024503,1.023401,0.399755,0.339825,0.444937,0.544547,0.651281,0.672503,0.383356,1003.561868,0.34019,1.3e-05,1.3e-05,0.74,1.0,0.007458,0.004746,0.544547,pos,surprise_pass
999,divergent_warmup_replay,L,MM,M,M,840,0,0.0,nan,0.11798,nan,nan,nan,0.363503,nan,nan,nan,nan,nan,305.342935,0.363503,0.0,0.0,nan,nan,0.0,0.0,nan,h_inv,no_tags
999,divergent_warmup_replay,L,MR,M,R,2410,0,0.0,nan,0.122486,nan,nan,nan,0.366921,nan,nan,nan,nan,nan,884.279265,0.366921,0.0,0.0,nan,nan,0.0,0.0,nan,h_inv,no_tags
999,divergent_warmup_replay,L,RL,R,L,8180,98,0.01198,0.150473,0.111417,1.350542,0.908844,0.39893,0.332957,0.345912,0.415405,0.529198,0.514612,0.464863,2730.051919,0.333747,0.000266,0.000266,0.0,0.86,0.01687,0.00709,0.415405,surprise,novelty_inverse
999,divergent_warmup_replay,L,RM,R,M,2660,7,0.002632,0.153323,0.111566,1.374279,0.897346,0.436771,0.337919,0.295838,0.408109,0.69797,0.627914,0.44618,899.555273,0.338179,1e-06,1e-06,0.21,0.99,0.005263,0.0,0.408109,surprise,novelty_inverse_surprise_pass
999,divergent_warmup_replay,L,RR,R,R,7120,0,0.0,nan,0.110053,nan,nan,nan,0.332136,nan,nan,nan,nan,nan,2364.80765,0.332136,0.0,0.0,nan,nan,0.0,0.0,nan,h_inv,no_tags
999,divergent_warmup_replay,R,ALL,ALL,ALL,8970,20,0.00223,0.088025,0.097513,0.902696,1.060333,0.320222,0.334221,0.541302,0.546369,0.525899,0.531782,0.421184,2997.679506,0.334189,0.0002,0.0002,0.75,0.83,0.001784,0.002676,0.546369,novelty,null
999,divergent_warmup_replay,R,LL,L,L,1862,0,0.0,nan,0.091765,nan,nan,nan,0.313553,nan,nan,nan,nan,nan,583.835199,0.313553,0.0,0.0,nan,nan,0.0,0.0,nan,h_inv,no_tags
999,divergent_warmup_replay,R,LM,L,M,546,0,0.0,nan,0.103572,nan,nan,nan,0.358672,nan,nan,nan,nan,nan,195.835061,0.358672,0.0,0.0,nan,nan,0.0,0.0,nan,h_inv,no_tags
999,divergent_warmup_replay,R,LR,L,R,1730,12,0.006936,0.098265,0.09695,1.013557,0.992412,0.344067,0.33472,0.489814,0.49287,0.486564,0.526921,0.462117,579.1778,0.334785,0.000159,0.000159,0.48,0.62,0.009249,0.004624,0.49287,pos,null
999,divergent_warmup_replay,R,ML,M,L,590,0,0.0,nan,0.100161,nan,nan,nan,0.341298,nan,nan,nan,nan,nan,201.365986,0.341298,0.0,0.0,nan,nan,0.0,0.0,nan,h_inv,no_tags
999,divergent_warmup_replay,R,MM,M,M,168,0,0.0,nan,0.103642,nan,nan,nan,0.353234,nan,nan,nan,nan,nan,59.343352,0.353234,0.0,0.0,nan,nan,0.0,0.0,nan,h_inv,no_tags
999,divergent_warmup_replay,R,MR,M,R,482,0,0.0,nan,0.107983,nan,nan,nan,0.361324,nan,nan,nan,nan,nan,174.158209,0.361324,0.0,0.0,nan,nan,0.0,0.0,nan,h_inv,no_tags
999,divergent_warmup_replay,R,RL,R,L,1636,0,0.0,nan,0.098285,nan,nan,nan,0.339725,nan,nan,nan,nan,nan,555.789428,0.339725,0.0,0.0,nan,nan,0.0,0.0,nan,h_inv,no_tags
999,divergent_warmup_replay,R,RM,R,M,532,1,0.00188,0.006294,0.098437,0.063937,1.540753,0.008769,0.333529,0.913371,0.922787,0.156309,0.248588,0.372881,177.112755,0.332919,2e-06,2e-06,0.86,0.2,0.0,0.003759,0.922787,novelty,novelty_weak
999,divergent_warmup_replay,R,RR,R,R,1424,7,0.004916,0.082147,0.096787,0.848735,1.099121,0.323838,0.330836,0.562254,0.570824,0.658635,0.600262,0.380583,471.061717,0.330802,3.9e-05,3.9e-05,0.75,0.99,0.002809,0.007022,0.570824,surprise,surprise_pass
999,exact_replay,ALL,ALL,ALL,ALL,53820,233,0.004329,0.134403,0.104568,1.285309,0.92179,0.365813,0.320572,0.36908,0.431128,0.566607,0.464322,0.522271,17263.713038,0.320768,0.0011,0.0011,0.0,1.0,0.005946,0.002713,0.431128,surprise,novelty_inverse_surprise_pass
999,exact_replay,ALL,LL,L,L,11172,81,0.00725,0.14657,0.098946,1.481306,0.815796,0.414211,0.302469,0.302545,0.335751,0.499686,0.424138,0.513109,3388.231853,0.303279,0.000618,0.000618,0.0,0.1,0.011634,0.002865,0.335751,neg,novelty_inverse
999,exact_replay,ALL,LM,L,M,3276,9,0.002747,0.078112,0.112239,0.695941,1.231975,0.253061,0.341056,0.614529,0.675679,0.485937,0.63235,0.327722,1116.507807,0.340814,3e-06,3e-06,0.96,0.84,0.000611,0.004884,0.675679,novelty,novelty_pass
999,exact_replay,ALL,LR,L,R,10380,12,0.001156,0.099609,0.104095,0.956905,0.960843,0.328234,0.318878,0.483925,0.454001,0.564775,0.6995,0.575256,3310.06272,0.318889,0.000159,0.000159,0.38,0.86,0.001541,0.000771,0.454001,pos,novelty_inverse
999,exact_replay,ALL,ML,M,L,3540,18,0.005085,0.0884,0.107905,0.819243,1.155301,0.283011,0.328664,0.537999,0.628809,0.760206,0.614944,0.495504,1162.648369,0.328432,1.3e-05,1.3e-05,0.98,1.0,0.00339,0.00678,0.628809,surprise,novelty_pass
999,exact_replay,ALL,MM,M,M,1008,0,0.0,nan,0.110293,nan,nan,nan,0.338915,nan,nan,nan,nan,nan,341.626254,0.338915,0.0,0.0,nan,nan,0.0,0.0,nan,h_inv,no_tags
999,exact_replay,ALL,MR,M,R,2892,0,0.0,nan,0.11454,nan,nan,nan,0.351673,nan,nan,nan,nan,nan,1017.039691,0.351673,0.0,0.0,nan,nan,0.0,0.0,nan,h_inv,no_tags
999,exact_replay,ALL,RL,R,L,9816,98,0.009984,0.14677,0.105173,1.395511,0.907573,0.366888,0.324143,0.330876,0.414818,0.556111,0.393932,0.527334,3185.979559,0.32457,0.000266,0.000266,0.0,0.99,0.014874,0.005094,0.414818,surprise,novelty_inverse_surprise_pass
999,exact_replay,ALL,RM,R,M,3192,8,0.002506,0.111965,0.105176,1.064555,1.066862,0.359532,0.323439,0.433888,0.576005,0.738968,0.651617,0.418656,1032.705167,0.323529,3e-06,3e-06,0.83,0.99,0.003759,0.001253,0.576005,surprise,novelty_weak
999,exact_replay,ALL,RR,R,R,8544,7,0.000819,0.096422,0.103166,0.934628,0.992972,0.220201,0.317134,0.494369,0.488495,0.782409,0.693469,0.789136,2708.911618,0.317054,3.9e-05,3.9e-05,0.43,1.0,0.000468,0.00117,0.488495,neg,surprise_pass
999,exact_replay,L,ALL,ALL,ALL,44850,213,0.004749,0.138203,0.106704,1.295203,0.913688,0.37432,0.321361,0.362469,0.424893,0.5569,0.484251,0.512151,14424.331217,0.321613,0.0009,0.0009,0.0,1.0,0.006689,0.002809,0.424893,surprise,novelty_inverse_surprise_pass
999,exact_replay,L,LL,L,L,9310,81,0.0087,0.14657,0.100922,1.452305,0.815314,0.414211,0.30329,0.309392,0.33508,0.495621,0.464735,0.525216,2832.611753,0.304255,0.000618,0.000618,0.0,0.07,0.013963,0.003437,0.33508,neg,novelty_inverse
999,exact_replay,L,LM,L,M,2730,9,0.003297,0.078112,0.114549,0.681911,1.231622,0.253061,0.343515,0.61301,0.675609,0.48238,0.68737,0.331782,936.982611,0.343217,3e-06,3e-06,0.99,0.93,0.000733,0.005861,0.675609,pos,novelty_pass
999,exact_replay,L,LR,L,R,8650,0,0.0,nan,0.106241,nan,nan,nan,0.319545,nan,nan,nan,nan,nan,2764.065431,0.319545,0.0,0.0,nan,nan,0.0,0.0,nan,h_inv,no_tags
999,exact_replay,L,ML,M,L,2950,18,0.006102,0.0884,0.110152,0.802529,1.155144,0.283011,0.330014,0.540037,0.628202,0.754282,0.637733,0.496855,972.695846,0.329727,1.3e-05,1.3e-05,0.95,1.0,0.004068,0.008136,0.628202,surprise,novelty_pass
999,exact_replay,L,MM,M,M,840,0,0.0,nan,0.112619,nan,nan,nan,0.342899,nan,nan,nan,nan,nan,288.035245,0.342899,0.0,0.0,nan,nan,0.0,0.0,nan,h_inv,no_tags
999,exact_replay,L,MR,M,R,2410,0,0.0,nan,0.116916,nan,nan,nan,0.352049,nan,nan,nan,nan,nan,848.439051,0.352049,0.0,0.0,nan,nan,0.0,0.0,nan,h_inv,no_tags
999,exact_replay,L,RL,R,L,8180,98,0.01198,0.14677,0.107299,1.367858,0.907126,0.366888,0.324123,0.338336,0.414342,0.550657,0.435123,0.520861,2655.515898,0.324635,0.000266,0.000266,0.0,0.98,0.017848,0.006112,0.414342,surprise,novelty_inverse_surprise_pass
999,exact_replay,L,RM,R,M,2660,7,0.002632,0.126783,0.107321,1.181352,1.001566,0.407474,0.325382,0.376016,0.526951,0.830542,0.644661,0.403317,866.0918,0.325598,1e-06,1e-06,0.54,1.0,0.004511,0.000752,0.526951,surprise,surprise_pass
999,exact_replay,L,RR,R,R,7120,0,0.0,nan,0.105284,nan,nan,nan,0.317401,nan,nan,nan,nan,nan,2259.893583,0.317401,0.0,0.0,nan,nan,0.0,0.0,nan,h_inv,no_tags
999,exact_replay,R,ALL,ALL,ALL,8970,20,0.00223,0.093925,0.093917,1.000086,1.006353,0.275207,0.316634,0.490246,0.494771,0.646028,0.403905,0.646782,2839.381821,0.316542,0.0002,0.0002,0.44,1.0,0.00223,0.00223,0.494771,neg,surprise_pass
999,exact_replay,R,LL,L,L,1862,0,0.0,nan,0.089153,nan,nan,nan,0.2984,nan,nan,nan,nan,nan,555.6201,0.2984,0.0,0.0,nan,nan,0.0,0.0,nan,h_inv,no_tags
999,exact_replay,R,LM,L,M,546,0,0.0,nan,0.100731,nan,nan,nan,0.328801,nan,nan,nan,nan,nan,179.525196,0.328801,0.0,0.0,nan,nan,0.0,0.0,nan,h_inv,no_tags
999,exact_replay,R,LR,L,R,1730,12,0.006936,0.099609,0.093291,1.06772,0.962005,0.328234,0.315517,0.454016,0.454889,0.60681,0.467695,0.589251,545.997289,0.315605,0.000159,0.000159,0.26,0.97,0.009249,0.004624,0.454889,surprise,novelty_inverse_surprise_pass
999,exact_replay,R,ML,M,L,590,0,0.0,nan,0.096737,nan,nan,nan,0.321953,nan,nan,nan,nan,nan,189.952523,0.321953,0.0,0.0,nan,nan,0.0,0.0,nan,h_inv,no_tags
999,exact_replay,R,MM,M,M,168,0,0.0,nan,0.098661,nan,nan,nan,0.318994,nan,nan,nan,nan,nan,53.59101,0.318994,0.0,0.0,nan,nan,0.0,0.0,nan,h_inv,no_tags
999,exact_replay,R,MR,M,R,482,0,0.0,nan,0.102661,nan,nan,nan,0.349794,nan,nan,nan,nan,nan,168.600641,0.349794,0.0,0.0,nan,nan,0.0,0.0,nan,h_inv,no_tags
999,exact_replay,R,RL,R,L,1636,0,0.0,nan,0.094669,nan,nan,nan,0.324244,nan,nan,nan,nan,nan,530.463661,0.324244,0.0,0.0,nan,nan,0.0,0.0,nan,h_inv,no_tags
999,exact_replay,R,RM,R,M,532,1,0.00188,0.008239,0.094459,0.087219,1.524159,0.023938,0.313728,0.892655,0.903955,0.067797,0.26742,0.231638,166.613367,0.313183,2e-06,2e-06,0.94,0.11,0.0,0.003759,0.903955,novelty,novelty_pass
999,exact_replay,R,RR,R,R,1424,7,0.004916,0.096422,0.092527,1.042095,0.994586,0.220201,0.315792,0.478879,0.488356,0.828612,0.297913,0.830931,449.018035,0.315322,3.9e-05,3.9e-05,0.49,1.0,0.002809,0.007022,0.488356,neg,surprise_pass
