seed,arm,step,mean_activation,mean_energy,weight_abs_mean,left_activation_mean,right_activation_mean,lr_imbalance,event_count_L,event_count_R,event_L_fraction,final_weight_l1
42,open_loop,2000,0.36919260773520224,0.36953227061209654,0.47279192876508724,0.38515573630707145,0.35301520898116034,0.032140527325911106,38,61,0.3838383838383838,0.19520847186702747
42,open_loop,4000,0.35932427549731794,0.3729743599364652,0.44978005440180724,0.3711109655262032,0.3473793748640181,0.02373159066218511,38,61,0.3838383838383838,0.19520847186702747
42,open_loop,6000,0.3571470952823471,0.3499174883381131,0.42788875244983315,0.38016279808907966,0.33382245686747053,0.04634034122160913,38,61,0.3838383838383838,0.19520847186702747
42,open_loop,8000,0.3447900610375774,0.37865209726193966,0.407062372765706,0.3650811606149834,0.3242265977074546,0.04085456290752881,38,61,0.3838383838383838,0.19520847186702747
42,open_loop,10000,0.3397074797124927,0.3685616630843943,0.3872495046754798,0.3623285924748583,0.3167827278526457,0.045545864622212606,38,61,0.3838383838383838,0.19520847186702747
42,open_loop,12000,0.3311529850463645,0.3762093403400842,0.3684041457189273,0.36464339612563135,0.2972130382479129,0.06743035787771845,38,61,0.3838383838383838,0.19520847186702747
42,open_loop,14000,0.3366936358662176,0.35026446276078393,0.3504747365583709,0.36229935234671895,0.3107442184933605,0.05155513385335847,38,61,0.3838383838383838,0.19520847186702747
42,open_loop,16000,0.342196894036114,0.33897556090538167,0.3334152962093913,0.3657805130538959,0.3182967163737981,0.047483796680097834,38,61,0.3838383838383838,0.19520847186702747
42,open_loop,18000,0.3312597649838543,0.3505986921702955,0.31718687673006063,0.3550633126138906,0.3071367066473746,0.047926605966516045,38,61,0.3838383838383838,0.19520847186702747
42,open_loop,20000,0.3032290502009133,0.35953998622481836,0.30174992872618983,0.326354486313727,0.2797932055496725,0.04656128076405447,38,61,0.3838383838383838,0.19520847186702747
42,closed_loop,2000,0.36919260773520224,0.36953227061209654,0.47279192876508724,0.38515573630707145,0.35301520898116034,0.032140527325911106,41,58,0.41414141414141414,0.19520165483618387
42,closed_loop,4000,0.35575502559879785,0.37938280566166555,0.4497797426775587,0.37054578425742235,0.3407657332669032,0.02978005099051917,41,58,0.41414141414141414,0.19520165483618387
42,closed_loop,6000,0.3575221212152124,0.3398281479428211,0.4278897646474097,0.38520742517370976,0.32946520243848004,0.05574222273522972,41,58,0.41414141414141414,0.19520165483618387
42,closed_loop,8000,0.3490495619052492,0.36604029361316737,0.40706432554500865,0.36874743920947145,0.3290872835633864,0.03966015564608505,41,58,0.41414141414141414,0.19520165483618387
42,closed_loop,10000,0.33693879613764377,0.39662796899134534,0.3872528824443546,0.35499816529570766,0.3186370193398743,0.03636114595583334,41,58,0.41414141414141414,0.19520165483618387
42,closed_loop,12000,0.3450608238548859,0.3597795933690617,0.3684061256210754,0.36926671255429394,0.3205300238977678,0.04873668865652614,41,58,0.41414141414141414,0.19520165483618387
42,closed_loop,14000,0.32768149780040684,0.31485771162389276,0.35047697129970345,0.3493481555630679,0.30572401241677033,0.04362414314629759,41,58,0.41414141414141414,0.19520165483618387
42,closed_loop,16000,0.3123594471197448,0.3455265910188997,0.33341985479834735,0.32770700475268877,0.29680588200179475,0.030901122750894017,41,58,0.41414141414141414,0.19520165483618387
42,closed_loop,18000,0.3201676393339217,0.3459417968117904,0.3171928364822437,0.34457756664594563,0.2954300619908638,0.04914750465508183,41,58,0.41414141414141414,0.19520165483618387
42,closed_loop,20000,0.30677620125874533,0.33013079005511153,0.3017567904489779,0.3311818626862276,0.2820429470604242,0.049138915625803414,41,58,0.41414141414141414,0.19520165483618387
42,matched_shuffle,2000,0.36937302665643773,0.3643570604074042,0.47279013623842076,0.3882221899522224,0.35027085445735395,0.037951335494868454,41,58,0.41414141414141414,0.19520771839694223
42,matched_shuffle,4000,0.35705882685723067,0.3917643594659021,0.44977796452273394,0.37136349574262617,0.3425621489935077,0.028801346749118495,41,58,0.41414141414141414,0.19520771839694223
42,matched_shuffle,6000,0.3583808492851892,0.3647501547224691,0.42788712368344156,0.37551724602586084,0.3410144337963206,0.034502812229540214,41,58,0.41414141414141414,0.19520771839694223
42,matched_shuffle,8000,0.3488373677826321,0.369922245539322,0.40706130897006565,0.3606717611367804,0.3368441235109784,0.02382763762580198,41,58,0.41414141414141414,0.19520771839694223
42,matched_shuffle,10000,0.34272664369889827,0.34931261765677807,0.38724956749697853,0.36416356496208396,0.32100197852613965,0.04316158643594431,41,58,0.41414141414141414,0.19520771839694223
42,matched_shuffle,12000,0.3495297183386898,0.3632949085410831,0.3684017490980195,0.37891401105787176,0.3197510055830087,0.059163005474863084,41,58,0.41414141414141414,0.19520771839694223
42,matched_shuffle,14000,0.3338780416375805,0.3575001978759258,0.3504743205922146,0.3591237988798077,0.3082934151706254,0.0508303837091823,41,58,0.41414141414141414,0.19520771839694223
42,matched_shuffle,16000,0.31294102023525716,0.35200174818176067,0.33341764886638825,0.327970787123883,0.2977095115092,0.030261275614683003,41,58,0.41414141414141414,0.19520771839694223
42,matched_shuffle,18000,0.32768382299286936,0.33662397496607405,0.31718952188916133,0.3449174462908682,0.31021887589221286,0.034698570398655315,41,58,0.41414141414141414,0.19520771839694223
42,matched_shuffle,20000,0.31650688689000744,0.3393152041525693,0.3017505900304173,0.3401216746331406,0.29257512213018794,0.047546552502952644,41,58,0.41414141414141414,0.19520771839694223
999,open_loop,2000,0.30791356622898547,0.39388542688025835,0.47632487602842427,0.30939708800150845,0.3061952424493005,0.003201845552207927,38,61,0.3838383838383838,0.1967326705956616
999,open_loop,4000,0.3135249558873473,0.4063494843316117,0.4531326248088547,0.31962170224180936,0.3064632568724667,0.01315844536934263,38,61,0.3838383838383838,0.1967326705956616
999,open_loop,6000,0.3359335647463203,0.41097945162361826,0.4310712634958968,0.34348983808696243,0.3271813344740657,0.016308503612896708,38,61,0.3838383838383838,0.1967326705956616
999,open_loop,8000,0.3119776307883463,0.4035010656417457,0.41008303154140935,0.30911157635519687,0.3152973053476057,-0.006185728992408823,38,61,0.3838383838383838,0.1967326705956616
999,open_loop,10000,0.30336037047816317,0.39499935219139,0.39011744417653166,0.30939798717480954,0.29636715977197564,0.0130308274028339,38,61,0.3838383838383838,0.1967326705956616
999,open_loop,12000,0.27860501383465885,0.3942327580773263,0.37112262194249795,0.2939061440535828,0.2608821219983513,0.03302402205523147,38,61,0.3838383838383838,0.1967326705956616
999,open_loop,14000,0.28357681906797777,0.36813318186234584,0.35305329412991654,0.2957694800800213,0.26945438437057495,0.026315095709446346,38,61,0.3838383838383838,0.1967326705956616
999,open_loop,16000,0.2845876805382545,0.3995784898783357,0.3358619613828682,0.3112452724277416,0.25371090144323716,0.057534370984504424,38,61,0.3838383838383838,0.1967326705956616
999,open_loop,18000,0.28981096643392223,0.3623890952291616,0.31950877549592593,0.2891942898054926,0.29052524655749906,-0.0013309567520064514,38,61,0.3838383838383838,0.1967326705956616
999,open_loop,20000,0.2909025404186591,0.3572277149317183,0.3039520790126119,0.29674875127532735,0.28413103000194256,0.012617721273384785,38,61,0.3838383838383838,0.1967326705956616
999,closed_loop,2000,0.30791356622898547,0.39388542688025835,0.47632487602842427,0.30939708800150845,0.3061952424493005,0.003201845552207927,37,62,0.37373737373737376,0.19672899688668846
999,closed_loop,4000,0.3135249558873473,0.4063494843316117,0.4531326248088547,0.31962170224180936,0.3064632568724667,0.01315844536934263,37,62,0.37373737373737376,0.19672899688668846
999,closed_loop,6000,0.3359335647463203,0.41097945162361826,0.4310712634958968,0.34348983808696243,0.3271813344740657,0.016308503612896708,37,62,0.37373737373737376,0.19672899688668846
999,closed_loop,8000,0.3119776307883463,0.4035010656417457,0.41008303154140935,0.30911157635519687,0.3152973053476057,-0.006185728992408823,37,62,0.37373737373737376,0.19672899688668846
999,closed_loop,10000,0.30336037047816317,0.39499935219139,0.39011744417653166,0.30939798717480954,0.29636715977197564,0.0130308274028339,37,62,0.37373737373737376,0.19672899688668846
999,closed_loop,12000,0.29945099957659466,0.38472264322817823,0.37112381793391236,0.31045723816414783,0.2867027663924504,0.023754471771697427,37,62,0.37373737373737376,0.19672899688668846
999,closed_loop,14000,0.2835975253281379,0.3808548910951789,0.353053677914958,0.29828595493240007,0.2665843083044962,0.03170164662790387,37,62,0.37373737373737376,0.19672899688668846
999,closed_loop,16000,0.28934588757062407,0.38082974662551994,0.3358650879317752,0.28776309833526637,0.29117919021013916,-0.0034160918748727953,37,62,0.37373737373737376,0.19672899688668846
999,closed_loop,18000,0.26348682364481013,0.39477634969675374,0.31951172275226275,0.2790791761391867,0.2454266167988055,0.033652559340381194,37,62,0.37373737373737376,0.19672899688668846
999,closed_loop,20000,0.25450183711757624,0.3874865759932686,0.3039557237477997,0.26604064446664705,0.24113674371325688,0.024903900753390162,37,62,0.37373737373737376,0.19672899688668846
999,matched_shuffle,2000,0.3115398684829238,0.3894364796157831,0.47632480535698724,0.3139220878390066,0.30878060721436745,0.00514148062463915,37,62,0.37373737373737376,0.1967342334621135
999,matched_shuffle,4000,0.3573884890207828,0.3621154230004156,0.4531324237912859,0.35171782012632,0.36395667385537644,-0.01223885372905642,37,62,0.37373737373737376,0.1967342334621135
999,matched_shuffle,6000,0.3188636961232637,0.40490094744206107,0.43107043179839655,0.32621905749446384,0.3103441768371974,0.015874880657266444,37,62,0.37373737373737376,0.1967342334621135
999,matched_shuffle,8000,0.29530290154871003,0.4012929843196438,0.4100815176123521,0.2912439717898703,0.3000042518449201,-0.008760280055049752,37,62,0.37373737373737376,0.1967342334621135
999,matched_shuffle,10000,0.2930879246307226,0.3958175797665554,0.3901151803275524,0.3117693735606004,0.2714496996112237,0.04031967394937669,37,62,0.37373737373737376,0.1967342334621135
999,matched_shuffle,12000,0.31214831053309067,0.3785307284478216,0.37112226319732466,0.30515246818817726,0.32025140850093997,-0.01509894031276271,37,62,0.37373737373737376,0.1967342334621135
999,matched_shuffle,14000,0.29966574531037415,0.39674215881228864,0.35305328250442275,0.30349811534925275,0.29522681310706866,0.008271302242184086,37,62,0.37373737373737376,0.1967342334621135
999,matched_shuffle,16000,0.2914205927277761,0.3525893928539837,0.33586240861818967,0.31156721208943133,0.2680852997980891,0.04348191229134224,37,62,0.37373737373737376,0.1967342334621135
999,matched_shuffle,18000,0.2860004355794222,0.35408977297239336,0.3195079835227828,0.29577877317310414,0.2746744474313445,0.021104325741759633,37,62,0.37373737373737376,0.1967342334621135
999,matched_shuffle,20000,0.26976343716003953,0.379266662822864,0.3039505527818508,0.26947013514111734,0.27010316108123716,-0.0006330259401198246,37,62,0.37373737373737376,0.1967342334621135
42,open_loop,2000,0.3715938606035169,0.38558034083562875,0.4728000418859298,0.39224932322870176,0.35066114344645033,0.04158817978225143,79,120,0.3969849246231156,0.19519712065640055
42,open_loop,4000,0.3640862969614056,0.3419419949432691,0.4497880198144381,0.3898063920345333,0.3380209657127996,0.05178542632173372,79,120,0.3969849246231156,0.19519712065640055
42,open_loop,6000,0.3525103311274097,0.3721151576441953,0.42789730630548395,0.38273126535671376,0.3218837467742224,0.06084751858249138,79,120,0.3969849246231156,0.19519712065640055
42,open_loop,8000,0.3493136938505435,0.373410729403331,0.40707123059364014,0.36957849881602417,0.32877687808015693,0.04080162073586724,79,120,0.3969849246231156,0.19519712065640055
42,open_loop,10000,0.33703988565334014,0.3612944968655803,0.38725928418816336,0.35410792360596505,0.3197427465201431,0.03436517708582193,79,120,0.3969849246231156,0.19519712065640055
42,open_loop,12000,0.3399787123965244,0.35169967251699336,0.3684114724568342,0.36786068698366486,0.3117224831169392,0.05613820386672569,79,120,0.3969849246231156,0.19519712065640055
42,open_loop,14000,0.33439667563974124,0.3564914026200419,0.3504830673074156,0.35943866839703104,0.30901854875148105,0.05042011964554999,79,120,0.3969849246231156,0.19519712065640055
42,open_loop,16000,0.3334730369271105,0.347915269431871,0.33342686316320697,0.3547802841678765,0.3118797863676766,0.04290049780019989,79,120,0.3969849246231156,0.19519712065640055
42,open_loop,18000,0.30888330783071566,0.3517075663788891,0.3171990210990904,0.3303241253523229,0.2871546941007647,0.0431694312515582,79,120,0.3969849246231156,0.19519712065640055
42,open_loop,20000,0.2845117416758513,0.3382797603858211,0.3017613758595214,0.2955563006658735,0.27331893357186904,0.02223736709400448,79,120,0.3969849246231156,0.19519712065640055
42,closed_loop,2000,0.3700348210654629,0.3777189049965393,0.4727994368221053,0.3933890856628412,0.34636707640637493,0.04702200925646627,80,119,0.4020100502512563,0.19520145101554504
42,closed_loop,4000,0.37402702610252564,0.3437618358467564,0.44978766007348353,0.4021993688818829,0.34547653107109644,0.056722837810786464,80,119,0.4020100502512563,0.19520145101554504
42,closed_loop,6000,0.36571310121635053,0.34097744395627977,0.42789634175369917,0.3813977499041095,0.3498179203314403,0.031579829572669194,80,119,0.4020100502512563,0.19520145101554504
42,closed_loop,8000,0.3473299153431423,0.33371093613605485,0.40707059718230976,0.3604344928240092,0.33404943749340454,0.026385055330604645,80,119,0.4020100502512563,0.19520145101554504
42,closed_loop,10000,0.34972751718503425,0.33634613013250586,0.38725897717446667,0.3649779644392106,0.334272365940869,0.03070559849834159,80,119,0.4020100502512563,0.19520145101554504
42,closed_loop,12000,0.34204520805107236,0.36510881345766666,0.3684109440493467,0.3699231983548963,0.3137930165351165,0.0561301818197798,80,119,0.4020100502512563,0.19520145101554504
42,closed_loop,14000,0.32999304032642834,0.3368470064965012,0.3504820471465177,0.34794069022924373,0.3118044823712263,0.03613620785801741,80,119,0.4020100502512563,0.19520145101554504
42,closed_loop,16000,0.33447410575357844,0.34191220846968,0.33342494992163735,0.36243762678877406,0.3061352354427427,0.05630239134603138,80,119,0.4020100502512563,0.19520145101554504
42,closed_loop,18000,0.29294089253451866,0.3452438825110806,0.3171967625254428,0.30613746399503444,0.2795671858866134,0.026570278108421053,80,119,0.4020100502512563,0.19520145101554504
42,closed_loop,20000,0.29869540349408646,0.3439213991155929,0.30175695337358993,0.31663966776608343,0.2805102766144117,0.03612939115167174,80,119,0.4020100502512563,0.19520145101554504
42,matched_shuffle,2000,0.3594784281220538,0.40226936544226943,0.4727997200151035,0.3813440055146352,0.3373193530463505,0.044024652468284686,80,119,0.4020100502512563,0.19520327495654502
42,matched_shuffle,4000,0.3606689059673968,0.34334283753570527,0.4497884520248532,0.3794096349455091,0.34167662358018247,0.03773301136532664,80,119,0.4020100502512563,0.19520327495654502
42,matched_shuffle,6000,0.32575322396429357,0.3614194444301561,0.4278964509315218,0.3371612658919959,0.3141920539570248,0.02296921193497109,80,119,0.4020100502512563,0.19520327495654502
42,matched_shuffle,8000,0.3647710602357978,0.33694459921327025,0.4070721495540792,0.3734481650050945,0.3559774842615441,0.017470680743550404,80,119,0.4020100502512563,0.19520327495654502
42,matched_shuffle,10000,0.33823743416138435,0.37331136425040484,0.3872599896515735,0.35741884171441346,0.3187985580505965,0.03862028366381698,80,119,0.4020100502512563,0.19520327495654502
42,matched_shuffle,12000,0.3475054626032501,0.35050289116172123,0.36841321068736116,0.3674233446888164,0.3273202263957299,0.04010311829308649,80,119,0.4020100502512563,0.19520327495654502
42,matched_shuffle,14000,0.3275975294145839,0.3514358168562375,0.35048083457599205,0.3464491960387807,0.3084928202853644,0.037956375753416316,80,119,0.4020100502512563,0.19520327495654502
42,matched_shuffle,16000,0.3111257092873452,0.33427212652756977,0.33342262735052325,0.31908012477464964,0.3030645231223589,0.016015601652290767,80,119,0.4020100502512563,0.19520327495654502
42,matched_shuffle,18000,0.305013412968968,0.3346140146923048,0.3171939408632963,0.31683990246995725,0.2930281786424622,0.023811723827495024,80,119,0.4020100502512563,0.19520327495654502
42,matched_shuffle,20000,0.31038848497737914,0.357153968858136,0.3017551161062923,0.32849256081434813,0.292041401411055,0.03645115940329313,80,119,0.4020100502512563,0.19520327495654502
999,open_loop,2000,0.35711868987744866,0.3661125665301336,0.47632764506294056,0.3449686185556577,0.37119179407031455,-0.02622317551465686,79,120,0.3969849246231156,0.19673173011935985
999,open_loop,4000,0.31318756388295016,0.4001371606158733,0.45313512249415716,0.311350832353801,0.3153150011217487,-0.003964168767947696,79,120,0.3969849246231156,0.19673173011935985
999,open_loop,6000,0.2850255220530057,0.3948031602076639,0.43107240236984007,0.30008404267240457,0.2675836384578746,0.03250040421452999,79,120,0.3969849246231156,0.19673173011935985
999,open_loop,8000,0.3087054487399781,0.4001156448688276,0.41008445300779656,0.3094259215686357,0.30787094424059774,0.001554977328037943,79,120,0.3969849246231156,0.19673173011935985
999,open_loop,10000,0.3152187537700579,0.3889857781284809,0.39011847430522206,0.31413977528333586,0.3164685058302181,-0.0023287305468822628,79,120,0.3969849246231156,0.19673173011935985
999,open_loop,12000,0.29896870627359806,0.3947219324077726,0.3711234045800331,0.29540431154009605,0.30309724981384145,-0.007692938273745398,79,120,0.3969849246231156,0.19673173011935985
999,open_loop,14000,0.2907326593367264,0.3776187438915407,0.3530534522176888,0.2935892586771202,0.2874239363597234,0.006165322317396804,79,120,0.3969849246231156,0.19673173011935985
999,open_loop,16000,0.285768555981785,0.3718689125521541,0.335863130767478,0.2929706294991828,0.2774265859364538,0.015544043562728982,79,120,0.3969849246231156,0.19673173011935985
999,open_loop,18000,0.29029968669307066,0.3673262502001588,0.3195099040496759,0.3002528505530759,0.2787712019343596,0.021481648618716265,79,120,0.3969849246231156,0.19673173011935985
999,open_loop,20000,0.2765509682743265,0.344481799483542,0.30395312973944466,0.28401594410359915,0.26790448547926976,0.01611145862432939,79,120,0.3969849246231156,0.19673173011935985
999,closed_loop,2000,0.35711868987744866,0.3661125665301336,0.47632764506294056,0.3449686185556577,0.37119179407031455,-0.02622317551465686,79,120,0.3969849246231156,0.19672843350931493
999,closed_loop,4000,0.31318756388295016,0.4001371606158733,0.45313512249415716,0.311350832353801,0.3153150011217487,-0.003964168767947696,79,120,0.3969849246231156,0.19672843350931493
999,closed_loop,6000,0.30069817058761134,0.40254098038023517,0.43107247962513434,0.29800518697631256,0.3038173818208424,-0.005812194844529828,79,120,0.3969849246231156,0.19672843350931493
999,closed_loop,8000,0.29606409537338874,0.39868845385217483,0.4100847217070866,0.3087432713998072,0.28137814328523497,0.0273651281145722,79,120,0.3969849246231156,0.19672843350931493
999,closed_loop,10000,0.3135668118017324,0.3944771081555022,0.39011852920173223,0.31417550110036,0.31286178318965296,0.0013137179107070573,79,120,0.3969849246231156,0.19672843350931493
999,closed_loop,12000,0.3060176007629167,0.3816179108654679,0.37112584106929614,0.317976780696665,0.292165600983539,0.02581117971312602,79,120,0.3969849246231156,0.19672843350931493
999,closed_loop,14000,0.287974606308116,0.38541802840481665,0.35305688094055476,0.29262258095332877,0.28259098099963204,0.010031599953696735,79,120,0.3969849246231156,0.19672843350931493
999,closed_loop,16000,0.30027846360817034,0.3655133622725421,0.33586707118116266,0.30617401458731264,0.2934498038409622,0.01272421074635044,79,120,0.3969849246231156,0.19672843350931493
999,closed_loop,18000,0.28499878406958395,0.36860461164100644,0.31951472113236157,0.2890650979853414,0.2802888809009728,0.008776217084368598,79,120,0.3969849246231156,0.19672843350931493
999,closed_loop,20000,0.28620422368958337,0.3716237642258465,0.30395643623725427,0.2878522699120557,0.28429533561895004,0.0035569342931056624,79,120,0.3969849246231156,0.19672843350931493
999,matched_shuffle,2000,0.3202682149483346,0.4126928004334493,0.4763260369502832,0.31921663260951877,0.32148623477962474,-0.0022696021701059665,79,120,0.3969849246231156,0.19672739549957144
999,matched_shuffle,4000,0.3211057560907261,0.38721057511234147,0.45313431669630877,0.32128577791192736,0.3208972416071766,0.00038853630475077505,79,120,0.3969849246231156,0.19672739549957144
999,matched_shuffle,6000,0.29991862239724476,0.421926580670659,0.43107194960761475,0.3014248104402393,0.2981740448798195,0.003250765560419755,79,120,0.3969849246231156,0.19672739549957144
999,matched_shuffle,8000,0.31133894601364487,0.3817523606523812,0.41008486386776016,0.31396599589051205,0.3082961040699354,0.005669891820576645,79,120,0.3969849246231156,0.19672739549957144
999,matched_shuffle,10000,0.30135658173165514,0.3694077197910993,0.3901198237353593,0.3157298751876515,0.28470837852003333,0.031021496667618165,79,120,0.3969849246231156,0.19672739549957144
999,matched_shuffle,12000,0.293095056776881,0.4041882186217733,0.37112586628720023,0.3016373854121651,0.2832007049043576,0.0184366805078075,79,120,0.3969849246231156,0.19672739549957144
999,matched_shuffle,14000,0.30499238540149615,0.36828164549863374,0.35305783700276033,0.313016349841946,0.2956984409776657,0.017317908864280307,79,120,0.3969849246231156,0.19672739549957144
999,matched_shuffle,16000,0.30297328054740746,0.3717682653124717,0.335868315314792,0.31034091087211685,0.29443955045907494,0.01590136041304191,79,120,0.3969849246231156,0.19672739549957144
999,matched_shuffle,18000,0.27562343622273994,0.3729914994770826,0.31951488209086276,0.28896921943334186,0.26016537077736657,0.028803848655975295,79,120,0.3969849246231156,0.19672739549957144
999,matched_shuffle,20000,0.27748473458756445,0.38008465671756,0.303957496826796,0.27722439533806564,0.2777862786103652,-0.000561883272299557,79,120,0.3969849246231156,0.19672739549957144
42,open_loop,2000,0.3870338579406976,0.33525357935965333,0.4728003806772031,0.405168810836222,0.36865548285865607,0.03651332797756596,79,120,0.3969849246231156,0.19519542175942572
42,open_loop,4000,0.36150692309597415,0.3666129011137551,0.4497874803982313,0.3843413210558986,0.3383660231500104,0.04597529790588817,79,120,0.3969849246231156,0.19519542175942572
42,open_loop,6000,0.35289276488896565,0.3419120363619345,0.4278965082918241,0.3669481122413171,0.3386487551560456,0.028299357085271537,79,120,0.3969849246231156,0.19519542175942572
42,open_loop,8000,0.3445916593183909,0.36512021799517763,0.4070711279741959,0.36531757484724503,0.32358754358109565,0.04173003126614938,79,120,0.3969849246231156,0.19519542175942572
42,open_loop,10000,0.3442091516961944,0.34662686740801946,0.38726231114118054,0.3554624925299395,0.33280475930763403,0.022657733222305465,79,120,0.3969849246231156,0.19519542175942572
42,open_loop,12000,0.35747774763443185,0.35930076663159194,0.36841509656361493,0.3858864399732164,0.3286877305662676,0.05719870940694882,79,120,0.3969849246231156,0.19519542175942572
42,open_loop,14000,0.3282540529328675,0.3296376113296557,0.3504864940620355,0.3537646976626025,0.30240098344165967,0.051363714220942824,79,120,0.3969849246231156,0.19519542175942572
42,open_loop,16000,0.33918204579381567,0.3500329563280278,0.33342800910573034,0.36110143881682005,0.31696843273023406,0.04413300608658599,79,120,0.3969849246231156,0.19519542175942572
42,open_loop,18000,0.31629083338869235,0.33876806655596303,0.3172017213350782,0.33265849287995075,0.29970347377003453,0.03295501910991622,79,120,0.3969849246231156,0.19519542175942572
42,open_loop,20000,0.29356293732158184,0.31717789495320364,0.3017631332080823,0.3001318314673514,0.2869058701000301,0.013225961367321293,79,120,0.3969849246231156,0.19519542175942572
42,closed_loop,2000,0.37513089420785267,0.3450934578042634,0.4727999560296408,0.38090000349757974,0.36928434720953873,0.01161565628804101,81,118,0.40703517587939697,0.19519770344572063
42,closed_loop,4000,0.3702575536697809,0.36705214939234176,0.4497889697403324,0.39542075336581867,0.34475659290399785,0.05066416046182082,81,118,0.40703517587939697,0.19519770344572063
42,closed_loop,6000,0.3533882475522497,0.3494623004992123,0.4278991234753911,0.372157251817501,0.33436731034384065,0.03778994147366033,81,118,0.40703517587939697,0.19519770344572063
42,closed_loop,8000,0.35082455335621077,0.36581614235699594,0.40707359543754534,0.3611385156293557,0.34037214863644644,0.02076636699290929,81,118,0.40703517587939697,0.19519770344572063
42,closed_loop,10000,0.32495677135711437,0.3542780495889406,0.3872621384526804,0.34243205445422226,0.30724692070165605,0.03518513375256621,81,118,0.40703517587939697,0.19519770344572063
42,closed_loop,12000,0.31708619625868406,0.3466888966672843,0.3684133179687129,0.3356857680644225,0.2982369657709894,0.037448802293433114,81,118,0.40703517587939697,0.19519770344572063
42,closed_loop,14000,0.34984165731676353,0.3407377247713117,0.35048451720583457,0.3753084724861885,0.3240330057021113,0.051275466784077184,81,118,0.40703517587939697,0.19519770344572063
42,closed_loop,16000,0.3372035261312668,0.33682337228004244,0.3334288631659663,0.36030126109007093,0.31379575446160624,0.0465055066284647,81,118,0.40703517587939697,0.19519770344572063
42,closed_loop,18000,0.31019674678194065,0.3315050437355955,0.31720110191763423,0.3152515936976307,0.30507404957208023,0.010177544125550497,81,118,0.40703517587939697,0.19519770344572063
42,closed_loop,20000,0.29000441473134503,0.3682954259087922,0.3017607878613804,0.301401398619427,0.27845445119375856,0.02294694742566844,81,118,0.40703517587939697,0.19519770344572063
42,matched_shuffle,2000,0.36497398447719454,0.3532710258130343,0.47279936648581783,0.3818362362191219,0.34788539378571115,0.03395084243341073,81,118,0.40703517587939697,0.19520086441834242
42,matched_shuffle,4000,0.3626466806354102,0.36720071811448796,0.4497871899783612,0.38141972908727667,0.343621644956002,0.03779808413127467,81,118,0.40703517587939697,0.19520086441834242
42,matched_shuffle,6000,0.347700807422942,0.33768486409169396,0.4278952158065912,0.36275886739416074,0.3324406258413714,0.030318241552789338,81,118,0.40703517587939697,0.19520086441834242
42,matched_shuffle,8000,0.3451304073542705,0.3614915905763503,0.40707048503408133,0.35153268628184015,0.33864219179680055,0.012890494485039594,81,118,0.40703517587939697,0.19520086441834242
42,matched_shuffle,10000,0.34663479081042853,0.34899288483071134,0.3872587322628102,0.3620144324527579,0.3310487110252491,0.030965721427508808,81,118,0.40703517587939697,0.19520086441834242
42,matched_shuffle,12000,0.3472085959303692,0.33646068366801474,0.3684096776853697,0.3699704344247407,0.3241412294025162,0.045829205022224484,81,118,0.40703517587939697,0.19520086441834242
42,matched_shuffle,14000,0.33540785909358867,0.3249504413273687,0.3504779809577776,0.36161471699908154,0.30884923128332403,0.05276548571575751,81,118,0.40703517587939697,0.19520086441834242
42,matched_shuffle,16000,0.3286685800201259,0.3113965578039203,0.3334219208622119,0.3481539598366519,0.30892165148123046,0.039232308355421464,81,118,0.40703517587939697,0.19520086441834242
42,matched_shuffle,18000,0.32058743239176296,0.3491575344744427,0.3171955580600337,0.34570725434237287,0.295130431623024,0.05057682271934888,81,118,0.40703517587939697,0.19520086441834242
42,matched_shuffle,20000,0.31928573191925413,0.3181151858269727,0.3017575894493487,0.3393176168107922,0.2989849626667559,0.040332654144036306,81,118,0.40703517587939697,0.19520086441834242
999,open_loop,2000,0.3592204879894145,0.3699213180681181,0.4763276445903504,0.3514057953070233,0.3682720385064287,-0.016866243199405384,79,120,0.3969849246231156,0.19672475804540948
999,open_loop,4000,0.3309785030551852,0.3755471731352564,0.4531388148129376,0.33190073284231886,0.32991030884131095,0.0019904240010079066,79,120,0.3969849246231156,0.19672475804540948
999,open_loop,6000,0.3277989471973545,0.40030659056718854,0.4310756618257918,0.3390694777373106,0.3147445916798512,0.024324886057459416,79,120,0.3969849246231156,0.19672475804540948
999,open_loop,8000,0.31615224503203365,0.3717425868374447,0.4100871276628941,0.32003349945806614,0.311656691344327,0.008376808113739143,79,120,0.3969849246231156,0.19672475804540948
999,open_loop,10000,0.31616692387483264,0.37112443524467853,0.3901229080154729,0.321388364199516,0.3101190685347318,0.011269295664784185,79,120,0.3969849246231156,0.19672475804540948
999,open_loop,12000,0.3123481671268679,0.37127451540776024,0.3711280371715093,0.3186136729000897,0.30509099856939514,0.01352267433069454,79,120,0.3969849246231156,0.19672475804540948
999,open_loop,14000,0.3172517623940657,0.3448105346563853,0.3530608982591252,0.3155661213994913,0.31920419548850076,-0.0036380740890094576,79,120,0.3969849246231156,0.19672475804540948
999,open_loop,16000,0.30854405822452907,0.3658388521538821,0.3358704221776414,0.30640239450533796,0.31102469030215335,-0.00462229579681539,79,120,0.3969849246231156,0.19672475804540948
999,open_loop,18000,0.2918265102677162,0.36852441887974896,0.3195173201157491,0.28555164747692313,0.29909451680957,-0.013542869332646867,79,120,0.3969849246231156,0.19672475804540948
999,open_loop,20000,0.2980826983656369,0.37960976986187994,0.3039602381762054,0.2942896159996246,0.3024761247032483,-0.008186508703623696,79,120,0.3969849246231156,0.19672475804540948
999,closed_loop,2000,0.3592204879894145,0.3699213180681181,0.4763276445903504,0.3514057953070233,0.3682720385064287,-0.016866243199405384,78,121,0.39195979899497485,0.1967230780870518
999,closed_loop,4000,0.3309785030551852,0.3755471731352564,0.4531388148129376,0.33190073284231886,0.32991030884131095,0.0019904240010079066,78,121,0.39195979899497485,0.1967230780870518
999,closed_loop,6000,0.33062382170804017,0.3890951319376393,0.43107549182932003,0.3248267797103074,0.3373383811442629,-0.012511601433955521,78,121,0.39195979899497485,0.1967230780870518
999,closed_loop,8000,0.3197798558071723,0.40443879226305446,0.4100872757951419,0.3337828511221784,0.3035605590754025,0.0302222920467759,78,121,0.39195979899497485,0.1967230780870518
999,closed_loop,10000,0.31653748474053894,0.39545884169023043,0.39012271837821033,0.32683865672351203,0.3046059114365198,0.022232745286992206,78,121,0.39195979899497485,0.1967230780870518
999,closed_loop,12000,0.3020219398248917,0.3903456059922178,0.37112898220341906,0.31437266944641834,0.2877164184647063,0.026656250981712037,78,121,0.39195979899497485,0.1967230780870518
999,closed_loop,14000,0.30798226763626946,0.36929826232873353,0.3530605600718645,0.30326021016761806,0.3134517011071536,-0.01019149093953553,78,121,0.39195979899497485,0.1967230780870518
999,closed_loop,16000,0.29895440964578485,0.3743060785116232,0.33587098242543517,0.30105065393531955,0.2965263856845252,0.004524268250794328,78,121,0.39195979899497485,0.1967230780870518
999,closed_loop,18000,0.2709973347749189,0.3605509421868807,0.31951951514073623,0.27057968650675074,0.271481085646682,-0.0009013991399312582,78,121,0.39195979899497485,0.1967230780870518
999,closed_loop,20000,0.29495652539522543,0.35707254429204743,0.3039619071420782,0.29331289941193756,0.29686029362047245,-0.003547394208534893,78,121,0.39195979899497485,0.1967230780870518
999,matched_shuffle,2000,0.3173389541499828,0.4140874256232341,0.4763270185081405,0.32028307047025095,0.3139288625847802,0.006354207885470753,78,121,0.39195979899497485,0.19672795275996846
999,matched_shuffle,4000,0.3066409059329246,0.43332708022234906,0.4531340521640232,0.3059188653832654,0.30747722628181046,-0.0015583608985450526,78,121,0.39195979899497485,0.19672795275996846
999,matched_shuffle,6000,0.32507371772541716,0.3827177578608202,0.43107264906078124,0.322375035507093,0.3281995295034761,-0.005824493996383073,78,121,0.39195979899497485,0.19672795275996846
999,matched_shuffle,8000,0.31075212325833274,0.40749624823649355,0.41008367152945635,0.3229528853571866,0.29662030528771777,0.026332580069468814,78,121,0.39195979899497485,0.19672795275996846
999,matched_shuffle,10000,0.3065028944482801,0.3720443725010402,0.3901195802240558,0.31023063815991486,0.30218514813480385,0.008045490025111013,78,121,0.39195979899497485,0.19672795275996846
999,matched_shuffle,12000,0.3182177916928607,0.3638150830167292,0.37112638264800246,0.31230614038955123,0.3250651000369817,-0.012758959647430457,78,121,0.39195979899497485,0.19672795275996846
999,matched_shuffle,14000,0.275056760223238,0.3828291283659675,0.3530578749654458,0.2863507774125062,0.2619752007450208,0.02437557666748541,78,121,0.39195979899497485,0.19672795275996846
999,matched_shuffle,16000,0.30404808729220617,0.3716081329827058,0.33586710216172627,0.3026908598367425,0.3056201277262325,-0.002929267889489995,78,121,0.39195979899497485,0.19672795275996846
999,matched_shuffle,18000,0.26779304655456315,0.3847603840246954,0.31951364728062515,0.2703837594717313,0.26479229274403016,0.0055914667277011665,78,121,0.39195979899497485,0.19672795275996846
999,matched_shuffle,20000,0.2846646034450206,0.37194763804321107,0.30395708606936744,0.2893036649750159,0.27929130196063745,0.010012363014378467,78,121,0.39195979899497485,0.19672795275996846
42,open_loop,2000,0.38466283883388674,0.33812731582764544,0.4727999604785469,0.39139709060249994,0.37783819442408406,0.01355889617841588,186,213,0.46616541353383456,0.195175686665581
42,open_loop,4000,0.3575157768715159,0.36119325476741154,0.44978883434082234,0.3822619168761778,0.33243747391377126,0.04982444296240651,186,213,0.46616541353383456,0.195175686665581
42,open_loop,6000,0.36064740041376514,0.34649251789833346,0.4278997291187096,0.3770700256705771,0.3440043372340429,0.033065688436534235,186,213,0.46616541353383456,0.195175686665581
42,open_loop,8000,0.3557244160186581,0.34439947855661485,0.40707580778898067,0.3756735540329804,0.33550750433971416,0.04016604969326626,186,213,0.46616541353383456,0.195175686665581
42,open_loop,10000,0.3658618603230071,0.3375032702633602,0.38726802707833474,0.381378384604135,0.35013706054817273,0.03124132405596225,186,213,0.46616541353383456,0.195175686665581
42,open_loop,12000,0.35295864325555415,0.3418973282124397,0.3684229083598838,0.37176138250458773,0.33390351824478853,0.0378578642597992,186,213,0.46616541353383456,0.195175686665581
42,open_loop,14000,0.3585798765092448,0.3025918288466795,0.3504956626487883,0.3792471161052826,0.33763522430117965,0.04161189180410296,186,213,0.46616541353383456,0.195175686665581
42,open_loop,16000,0.3460768280149475,0.3412652576824437,0.3334416269307568,0.3716665711149093,0.3201435984304224,0.05152297268448691,186,213,0.46616541353383456,0.195175686665581
42,open_loop,18000,0.3340385847966369,0.3189784091106935,0.31721710568620487,0.3559226637015718,0.3118607598661324,0.0440619038354394,186,213,0.46616541353383456,0.195175686665581
42,open_loop,20000,0.3287061683766467,0.3310997301221506,0.30178300569950867,0.34667383873137925,0.31049732123862905,0.03617651749275019,186,213,0.46616541353383456,0.195175686665581
42,closed_loop,2000,0.39315544320828444,0.32572927395962764,0.4728008256840978,0.40862057523598594,0.3774827255157816,0.031137849720204336,177,222,0.44360902255639095,0.1951814642930546
42,closed_loop,4000,0.37696088961916246,0.3296526107354366,0.449790487663821,0.3936875551976209,0.36000970503965085,0.033677850157970035,177,222,0.44360902255639095,0.1951814642930546
42,closed_loop,6000,0.37059162321446204,0.3287692497215047,0.4279003484079485,0.3858003087228859,0.3551787942763949,0.03062151444649097,177,222,0.44360902255639095,0.1951814642930546
42,closed_loop,8000,0.3559907829968906,0.3550042202740576,0.4070761982857753,0.3622897862129804,0.3496072294020613,0.012682556810919121,177,222,0.44360902255639095,0.1951814642930546
42,closed_loop,10000,0.34710354899264056,0.3479105796842106,0.3872652868722969,0.35436993366287045,0.3397396289577097,0.014630304705160746,177,222,0.44360902255639095,0.1951814642930546
42,closed_loop,12000,0.3511816194791338,0.31383802814410944,0.36841822385765394,0.3774326552332266,0.3245782208290129,0.052854434404213724,177,222,0.44360902255639095,0.1951814642930546
42,closed_loop,14000,0.3520698002524387,0.31421754976607996,0.3504924607173223,0.3679816682823117,0.33594435010135937,0.032037318180952346,177,222,0.44360902255639095,0.1951814642930546
42,closed_loop,16000,0.34781650994851493,0.3160632566789314,0.3334366757436681,0.3736207079980232,0.3216659468245167,0.0519547611735065,177,222,0.44360902255639095,0.1951814642930546
42,closed_loop,18000,0.31538834040198044,0.31081082976403746,0.3172106794094478,0.33319517307299357,0.2973424898427659,0.03585268323022767,177,222,0.44360902255639095,0.1951814642930546
42,closed_loop,20000,0.32949342400816195,0.32397674182413955,0.30177717087361083,0.339741341988221,0.319107950082062,0.020633391906158982,177,222,0.44360902255639095,0.1951814642930546
42,matched_shuffle,2000,0.3831373386058996,0.33304397215753795,0.47279976737654417,0.3868158475302416,0.3794094537228417,0.007406393807399936,177,222,0.44360902255639095,0.19518180016414688
42,matched_shuffle,4000,0.37368488597401694,0.3461748727016994,0.44979021782704615,0.405517571516756,0.3414249160615767,0.06409265545517928,177,222,0.44360902255639095,0.19518180016414688
42,matched_shuffle,6000,0.3671916598403499,0.3390850950874717,0.42789971127936294,0.38025155557764856,0.3539564634891278,0.026295092088520766,177,222,0.44360902255639095,0.19518180016414688
42,matched_shuffle,8000,0.3549546252254751,0.33969486673398525,0.4070759532703106,0.3632697748989558,0.34652786280469955,0.01674191209425624,177,222,0.44360902255639095,0.19518180016414688
42,matched_shuffle,10000,0.36182896953854204,0.32858776570155684,0.38726662446961363,0.3728293484863501,0.35068093449747484,0.022148413988875237,177,222,0.44360902255639095,0.19518180016414688
42,matched_shuffle,12000,0.3472399632805671,0.3549856259584616,0.36841988088638916,0.3826504615566719,0.31135415630276964,0.07129630525390224,177,222,0.44360902255639095,0.19518180016414688
42,matched_shuffle,14000,0.34929525420174057,0.32129539658349293,0.35049322435066327,0.37445933237008583,0.32379340317207533,0.050665929198010495,177,222,0.44360902255639095,0.19518180016414688
42,matched_shuffle,16000,0.34546006103535554,0.3472038473170365,0.3334374293909766,0.36050512458879147,0.33021305032012854,0.030292074268662927,177,222,0.44360902255639095,0.19518180016414688
42,matched_shuffle,18000,0.30919355198178206,0.3224280683998917,0.31721197822535596,0.31139399794908307,0.3069635698270004,0.004430428122082664,177,222,0.44360902255639095,0.19518180016414688
42,matched_shuffle,20000,0.31625850569598396,0.33470265835130875,0.30177681395734235,0.34517287448586303,0.2869560245733548,0.05821684991250825,177,222,0.44360902255639095,0.19518180016414688
999,open_loop,2000,0.3355777298425037,0.39799763955464823,0.47633061193737125,0.34625867333597654,0.32320627730689855,0.023052396029077993,186,213,0.46616541353383456,0.19671524973507135
999,open_loop,4000,0.3233855311079107,0.39908392702631706,0.45314036081407993,0.3313927063823901,0.31411103312811794,0.017281673254272156,186,213,0.46616541353383456,0.19671524973507135
999,open_loop,6000,0.3333710878948433,0.36217283563567304,0.43107882953133525,0.34333900190274436,0.3218255184324543,0.02151348347029003,186,213,0.46616541353383456,0.19671524973507135
999,open_loop,8000,0.33230550936673947,0.37674020602555225,0.4100908242416411,0.33279348594376473,0.33174029908687563,0.001053186856889099,186,213,0.46616541353383456,0.19671524973507135
999,open_loop,10000,0.3196991575775576,0.3816094602150804,0.3901273564993312,0.3196498045880648,0.3197563218315745,-0.00010651724350968506,186,213,0.46616541353383456,0.19671524973507135
999,open_loop,12000,0.30970716172572915,0.37980045271443735,0.37113628776860497,0.3077595669170773,0.31196300895013873,-0.004203442033061444,186,213,0.46616541353383456,0.19671524973507135
999,open_loop,14000,0.2883270162526968,0.38359173204172764,0.3530660254002818,0.3031278148568154,0.2711836452076386,0.03194416964917679,186,213,0.46616541353383456,0.19671524973507135
999,open_loop,16000,0.28062596466087103,0.38388415744048443,0.33587816736076875,0.3045589639843901,0.25290500860988857,0.051653955374501515,186,213,0.46616541353383456,0.19671524973507135
999,open_loop,18000,0.2786421265044611,0.4070990355881356,0.31952618480254796,0.3011967149112095,0.25251774712686037,0.0486789677843491,186,213,0.46616541353383456,0.19671524973507135
999,open_loop,20000,0.29082435456856526,0.3854435691986286,0.30396985958780454,0.30168523213156206,0.27824448918984224,0.023440742941719828,186,213,0.46616541353383456,0.19671524973507135
999,closed_loop,2000,0.3355777298425037,0.39799763955464823,0.47633061193737125,0.34625867333597654,0.32320627730689855,0.023052396029077993,184,215,0.46115288220551376,0.19671950067561914
999,closed_loop,4000,0.3494607993859149,0.38207667696785513,0.45314071229652947,0.3512494345613747,0.347389070873332,0.0038603636880427117,184,215,0.46115288220551376,0.19671950067561914
999,closed_loop,6000,0.3186254996415266,0.3782244633458212,0.4310787658944331,0.3364144371229885,0.2980210468752289,0.03839339024775962,184,215,0.46115288220551376,0.19671950067561914
999,closed_loop,8000,0.3301558004800451,0.3647488488946201,0.4100912916719231,0.3416810784708863,0.31680637777122905,0.02487470069965725,184,215,0.46115288220551376,0.19671950067561914
999,closed_loop,10000,0.33178039011252436,0.3861358380466026,0.3901251858866283,0.33293725666940294,0.3304404223739817,0.0024968342954212464,184,215,0.46115288220551376,0.19671950067561914
999,closed_loop,12000,0.29757069924771995,0.3894682957098158,0.37113069150550254,0.3166744097779355,0.27544337985660705,0.04123102992132843,184,215,0.46115288220551376,0.19671950067561914
999,closed_loop,14000,0.316248852636584,0.3622070065560974,0.35306208001379363,0.3200316458819173,0.311867343913572,0.008164301968345278,184,215,0.46115288220551376,0.19671950067561914
999,closed_loop,16000,0.31453314191480863,0.34746661459934813,0.33587423293820573,0.3226677038926266,0.30511109530740793,0.01755660858521868,184,215,0.46115288220551376,0.19671950067561914
999,closed_loop,18000,0.2946366847983843,0.372868146532028,0.3195221740689107,0.30209811254759794,0.28599431165001443,0.01610380089758351,184,215,0.46115288220551376,0.19671950067561914
999,closed_loop,20000,0.2749680471063522,0.37821271432424036,0.3039656989168747,0.290480678675753,0.2570001788856793,0.033480499790073726,184,215,0.46115288220551376,0.19671950067561914
999,matched_shuffle,2000,0.32988022456689386,0.37721052122368454,0.4763308001271561,0.33549866050859756,0.32337253977110747,0.012126120737490087,184,215,0.46115288220551376,0.19671902933741994
999,matched_shuffle,4000,0.34338557872032266,0.3655757058778179,0.4531397499570132,0.33174915408181854,0.356863739632547,-0.02511458555072843,184,215,0.46115288220551376,0.19671902933741994
999,matched_shuffle,6000,0.33891930775311147,0.3682458200203083,0.43108092308797363,0.33961458791102,0.3381139832536635,0.001500604657356519,184,215,0.46115288220551376,0.19671902933741994
999,matched_shuffle,8000,0.3332728747348453,0.35509789977149725,0.4100930654138127,0.34310030089719634,0.32189002860435245,0.02121027229284389,184,215,0.46115288220551376,0.19671902933741994
999,matched_shuffle,10000,0.3186238334874472,0.381539938772306,0.3901279178537452,0.3253172758480531,0.3108709973719255,0.014446278476127616,184,215,0.46115288220551376,0.19671902933741994
999,matched_shuffle,12000,0.3160379821987681,0.385238543257598,0.3711356033414827,0.31546457463989686,0.3167021449108421,-0.0012375702709452319,184,215,0.46115288220551376,0.19671902933741994
999,matched_shuffle,14000,0.3064149495231882,0.3713705373397941,0.3530665152748951,0.301985470008213,0.31154549773837537,-0.009560027730162346,184,215,0.46115288220551376,0.19671902933741994
999,matched_shuffle,16000,0.2867811984056193,0.3904471976312619,0.335875424001908,0.2914029042672868,0.2814279995298749,0.009974904737411916,184,215,0.46115288220551376,0.19671902933741994
999,matched_shuffle,18000,0.30835594621496154,0.3345114978456273,0.31952372055605166,0.3045427154304222,0.31277270992942796,-0.008229994499005744,184,215,0.46115288220551376,0.19671902933741994
999,matched_shuffle,20000,0.2823745963358056,0.37586563531199707,0.30396608211628345,0.29214711617802014,0.27105534673439163,0.021091769443628505,184,215,0.46115288220551376,0.19671902933741994
