seed,arm,event_type,subgraph,n_connections,trace_src_positive_rate,phi_tgt_positive_rate,raw_support_rate,dW_support_rate,tag_support_rate,raw_vs_trace_phi_mismatch_count,raw_vs_dW_mismatch_count,dW_vs_tag_mismatch_count,trace_src_l1,phi_tgt_l1,raw_l1,dW_l1,tag_delta_l1,raw_l1_to_dW_l1_scale,corr_h_trace_src,corr_h_phi_tgt,support_geometry_verdict
42,closed_loop,ALL,ALL,53820,0.079599,0.047157,0.004143,0.004143,0.004143,0,0,0,19.339094,13.265068,0.006112,0.0011,0.0011,0.179974,0.001332,-0.031335,trace_phi_support_identity_confirmed
42,closed_loop,ALL,LL,11808,0.061484,0.043191,0.002541,0.002541,0.002541,0,0,0,2.686787,2.31121,0.00044,0.000162,0.000162,0.369019,0.090552,0.028267,trace_phi_support_identity_confirmed
42,closed_loop,ALL,LM,1824,0.072368,0.0,0.0,0.0,0.0,0,0,0,0.406962,0.0,0.0,0.0,0.0,nan,0.058886,nan,trace_phi_support_identity_confirmed
42,closed_loop,ALL,LR,11352,0.073643,0.065011,0.006871,0.006871,0.006871,0,0,0,3.713553,3.920838,0.001624,0.000283,0.000283,0.174099,0.105344,-0.051842,trace_phi_support_identity_confirmed
42,closed_loop,ALL,ML,2100,0.0,0.037143,0.0,0.0,0.0,0,0,0,0.0,0.536963,0.0,0.0,0.0,nan,nan,0.082915,trace_phi_support_identity_confirmed
42,closed_loop,ALL,MM,228,0.0,0.0,0.0,0.0,0.0,0,0,0,0.0,0.0,0.0,0.0,0.0,nan,nan,nan,trace_phi_support_identity_confirmed
42,closed_loop,ALL,MR,2064,0.0,0.061047,0.0,0.0,0.0,0,0,0,0.0,0.62967,0.0,0.0,0.0,nan,nan,-0.113716,trace_phi_support_identity_confirmed
42,closed_loop,ALL,RL,11256,0.103056,0.031983,0.003109,0.003109,0.003109,0,0,0,5.54353,1.862089,0.001171,0.000338,0.000338,0.288291,-0.044168,0.013557,trace_phi_support_identity_confirmed
42,closed_loop,ALL,RM,1656,0.078502,0.0,0.0,0.0,0.0,0,0,0,0.628486,0.0,0.0,0.0,0.0,nan,-0.124009,nan,trace_phi_support_identity_confirmed
42,closed_loop,ALL,RR,11532,0.11273,0.062955,0.006937,0.006937,0.006937,0,0,0,6.359776,4.004298,0.002877,0.000317,0.000317,0.110286,-0.045328,-0.079295,trace_phi_support_identity_confirmed
42,closed_loop,L,ALL,26910,0.076737,0.035229,0.002415,0.002415,0.002415,0,0,0,9.739187,4.710262,0.001611,0.0005,0.0005,0.310344,0.003125,0.050889,trace_phi_support_identity_confirmed
42,closed_loop,L,LL,5904,0.055894,0.086382,0.005081,0.005081,0.005081,0,0,0,1.301228,2.31121,0.00044,0.000162,0.000162,0.369019,0.080093,0.06792,trace_phi_support_identity_confirmed
42,closed_loop,L,LM,912,0.065789,0.0,0.0,0.0,0.0,0,0,0,0.197094,0.0,0.0,0.0,0.0,nan,0.052069,nan,trace_phi_support_identity_confirmed
42,closed_loop,L,LR,5676,0.066949,0.0,0.0,0.0,0.0,0,0,0,1.798497,0.0,0.0,0.0,0.0,nan,0.093839,nan,trace_phi_support_identity_confirmed
42,closed_loop,L,ML,1050,0.0,0.074286,0.0,0.0,0.0,0,0,0,0.0,0.536963,0.0,0.0,0.0,nan,nan,0.151781,trace_phi_support_identity_confirmed
42,closed_loop,L,MM,114,0.0,0.0,0.0,0.0,0.0,0,0,0,0.0,0.0,0.0,0.0,0.0,nan,nan,nan,trace_phi_support_identity_confirmed
42,closed_loop,L,MR,1032,0.0,0.0,0.0,0.0,0.0,0,0,0,0.0,0.0,0.0,0.0,0.0,nan,nan,nan,trace_phi_support_identity_confirmed
42,closed_loop,L,RL,5628,0.103056,0.063966,0.006219,0.006219,0.006219,0,0,0,2.849828,1.862089,0.001171,0.000338,0.000338,0.288291,-0.033837,0.042947,trace_phi_support_identity_confirmed
42,closed_loop,L,RM,828,0.078502,0.0,0.0,0.0,0.0,0,0,0,0.323093,0.0,0.0,0.0,0.0,nan,-0.113867,nan,trace_phi_support_identity_confirmed
42,closed_loop,L,RR,5766,0.11273,0.0,0.0,0.0,0.0,0,0,0,3.269446,0.0,0.0,0.0,0.0,nan,-0.034838,nan,trace_phi_support_identity_confirmed
42,closed_loop,R,ALL,26910,0.08246,0.059086,0.005871,0.005871,0.005871,0,0,0,9.599907,8.554806,0.004501,0.0006,0.0006,0.133305,-0.000173,-0.085481,trace_phi_support_identity_confirmed
42,closed_loop,R,LL,5904,0.067073,0.0,0.0,0.0,0.0,0,0,0,1.385559,0.0,0.0,0.0,0.0,nan,0.101203,nan,trace_phi_support_identity_confirmed
42,closed_loop,R,LM,912,0.078947,0.0,0.0,0.0,0.0,0,0,0,0.209868,0.0,0.0,0.0,0.0,nan,0.065436,nan,trace_phi_support_identity_confirmed
42,closed_loop,R,LR,5676,0.080338,0.130021,0.013742,0.013742,0.013742,0,0,0,1.915056,3.920838,0.001624,0.000283,0.000283,0.174099,0.117186,-0.093879,trace_phi_support_identity_confirmed
42,closed_loop,R,ML,1050,0.0,0.0,0.0,0.0,0.0,0,0,0,0.0,0.0,0.0,0.0,0.0,nan,nan,nan,trace_phi_support_identity_confirmed
42,closed_loop,R,MM,114,0.0,0.0,0.0,0.0,0.0,0,0,0,0.0,0.0,0.0,0.0,0.0,nan,nan,nan,trace_phi_support_identity_confirmed
42,closed_loop,R,MR,1032,0.0,0.122093,0.0,0.0,0.0,0,0,0,0.0,0.62967,0.0,0.0,0.0,nan,nan,-0.176302,trace_phi_support_identity_confirmed
42,closed_loop,R,RL,5628,0.103056,0.0,0.0,0.0,0.0,0,0,0,2.693701,0.0,0.0,0.0,0.0,nan,-0.054393,nan,trace_phi_support_identity_confirmed
42,closed_loop,R,RM,828,0.078502,0.0,0.0,0.0,0.0,0,0,0,0.305393,0.0,0.0,0.0,0.0,nan,-0.135942,nan,trace_phi_support_identity_confirmed
42,closed_loop,R,RR,5766,0.11273,0.125911,0.013874,0.013874,0.013874,0,0,0,3.09033,4.004298,0.002877,0.000317,0.000317,0.110286,-0.055705,-0.130039,trace_phi_support_identity_confirmed
42,divergent_warmup_replay,ALL,ALL,53820,0.079599,0.047157,0.004143,0.004143,0.004143,0,0,0,19.339094,13.265068,0.006112,0.0011,0.0011,0.179974,0.003947,-0.032164,trace_phi_support_identity_confirmed
42,divergent_warmup_replay,ALL,LL,11808,0.061484,0.043191,0.002541,0.002541,0.002541,0,0,0,2.686787,2.31121,0.00044,0.000162,0.000162,0.369019,0.089446,0.02349,trace_phi_support_identity_confirmed
42,divergent_warmup_replay,ALL,LM,1824,0.072368,0.0,0.0,0.0,0.0,0,0,0,0.406962,0.0,0.0,0.0,0.0,nan,0.061134,nan,trace_phi_support_identity_confirmed
42,divergent_warmup_replay,ALL,LR,11352,0.073643,0.065011,0.006871,0.006871,0.006871,0,0,0,3.713553,3.920838,0.001624,0.000283,0.000283,0.174099,0.107259,-0.051397,trace_phi_support_identity_confirmed
42,divergent_warmup_replay,ALL,ML,2100,0.0,0.037143,0.0,0.0,0.0,0,0,0,0.0,0.536963,0.0,0.0,0.0,nan,nan,0.080219,trace_phi_support_identity_confirmed
42,divergent_warmup_replay,ALL,MM,228,0.0,0.0,0.0,0.0,0.0,0,0,0,0.0,0.0,0.0,0.0,0.0,nan,nan,nan,trace_phi_support_identity_confirmed
42,divergent_warmup_replay,ALL,MR,2064,0.0,0.061047,0.0,0.0,0.0,0,0,0,0.0,0.62967,0.0,0.0,0.0,nan,nan,-0.113227,trace_phi_support_identity_confirmed
42,divergent_warmup_replay,ALL,RL,11256,0.103056,0.031983,0.003109,0.003109,0.003109,0,0,0,5.54353,1.862089,0.001171,0.000338,0.000338,0.288291,-0.040571,0.010995,trace_phi_support_identity_confirmed
42,divergent_warmup_replay,ALL,RM,1656,0.078502,0.0,0.0,0.0,0.0,0,0,0,0.628486,0.0,0.0,0.0,0.0,nan,-0.116142,nan,trace_phi_support_identity_confirmed
42,divergent_warmup_replay,ALL,RR,11532,0.11273,0.062955,0.006937,0.006937,0.006937,0,0,0,6.359776,4.004298,0.002877,0.000317,0.000317,0.110286,-0.04193,-0.078457,trace_phi_support_identity_confirmed
42,divergent_warmup_replay,L,ALL,26910,0.076737,0.035229,0.002415,0.002415,0.002415,0,0,0,9.739187,4.710262,0.001611,0.0005,0.0005,0.310344,0.007427,0.051676,trace_phi_support_identity_confirmed
42,divergent_warmup_replay,L,LL,5904,0.055894,0.086382,0.005081,0.005081,0.005081,0,0,0,1.301228,2.31121,0.00044,0.000162,0.000162,0.369019,0.0776,0.068396,trace_phi_support_identity_confirmed
42,divergent_warmup_replay,L,LM,912,0.065789,0.0,0.0,0.0,0.0,0,0,0,0.197094,0.0,0.0,0.0,0.0,nan,0.052854,nan,trace_phi_support_identity_confirmed
42,divergent_warmup_replay,L,LR,5676,0.066949,0.0,0.0,0.0,0.0,0,0,0,1.798497,0.0,0.0,0.0,0.0,nan,0.093315,nan,trace_phi_support_identity_confirmed
42,divergent_warmup_replay,L,ML,1050,0.0,0.074286,0.0,0.0,0.0,0,0,0,0.0,0.536963,0.0,0.0,0.0,nan,nan,0.155929,trace_phi_support_identity_confirmed
42,divergent_warmup_replay,L,MM,114,0.0,0.0,0.0,0.0,0.0,0,0,0,0.0,0.0,0.0,0.0,0.0,nan,nan,nan,trace_phi_support_identity_confirmed
42,divergent_warmup_replay,L,MR,1032,0.0,0.0,0.0,0.0,0.0,0,0,0,0.0,0.0,0.0,0.0,0.0,nan,nan,nan,trace_phi_support_identity_confirmed
42,divergent_warmup_replay,L,RL,5628,0.103056,0.063966,0.006219,0.006219,0.006219,0,0,0,2.849828,1.862089,0.001171,0.000338,0.000338,0.288291,-0.026237,0.045855,trace_phi_support_identity_confirmed
42,divergent_warmup_replay,L,RM,828,0.078502,0.0,0.0,0.0,0.0,0,0,0,0.323093,0.0,0.0,0.0,0.0,nan,-0.10275,nan,trace_phi_support_identity_confirmed
42,divergent_warmup_replay,L,RR,5766,0.11273,0.0,0.0,0.0,0.0,0,0,0,3.269446,0.0,0.0,0.0,0.0,nan,-0.027415,nan,trace_phi_support_identity_confirmed
42,divergent_warmup_replay,R,ALL,26910,0.08246,0.059086,0.005871,0.005871,0.005871,0,0,0,9.599907,8.554806,0.004501,0.0006,0.0006,0.133305,0.000973,-0.088639,trace_phi_support_identity_confirmed
42,divergent_warmup_replay,R,LL,5904,0.067073,0.0,0.0,0.0,0.0,0,0,0,1.385559,0.0,0.0,0.0,0.0,nan,0.101509,nan,trace_phi_support_identity_confirmed
42,divergent_warmup_replay,R,LM,912,0.078947,0.0,0.0,0.0,0.0,0,0,0,0.209868,0.0,0.0,0.0,0.0,nan,0.069083,nan,trace_phi_support_identity_confirmed
42,divergent_warmup_replay,R,LR,5676,0.080338,0.130021,0.013742,0.013742,0.013742,0,0,0,1.915056,3.920838,0.001624,0.000283,0.000283,0.174099,0.121673,-0.099587,trace_phi_support_identity_confirmed
42,divergent_warmup_replay,R,ML,1050,0.0,0.0,0.0,0.0,0.0,0,0,0,0.0,0.0,0.0,0.0,0.0,nan,nan,nan,trace_phi_support_identity_confirmed
42,divergent_warmup_replay,R,MM,114,0.0,0.0,0.0,0.0,0.0,0,0,0,0.0,0.0,0.0,0.0,0.0,nan,nan,nan,trace_phi_support_identity_confirmed
42,divergent_warmup_replay,R,MR,1032,0.0,0.122093,0.0,0.0,0.0,0,0,0,0.0,0.62967,0.0,0.0,0.0,nan,nan,-0.18208,trace_phi_support_identity_confirmed
42,divergent_warmup_replay,R,RL,5628,0.103056,0.0,0.0,0.0,0.0,0,0,0,2.693701,0.0,0.0,0.0,0.0,nan,-0.054431,nan,trace_phi_support_identity_confirmed
42,divergent_warmup_replay,R,RM,828,0.078502,0.0,0.0,0.0,0.0,0,0,0,0.305393,0.0,0.0,0.0,0.0,nan,-0.131434,nan,trace_phi_support_identity_confirmed
42,divergent_warmup_replay,R,RR,5766,0.11273,0.125911,0.013874,0.013874,0.013874,0,0,0,3.09033,4.004298,0.002877,0.000317,0.000317,0.110286,-0.055951,-0.134386,trace_phi_support_identity_confirmed
42,exact_replay,ALL,ALL,53820,0.079599,0.047157,0.004143,0.004143,0.004143,0,0,0,19.339094,13.265068,0.006112,0.0011,0.0011,0.179974,0.001332,-0.031335,trace_phi_support_identity_confirmed
42,exact_replay,ALL,LL,11808,0.061484,0.043191,0.002541,0.002541,0.002541,0,0,0,2.686787,2.31121,0.00044,0.000162,0.000162,0.369019,0.090552,0.028267,trace_phi_support_identity_confirmed
42,exact_replay,ALL,LM,1824,0.072368,0.0,0.0,0.0,0.0,0,0,0,0.406962,0.0,0.0,0.0,0.0,nan,0.058886,nan,trace_phi_support_identity_confirmed
42,exact_replay,ALL,LR,11352,0.073643,0.065011,0.006871,0.006871,0.006871,0,0,0,3.713553,3.920838,0.001624,0.000283,0.000283,0.174099,0.105344,-0.051842,trace_phi_support_identity_confirmed
42,exact_replay,ALL,ML,2100,0.0,0.037143,0.0,0.0,0.0,0,0,0,0.0,0.536963,0.0,0.0,0.0,nan,nan,0.082915,trace_phi_support_identity_confirmed
42,exact_replay,ALL,MM,228,0.0,0.0,0.0,0.0,0.0,0,0,0,0.0,0.0,0.0,0.0,0.0,nan,nan,nan,trace_phi_support_identity_confirmed
42,exact_replay,ALL,MR,2064,0.0,0.061047,0.0,0.0,0.0,0,0,0,0.0,0.62967,0.0,0.0,0.0,nan,nan,-0.113716,trace_phi_support_identity_confirmed
42,exact_replay,ALL,RL,11256,0.103056,0.031983,0.003109,0.003109,0.003109,0,0,0,5.54353,1.862089,0.001171,0.000338,0.000338,0.288291,-0.044168,0.013557,trace_phi_support_identity_confirmed
42,exact_replay,ALL,RM,1656,0.078502,0.0,0.0,0.0,0.0,0,0,0,0.628486,0.0,0.0,0.0,0.0,nan,-0.124009,nan,trace_phi_support_identity_confirmed
42,exact_replay,ALL,RR,11532,0.11273,0.062955,0.006937,0.006937,0.006937,0,0,0,6.359776,4.004298,0.002877,0.000317,0.000317,0.110286,-0.045328,-0.079295,trace_phi_support_identity_confirmed
42,exact_replay,L,ALL,26910,0.076737,0.035229,0.002415,0.002415,0.002415,0,0,0,9.739187,4.710262,0.001611,0.0005,0.0005,0.310344,0.003125,0.050889,trace_phi_support_identity_confirmed
42,exact_replay,L,LL,5904,0.055894,0.086382,0.005081,0.005081,0.005081,0,0,0,1.301228,2.31121,0.00044,0.000162,0.000162,0.369019,0.080093,0.06792,trace_phi_support_identity_confirmed
42,exact_replay,L,LM,912,0.065789,0.0,0.0,0.0,0.0,0,0,0,0.197094,0.0,0.0,0.0,0.0,nan,0.052069,nan,trace_phi_support_identity_confirmed
42,exact_replay,L,LR,5676,0.066949,0.0,0.0,0.0,0.0,0,0,0,1.798497,0.0,0.0,0.0,0.0,nan,0.093839,nan,trace_phi_support_identity_confirmed
42,exact_replay,L,ML,1050,0.0,0.074286,0.0,0.0,0.0,0,0,0,0.0,0.536963,0.0,0.0,0.0,nan,nan,0.151781,trace_phi_support_identity_confirmed
42,exact_replay,L,MM,114,0.0,0.0,0.0,0.0,0.0,0,0,0,0.0,0.0,0.0,0.0,0.0,nan,nan,nan,trace_phi_support_identity_confirmed
42,exact_replay,L,MR,1032,0.0,0.0,0.0,0.0,0.0,0,0,0,0.0,0.0,0.0,0.0,0.0,nan,nan,nan,trace_phi_support_identity_confirmed
42,exact_replay,L,RL,5628,0.103056,0.063966,0.006219,0.006219,0.006219,0,0,0,2.849828,1.862089,0.001171,0.000338,0.000338,0.288291,-0.033837,0.042947,trace_phi_support_identity_confirmed
42,exact_replay,L,RM,828,0.078502,0.0,0.0,0.0,0.0,0,0,0,0.323093,0.0,0.0,0.0,0.0,nan,-0.113867,nan,trace_phi_support_identity_confirmed
42,exact_replay,L,RR,5766,0.11273,0.0,0.0,0.0,0.0,0,0,0,3.269446,0.0,0.0,0.0,0.0,nan,-0.034838,nan,trace_phi_support_identity_confirmed
42,exact_replay,R,ALL,26910,0.08246,0.059086,0.005871,0.005871,0.005871,0,0,0,9.599907,8.554806,0.004501,0.0006,0.0006,0.133305,-0.000173,-0.085481,trace_phi_support_identity_confirmed
42,exact_replay,R,LL,5904,0.067073,0.0,0.0,0.0,0.0,0,0,0,1.385559,0.0,0.0,0.0,0.0,nan,0.101203,nan,trace_phi_support_identity_confirmed
42,exact_replay,R,LM,912,0.078947,0.0,0.0,0.0,0.0,0,0,0,0.209868,0.0,0.0,0.0,0.0,nan,0.065436,nan,trace_phi_support_identity_confirmed
42,exact_replay,R,LR,5676,0.080338,0.130021,0.013742,0.013742,0.013742,0,0,0,1.915056,3.920838,0.001624,0.000283,0.000283,0.174099,0.117186,-0.093879,trace_phi_support_identity_confirmed
42,exact_replay,R,ML,1050,0.0,0.0,0.0,0.0,0.0,0,0,0,0.0,0.0,0.0,0.0,0.0,nan,nan,nan,trace_phi_support_identity_confirmed
42,exact_replay,R,MM,114,0.0,0.0,0.0,0.0,0.0,0,0,0,0.0,0.0,0.0,0.0,0.0,nan,nan,nan,trace_phi_support_identity_confirmed
42,exact_replay,R,MR,1032,0.0,0.122093,0.0,0.0,0.0,0,0,0,0.0,0.62967,0.0,0.0,0.0,nan,nan,-0.176302,trace_phi_support_identity_confirmed
42,exact_replay,R,RL,5628,0.103056,0.0,0.0,0.0,0.0,0,0,0,2.693701,0.0,0.0,0.0,0.0,nan,-0.054393,nan,trace_phi_support_identity_confirmed
42,exact_replay,R,RM,828,0.078502,0.0,0.0,0.0,0.0,0,0,0,0.305393,0.0,0.0,0.0,0.0,nan,-0.135942,nan,trace_phi_support_identity_confirmed
42,exact_replay,R,RR,5766,0.11273,0.125911,0.013874,0.013874,0.013874,0,0,0,3.09033,4.004298,0.002877,0.000317,0.000317,0.110286,-0.055705,-0.130039,trace_phi_support_identity_confirmed
77,closed_loop,ALL,ALL,62790,0.111308,0.05985,0.007852,0.007852,0.007852,0,0,0,30.93939,17.295009,0.01077,0.0013,0.0013,0.12072,0.039358,0.001603,trace_phi_support_identity_confirmed
77,closed_loop,ALL,LL,12488,0.087444,0.074231,0.005125,0.005125,0.005125,0,0,0,5.462401,3.9024,0.00181,0.00028,0.00028,0.154643,0.147612,0.035355,trace_phi_support_identity_confirmed
77,closed_loop,ALL,LM,2926,0.06972,0.012303,0.0,0.0,0.0,0,0,0,0.866674,0.07052,0.0,0.0,0.0,nan,0.153002,-0.04076,trace_phi_support_identity_confirmed
77,closed_loop,ALL,LR,12516,0.087248,0.058725,0.005753,0.005753,0.005753,0,0,0,5.807254,3.596651,0.001785,0.000173,0.000173,0.096762,0.088091,-0.078072,trace_phi_support_identity_confirmed
77,closed_loop,ALL,ML,2828,0.02546,0.054102,0.0,0.0,0.0,0,0,0,0.171911,0.615928,0.0,0.0,0.0,nan,-0.060261,0.03573,trace_phi_support_identity_confirmed
77,closed_loop,ALL,MM,826,0.029056,0.010896,0.0,0.0,0.0,0,0,0,0.057304,0.01763,0.0,0.0,0.0,nan,-0.054637,-0.043801,trace_phi_support_identity_confirmed
77,closed_loop,ALL,MR,3206,0.022458,0.059264,0.003743,0.003743,0.003743,0,0,0,0.171911,1.091975,0.000117,1.1e-05,1.1e-05,0.096979,-0.059124,-0.084557,trace_phi_support_identity_confirmed
77,closed_loop,ALL,RL,12250,0.168735,0.074939,0.019102,0.019102,0.019102,0,0,0,8.393785,4.427098,0.0045,0.000601,0.000601,0.133561,-0.0457,0.117232,trace_phi_support_identity_confirmed
77,closed_loop,ALL,RM,2968,0.183962,0.030323,0.009097,0.009097,0.009097,0,0,0,1.936923,0.176299,0.000143,1.9e-05,1.9e-05,0.133566,-0.146821,-0.072849,trace_phi_support_identity_confirmed
77,closed_loop,ALL,RR,12782,0.142388,0.054765,0.006572,0.006572,0.006572,0,0,0,8.071227,3.396508,0.002415,0.000216,0.000216,0.08945,-0.033698,-0.076418,trace_phi_support_identity_confirmed
77,closed_loop,L,ALL,40365,0.118246,0.052843,0.008052,0.008052,0.008052,0,0,0,21.131957,9.209875,0.006453,0.0009,0.0009,0.139476,0.028353,0.022513,trace_phi_support_identity_confirmed
77,closed_loop,L,LL,8028,0.090683,0.115471,0.007972,0.007972,0.007972,0,0,0,3.958151,3.9024,0.00181,0.00028,0.00028,0.154643,0.142708,0.00567,trace_phi_support_identity_confirmed
77,closed_loop,L,LM,1881,0.072302,0.019139,0.0,0.0,0.0,0,0,0,0.628007,0.07052,0.0,0.0,0.0,nan,0.149639,-0.062261,trace_phi_support_identity_confirmed
77,closed_loop,L,LR,8046,0.09048,0.0,0.0,0.0,0.0,0,0,0,4.208038,0.0,0.0,0.0,0.0,nan,0.081747,nan,trace_phi_support_identity_confirmed
77,closed_loop,L,ML,1818,0.026403,0.084158,0.0,0.0,0.0,0,0,0,0.12457,0.615928,0.0,0.0,0.0,nan,-0.063573,0.012059,trace_phi_support_identity_confirmed
77,closed_loop,L,MM,531,0.030132,0.016949,0.0,0.0,0.0,0,0,0,0.041523,0.01763,0.0,0.0,0.0,nan,-0.05766,-0.065911,trace_phi_support_identity_confirmed
77,closed_loop,L,MR,2061,0.02329,0.0,0.0,0.0,0.0,0,0,0,0.12457,0.0,0.0,0.0,0.0,nan,-0.06224,nan,trace_phi_support_identity_confirmed
77,closed_loop,L,RL,7875,0.181714,0.116571,0.029714,0.029714,0.029714,0,0,0,5.495115,4.427098,0.0045,0.000601,0.000601,0.133561,-0.073223,0.098384,trace_phi_support_identity_confirmed
77,closed_loop,L,RM,1908,0.198113,0.04717,0.014151,0.014151,0.014151,0,0,0,1.268035,0.176299,0.000143,1.9e-05,1.9e-05,0.133566,-0.172945,-0.109521,trace_phi_support_identity_confirmed
77,closed_loop,L,RR,8217,0.153341,0.0,0.0,0.0,0.0,0,0,0,5.283948,0.0,0.0,0.0,0.0,nan,-0.06138,nan,trace_phi_support_identity_confirmed
77,closed_loop,R,ALL,22425,0.098818,0.072464,0.007492,0.007492,0.007492,0,0,0,9.807434,8.085134,0.004316,0.0004,0.0004,0.092677,0.062742,-0.014876,trace_phi_support_identity_confirmed
77,closed_loop,R,LL,4460,0.081614,0.0,0.0,0.0,0.0,0,0,0,1.50425,0.0,0.0,0.0,0.0,nan,0.149782,nan,trace_phi_support_identity_confirmed
77,closed_loop,R,LM,1045,0.065072,0.0,0.0,0.0,0.0,0,0,0,0.238667,0.0,0.0,0.0,0.0,nan,0.153867,nan,trace_phi_support_identity_confirmed
77,closed_loop,R,LR,4470,0.081432,0.16443,0.016107,0.016107,0.016107,0,0,0,1.599216,3.596651,0.001785,0.000173,0.000173,0.096762,0.089379,-0.044214,trace_phi_support_identity_confirmed
77,closed_loop,R,ML,1010,0.023762,0.0,0.0,0.0,0.0,0,0,0,0.047341,0.0,0.0,0.0,0.0,nan,-0.076439,nan,trace_phi_support_identity_confirmed
77,closed_loop,R,MM,295,0.027119,0.0,0.0,0.0,0.0,0,0,0,0.01578,0.0,0.0,0.0,0.0,nan,-0.071293,nan,trace_phi_support_identity_confirmed
77,closed_loop,R,MR,1145,0.020961,0.165939,0.01048,0.01048,0.01048,0,0,0,0.047341,1.091975,0.000117,1.1e-05,1.1e-05,0.096979,-0.074657,-0.064437,trace_phi_support_identity_confirmed
77,closed_loop,R,RL,4375,0.145371,0.0,0.0,0.0,0.0,0,0,0,2.89867,0.0,0.0,0.0,0.0,nan,0.015999,nan,trace_phi_support_identity_confirmed
77,closed_loop,R,RM,1060,0.158491,0.0,0.0,0.0,0.0,0,0,0,0.668888,0.0,0.0,0.0,0.0,nan,-0.104322,nan,trace_phi_support_identity_confirmed
77,closed_loop,R,RR,4565,0.122673,0.153341,0.018401,0.018401,0.018401,0,0,0,2.78728,3.396508,0.002415,0.000216,0.000216,0.08945,0.029707,-0.046557,trace_phi_support_identity_confirmed
77,divergent_warmup_replay,ALL,ALL,62790,0.111308,0.05985,0.007852,0.007852,0.007852,0,0,0,30.93939,17.295009,0.01077,0.0013,0.0013,0.12072,0.032888,-0.00171,trace_phi_support_identity_confirmed
77,divergent_warmup_replay,ALL,LL,12488,0.087444,0.074231,0.005125,0.005125,0.005125,0,0,0,5.462401,3.9024,0.00181,0.00028,0.00028,0.154643,0.143715,0.02633,trace_phi_support_identity_confirmed
77,divergent_warmup_replay,ALL,LM,2926,0.06972,0.012303,0.0,0.0,0.0,0,0,0,0.866674,0.07052,0.0,0.0,0.0,nan,0.153741,-0.048196,trace_phi_support_identity_confirmed
77,divergent_warmup_replay,ALL,LR,12516,0.087248,0.058725,0.005753,0.005753,0.005753,0,0,0,5.807254,3.596651,0.001785,0.000173,0.000173,0.096762,0.078013,-0.07401,trace_phi_support_identity_confirmed
77,divergent_warmup_replay,ALL,ML,2828,0.02546,0.054102,0.0,0.0,0.0,0,0,0,0.171911,0.615928,0.0,0.0,0.0,nan,-0.071159,0.023112,trace_phi_support_identity_confirmed
77,divergent_warmup_replay,ALL,MM,826,0.029056,0.010896,0.0,0.0,0.0,0,0,0,0.057304,0.01763,0.0,0.0,0.0,nan,-0.06564,-0.051413,trace_phi_support_identity_confirmed
77,divergent_warmup_replay,ALL,MR,3206,0.022458,0.059264,0.003743,0.003743,0.003743,0,0,0,0.171911,1.091975,0.000117,1.1e-05,1.1e-05,0.096979,-0.068929,-0.083785,trace_phi_support_identity_confirmed
77,divergent_warmup_replay,ALL,RL,12250,0.168735,0.074939,0.019102,0.019102,0.019102,0,0,0,8.393785,4.427098,0.0045,0.000601,0.000601,0.133561,-0.056062,0.10883,trace_phi_support_identity_confirmed
77,divergent_warmup_replay,ALL,RM,2968,0.183962,0.030323,0.009097,0.009097,0.009097,0,0,0,1.936923,0.176299,0.000143,1.9e-05,1.9e-05,0.133566,-0.155594,-0.084297,trace_phi_support_identity_confirmed
77,divergent_warmup_replay,ALL,RR,12782,0.142388,0.054765,0.006572,0.006572,0.006572,0,0,0,8.071227,3.396508,0.002415,0.000216,0.000216,0.08945,-0.04051,-0.072179,trace_phi_support_identity_confirmed
77,divergent_warmup_replay,L,ALL,40365,0.118246,0.052843,0.008052,0.008052,0.008052,0,0,0,21.131957,9.209875,0.006453,0.0009,0.0009,0.139476,0.023434,0.016258,trace_phi_support_identity_confirmed
77,divergent_warmup_replay,L,LL,8028,0.090683,0.115471,0.007972,0.007972,0.007972,0,0,0,3.958151,3.9024,0.00181,0.00028,0.00028,0.154643,0.138797,0.000594,trace_phi_support_identity_confirmed
77,divergent_warmup_replay,L,LM,1881,0.072302,0.019139,0.0,0.0,0.0,0,0,0,0.628007,0.07052,0.0,0.0,0.0,nan,0.149667,-0.068988,trace_phi_support_identity_confirmed
77,divergent_warmup_replay,L,LR,8046,0.09048,0.0,0.0,0.0,0.0,0,0,0,4.208038,0.0,0.0,0.0,0.0,nan,0.072825,nan,trace_phi_support_identity_confirmed
77,divergent_warmup_replay,L,ML,1818,0.026403,0.084158,0.0,0.0,0.0,0,0,0,0.12457,0.615928,0.0,0.0,0.0,nan,-0.074625,0.00189,trace_phi_support_identity_confirmed
77,divergent_warmup_replay,L,MM,531,0.030132,0.016949,0.0,0.0,0.0,0,0,0,0.041523,0.01763,0.0,0.0,0.0,nan,-0.068884,-0.072703,trace_phi_support_identity_confirmed
77,divergent_warmup_replay,L,MR,2061,0.02329,0.0,0.0,0.0,0.0,0,0,0,0.12457,0.0,0.0,0.0,0.0,nan,-0.072244,nan,trace_phi_support_identity_confirmed
77,divergent_warmup_replay,L,RL,7875,0.181714,0.116571,0.029714,0.029714,0.029714,0,0,0,5.495115,4.427098,0.0045,0.000601,0.000601,0.133561,-0.080029,0.094921,trace_phi_support_identity_confirmed
77,divergent_warmup_replay,L,RM,1908,0.198113,0.04717,0.014151,0.014151,0.014151,0,0,0,1.268035,0.176299,0.000143,1.9e-05,1.9e-05,0.133566,-0.178121,-0.11955,trace_phi_support_identity_confirmed
77,divergent_warmup_replay,L,RR,8217,0.153341,0.0,0.0,0.0,0.0,0,0,0,5.283948,0.0,0.0,0.0,0.0,nan,-0.064743,nan,trace_phi_support_identity_confirmed
77,divergent_warmup_replay,R,ALL,22425,0.098818,0.072464,0.007492,0.007492,0.007492,0,0,0,9.807434,8.085134,0.004316,0.0004,0.0004,0.092677,0.050359,-0.01521,trace_phi_support_identity_confirmed
77,divergent_warmup_replay,R,LL,4460,0.081614,0.0,0.0,0.0,0.0,0,0,0,1.50425,0.0,0.0,0.0,0.0,nan,0.146422,nan,trace_phi_support_identity_confirmed
77,divergent_warmup_replay,R,LM,1045,0.065072,0.0,0.0,0.0,0.0,0,0,0,0.238667,0.0,0.0,0.0,0.0,nan,0.157206,nan,trace_phi_support_identity_confirmed
77,divergent_warmup_replay,R,LR,4470,0.081432,0.16443,0.016107,0.016107,0.016107,0,0,0,1.599216,3.596651,0.001785,0.000173,0.000173,0.096762,0.07639,-0.049971,trace_phi_support_identity_confirmed
77,divergent_warmup_replay,R,ML,1010,0.023762,0.0,0.0,0.0,0.0,0,0,0,0.047341,0.0,0.0,0.0,0.0,nan,-0.081351,nan,trace_phi_support_identity_confirmed
77,divergent_warmup_replay,R,MM,295,0.027119,0.0,0.0,0.0,0.0,0,0,0,0.01578,0.0,0.0,0.0,0.0,nan,-0.076,nan,trace_phi_support_identity_confirmed
77,divergent_warmup_replay,R,MR,1145,0.020961,0.165939,0.01048,0.01048,0.01048,0,0,0,0.047341,1.091975,0.000117,1.1e-05,1.1e-05,0.096979,-0.07861,-0.075416,trace_phi_support_identity_confirmed
77,divergent_warmup_replay,R,RL,4375,0.145371,0.0,0.0,0.0,0.0,0,0,0,2.89867,0.0,0.0,0.0,0.0,nan,-0.006225,nan,trace_phi_support_identity_confirmed
77,divergent_warmup_replay,R,RM,1060,0.158491,0.0,0.0,0.0,0.0,0,0,0,0.668888,0.0,0.0,0.0,0.0,nan,-0.120155,nan,trace_phi_support_identity_confirmed
77,divergent_warmup_replay,R,RR,4565,0.122673,0.153341,0.018401,0.018401,0.018401,0,0,0,2.78728,3.396508,0.002415,0.000216,0.000216,0.08945,0.011275,-0.05097,trace_phi_support_identity_confirmed
77,exact_replay,ALL,ALL,62790,0.111308,0.05985,0.007852,0.007852,0.007852,0,0,0,30.93939,17.295009,0.01077,0.0013,0.0013,0.12072,0.039358,0.001603,trace_phi_support_identity_confirmed
77,exact_replay,ALL,LL,12488,0.087444,0.074231,0.005125,0.005125,0.005125,0,0,0,5.462401,3.9024,0.00181,0.00028,0.00028,0.154643,0.147612,0.035355,trace_phi_support_identity_confirmed
77,exact_replay,ALL,LM,2926,0.06972,0.012303,0.0,0.0,0.0,0,0,0,0.866674,0.07052,0.0,0.0,0.0,nan,0.153002,-0.04076,trace_phi_support_identity_confirmed
77,exact_replay,ALL,LR,12516,0.087248,0.058725,0.005753,0.005753,0.005753,0,0,0,5.807254,3.596651,0.001785,0.000173,0.000173,0.096762,0.088091,-0.078072,trace_phi_support_identity_confirmed
77,exact_replay,ALL,ML,2828,0.02546,0.054102,0.0,0.0,0.0,0,0,0,0.171911,0.615928,0.0,0.0,0.0,nan,-0.060261,0.03573,trace_phi_support_identity_confirmed
77,exact_replay,ALL,MM,826,0.029056,0.010896,0.0,0.0,0.0,0,0,0,0.057304,0.01763,0.0,0.0,0.0,nan,-0.054637,-0.043801,trace_phi_support_identity_confirmed
77,exact_replay,ALL,MR,3206,0.022458,0.059264,0.003743,0.003743,0.003743,0,0,0,0.171911,1.091975,0.000117,1.1e-05,1.1e-05,0.096979,-0.059124,-0.084557,trace_phi_support_identity_confirmed
77,exact_replay,ALL,RL,12250,0.168735,0.074939,0.019102,0.019102,0.019102,0,0,0,8.393785,4.427098,0.0045,0.000601,0.000601,0.133561,-0.0457,0.117232,trace_phi_support_identity_confirmed
77,exact_replay,ALL,RM,2968,0.183962,0.030323,0.009097,0.009097,0.009097,0,0,0,1.936923,0.176299,0.000143,1.9e-05,1.9e-05,0.133566,-0.146821,-0.072849,trace_phi_support_identity_confirmed
77,exact_replay,ALL,RR,12782,0.142388,0.054765,0.006572,0.006572,0.006572,0,0,0,8.071227,3.396508,0.002415,0.000216,0.000216,0.08945,-0.033698,-0.076418,trace_phi_support_identity_confirmed
77,exact_replay,L,ALL,40365,0.118246,0.052843,0.008052,0.008052,0.008052,0,0,0,21.131957,9.209875,0.006453,0.0009,0.0009,0.139476,0.028353,0.022513,trace_phi_support_identity_confirmed
77,exact_replay,L,LL,8028,0.090683,0.115471,0.007972,0.007972,0.007972,0,0,0,3.958151,3.9024,0.00181,0.00028,0.00028,0.154643,0.142708,0.00567,trace_phi_support_identity_confirmed
77,exact_replay,L,LM,1881,0.072302,0.019139,0.0,0.0,0.0,0,0,0,0.628007,0.07052,0.0,0.0,0.0,nan,0.149639,-0.062261,trace_phi_support_identity_confirmed
77,exact_replay,L,LR,8046,0.09048,0.0,0.0,0.0,0.0,0,0,0,4.208038,0.0,0.0,0.0,0.0,nan,0.081747,nan,trace_phi_support_identity_confirmed
77,exact_replay,L,ML,1818,0.026403,0.084158,0.0,0.0,0.0,0,0,0,0.12457,0.615928,0.0,0.0,0.0,nan,-0.063573,0.012059,trace_phi_support_identity_confirmed
77,exact_replay,L,MM,531,0.030132,0.016949,0.0,0.0,0.0,0,0,0,0.041523,0.01763,0.0,0.0,0.0,nan,-0.05766,-0.065911,trace_phi_support_identity_confirmed
77,exact_replay,L,MR,2061,0.02329,0.0,0.0,0.0,0.0,0,0,0,0.12457,0.0,0.0,0.0,0.0,nan,-0.06224,nan,trace_phi_support_identity_confirmed
77,exact_replay,L,RL,7875,0.181714,0.116571,0.029714,0.029714,0.029714,0,0,0,5.495115,4.427098,0.0045,0.000601,0.000601,0.133561,-0.073223,0.098384,trace_phi_support_identity_confirmed
77,exact_replay,L,RM,1908,0.198113,0.04717,0.014151,0.014151,0.014151,0,0,0,1.268035,0.176299,0.000143,1.9e-05,1.9e-05,0.133566,-0.172945,-0.109521,trace_phi_support_identity_confirmed
77,exact_replay,L,RR,8217,0.153341,0.0,0.0,0.0,0.0,0,0,0,5.283948,0.0,0.0,0.0,0.0,nan,-0.06138,nan,trace_phi_support_identity_confirmed
77,exact_replay,R,ALL,22425,0.098818,0.072464,0.007492,0.007492,0.007492,0,0,0,9.807434,8.085134,0.004316,0.0004,0.0004,0.092677,0.062742,-0.014876,trace_phi_support_identity_confirmed
77,exact_replay,R,LL,4460,0.081614,0.0,0.0,0.0,0.0,0,0,0,1.50425,0.0,0.0,0.0,0.0,nan,0.149782,nan,trace_phi_support_identity_confirmed
77,exact_replay,R,LM,1045,0.065072,0.0,0.0,0.0,0.0,0,0,0,0.238667,0.0,0.0,0.0,0.0,nan,0.153867,nan,trace_phi_support_identity_confirmed
77,exact_replay,R,LR,4470,0.081432,0.16443,0.016107,0.016107,0.016107,0,0,0,1.599216,3.596651,0.001785,0.000173,0.000173,0.096762,0.089379,-0.044214,trace_phi_support_identity_confirmed
77,exact_replay,R,ML,1010,0.023762,0.0,0.0,0.0,0.0,0,0,0,0.047341,0.0,0.0,0.0,0.0,nan,-0.076439,nan,trace_phi_support_identity_confirmed
77,exact_replay,R,MM,295,0.027119,0.0,0.0,0.0,0.0,0,0,0,0.01578,0.0,0.0,0.0,0.0,nan,-0.071293,nan,trace_phi_support_identity_confirmed
77,exact_replay,R,MR,1145,0.020961,0.165939,0.01048,0.01048,0.01048,0,0,0,0.047341,1.091975,0.000117,1.1e-05,1.1e-05,0.096979,-0.074657,-0.064437,trace_phi_support_identity_confirmed
77,exact_replay,R,RL,4375,0.145371,0.0,0.0,0.0,0.0,0,0,0,2.89867,0.0,0.0,0.0,0.0,nan,0.015999,nan,trace_phi_support_identity_confirmed
77,exact_replay,R,RM,1060,0.158491,0.0,0.0,0.0,0.0,0,0,0,0.668888,0.0,0.0,0.0,0.0,nan,-0.104322,nan,trace_phi_support_identity_confirmed
77,exact_replay,R,RR,4565,0.122673,0.153341,0.018401,0.018401,0.018401,0,0,0,2.78728,3.396508,0.002415,0.000216,0.000216,0.08945,0.029707,-0.046557,trace_phi_support_identity_confirmed
123,closed_loop,ALL,ALL,35880,0.102536,0.065022,0.006271,0.006271,0.006271,0,0,0,17.823194,12.7941,0.007046,0.0007,0.0007,0.099333,0.056411,0.048578,trace_phi_support_identity_confirmed
123,closed_loop,ALL,LL,7168,0.102539,0.060268,0.00558,0.00558,0.00558,0,0,0,2.700309,2.39166,0.00074,6.7e-05,6.7e-05,0.091162,0.095657,0.061621,trace_phi_support_identity_confirmed
123,closed_loop,ALL,LM,2056,0.077821,0.0,0.0,0.0,0.0,0,0,0,0.552613,0.0,0.0,0.0,0.0,nan,0.111059,nan,trace_phi_support_identity_confirmed
123,closed_loop,ALL,LR,7000,0.115714,0.077143,0.006857,0.006857,0.006857,0,0,0,2.885916,3.125846,0.001137,0.000129,0.000129,0.113412,0.107817,0.045179,trace_phi_support_identity_confirmed
123,closed_loop,ALL,ML,2016,0.0,0.0625,0.0,0.0,0.0,0,0,0,0.0,0.642836,0.0,0.0,0.0,nan,nan,0.070276,trace_phi_support_identity_confirmed
123,closed_loop,ALL,MM,584,0.0,0.0,0.0,0.0,0.0,0,0,0,0.0,0.0,0.0,0.0,0.0,nan,nan,nan,trace_phi_support_identity_confirmed
123,closed_loop,ALL,MR,1824,0.0,0.090461,0.0,0.0,0.0,0,0,0,0.0,1.002624,0.0,0.0,0.0,nan,nan,0.02987,trace_phi_support_identity_confirmed
123,closed_loop,ALL,RL,6880,0.130233,0.074128,0.010029,0.010029,0.010029,0,0,0,5.12778,2.728109,0.002707,0.000233,0.000233,0.085887,0.055672,0.067463,trace_phi_support_identity_confirmed
123,closed_loop,ALL,RM,1696,0.160967,0.0,0.0,0.0,0.0,0,0,0,1.713024,0.0,0.0,0.0,0.0,nan,0.020073,nan,trace_phi_support_identity_confirmed
123,closed_loop,ALL,RR,6656,0.120944,0.084135,0.010216,0.010216,0.010216,0,0,0,4.843552,2.903025,0.002463,0.000271,0.000271,0.110073,0.044947,0.038066,trace_phi_support_identity_confirmed
123,closed_loop,L,ALL,13455,0.113564,0.079376,0.008101,0.008101,0.008101,0,0,0,6.992952,5.762605,0.003447,0.0003,0.0003,0.087019,0.043732,0.066849,trace_phi_support_identity_confirmed
123,closed_loop,L,LL,2688,0.109375,0.160714,0.014881,0.014881,0.014881,0,0,0,0.821205,2.39166,0.00074,6.7e-05,6.7e-05,0.091162,0.091371,0.0692,trace_phi_support_identity_confirmed
123,closed_loop,L,LM,771,0.083009,0.0,0.0,0.0,0.0,0,0,0,0.168058,0.0,0.0,0.0,0.0,nan,0.108106,nan,trace_phi_support_identity_confirmed
123,closed_loop,L,LR,2625,0.123429,0.0,0.0,0.0,0.0,0,0,0,0.877651,0.0,0.0,0.0,0.0,nan,0.10379,nan,trace_phi_support_identity_confirmed
123,closed_loop,L,ML,756,0.0,0.166667,0.0,0.0,0.0,0,0,0,0.0,0.642836,0.0,0.0,0.0,nan,nan,0.084821,trace_phi_support_identity_confirmed
123,closed_loop,L,MM,219,0.0,0.0,0.0,0.0,0.0,0,0,0,0.0,0.0,0.0,0.0,0.0,nan,nan,nan,trace_phi_support_identity_confirmed
123,closed_loop,L,MR,684,0.0,0.0,0.0,0.0,0.0,0,0,0,0.0,0.0,0.0,0.0,0.0,nan,nan,nan,trace_phi_support_identity_confirmed
123,closed_loop,L,RL,2580,0.148837,0.197674,0.026744,0.026744,0.026744,0,0,0,2.249606,2.728109,0.002707,0.000233,0.000233,0.085887,0.050681,0.077209,trace_phi_support_identity_confirmed
123,closed_loop,L,RM,636,0.183962,0.0,0.0,0.0,0.0,0,0,0,0.75152,0.0,0.0,0.0,0.0,nan,0.010217,nan,trace_phi_support_identity_confirmed
123,closed_loop,L,RR,2496,0.138221,0.0,0.0,0.0,0.0,0,0,0,2.124912,0.0,0.0,0.0,0.0,nan,0.039991,nan,trace_phi_support_identity_confirmed
123,closed_loop,R,ALL,22425,0.09592,0.05641,0.005173,0.005173,0.005173,0,0,0,10.830243,7.031495,0.003599,0.0004,0.0004,0.111127,0.064183,0.029819,trace_phi_support_identity_confirmed
123,closed_loop,R,LL,4480,0.098437,0.0,0.0,0.0,0.0,0,0,0,1.879104,0.0,0.0,0.0,0.0,nan,0.104297,nan,trace_phi_support_identity_confirmed
123,closed_loop,R,LM,1285,0.074708,0.0,0.0,0.0,0.0,0,0,0,0.384555,0.0,0.0,0.0,0.0,nan,0.118472,nan,trace_phi_support_identity_confirmed
123,closed_loop,R,LR,4375,0.111086,0.123429,0.010971,0.010971,0.010971,0,0,0,2.008265,3.125846,0.001137,0.000129,0.000129,0.113412,0.116852,0.076098,trace_phi_support_identity_confirmed
123,closed_loop,R,ML,1260,0.0,0.0,0.0,0.0,0.0,0,0,0,0.0,0.0,0.0,0.0,0.0,nan,nan,nan,trace_phi_support_identity_confirmed
123,closed_loop,R,MM,365,0.0,0.0,0.0,0.0,0.0,0,0,0,0.0,0.0,0.0,0.0,0.0,nan,nan,nan,trace_phi_support_identity_confirmed
123,closed_loop,R,MR,1140,0.0,0.144737,0.0,0.0,0.0,0,0,0,0.0,1.002624,0.0,0.0,0.0,nan,nan,0.058336,trace_phi_support_identity_confirmed
123,closed_loop,R,RL,4300,0.11907,0.0,0.0,0.0,0.0,0,0,0,2.878175,0.0,0.0,0.0,0.0,nan,0.055265,nan,trace_phi_support_identity_confirmed
123,closed_loop,R,RM,1060,0.14717,0.0,0.0,0.0,0.0,0,0,0,0.961504,0.0,0.0,0.0,0.0,nan,0.022235,nan,trace_phi_support_identity_confirmed
123,closed_loop,R,RR,4160,0.110577,0.134615,0.016346,0.016346,0.016346,0,0,0,2.71864,2.903025,0.002463,0.000271,0.000271,0.110073,0.044698,0.068291,trace_phi_support_identity_confirmed
123,divergent_warmup_replay,ALL,ALL,35880,0.102536,0.065022,0.006271,0.006271,0.006271,0,0,0,17.823194,12.7941,0.007046,0.0007,0.0007,0.099333,0.052982,0.047917,trace_phi_support_identity_confirmed
123,divergent_warmup_replay,ALL,LL,7168,0.102539,0.060268,0.00558,0.00558,0.00558,0,0,0,2.700309,2.39166,0.00074,6.7e-05,6.7e-05,0.091162,0.088183,0.058205,trace_phi_support_identity_confirmed
123,divergent_warmup_replay,ALL,LM,2056,0.077821,0.0,0.0,0.0,0.0,0,0,0,0.552613,0.0,0.0,0.0,0.0,nan,0.108641,nan,trace_phi_support_identity_confirmed
123,divergent_warmup_replay,ALL,LR,7000,0.115714,0.077143,0.006857,0.006857,0.006857,0,0,0,2.885916,3.125846,0.001137,0.000129,0.000129,0.113412,0.110184,0.04386,trace_phi_support_identity_confirmed
123,divergent_warmup_replay,ALL,ML,2016,0.0,0.0625,0.0,0.0,0.0,0,0,0,0.0,0.642836,0.0,0.0,0.0,nan,nan,0.07769,trace_phi_support_identity_confirmed
123,divergent_warmup_replay,ALL,MM,584,0.0,0.0,0.0,0.0,0.0,0,0,0,0.0,0.0,0.0,0.0,0.0,nan,nan,nan,trace_phi_support_identity_confirmed
123,divergent_warmup_replay,ALL,MR,1824,0.0,0.090461,0.0,0.0,0.0,0,0,0,0.0,1.002624,0.0,0.0,0.0,nan,nan,0.032447,trace_phi_support_identity_confirmed
123,divergent_warmup_replay,ALL,RL,6880,0.130233,0.074128,0.010029,0.010029,0.010029,0,0,0,5.12778,2.728109,0.002707,0.000233,0.000233,0.085887,0.049959,0.068557,trace_phi_support_identity_confirmed
123,divergent_warmup_replay,ALL,RM,1696,0.160967,0.0,0.0,0.0,0.0,0,0,0,1.713024,0.0,0.0,0.0,0.0,nan,0.016544,nan,trace_phi_support_identity_confirmed
123,divergent_warmup_replay,ALL,RR,6656,0.120944,0.084135,0.010216,0.010216,0.010216,0,0,0,4.843552,2.903025,0.002463,0.000271,0.000271,0.110073,0.043959,0.036179,trace_phi_support_identity_confirmed
123,divergent_warmup_replay,L,ALL,13455,0.113564,0.079376,0.008101,0.008101,0.008101,0,0,0,6.992952,5.762605,0.003447,0.0003,0.0003,0.087019,0.040996,0.071277,trace_phi_support_identity_confirmed
123,divergent_warmup_replay,L,LL,2688,0.109375,0.160714,0.014881,0.014881,0.014881,0,0,0,0.821205,2.39166,0.00074,6.7e-05,6.7e-05,0.091162,0.086229,0.066479,trace_phi_support_identity_confirmed
123,divergent_warmup_replay,L,LM,771,0.083009,0.0,0.0,0.0,0.0,0,0,0,0.168058,0.0,0.0,0.0,0.0,nan,0.106406,nan,trace_phi_support_identity_confirmed
123,divergent_warmup_replay,L,LR,2625,0.123429,0.0,0.0,0.0,0.0,0,0,0,0.877651,0.0,0.0,0.0,0.0,nan,0.10789,nan,trace_phi_support_identity_confirmed
123,divergent_warmup_replay,L,ML,756,0.0,0.166667,0.0,0.0,0.0,0,0,0,0.0,0.642836,0.0,0.0,0.0,nan,nan,0.098868,trace_phi_support_identity_confirmed
123,divergent_warmup_replay,L,MM,219,0.0,0.0,0.0,0.0,0.0,0,0,0,0.0,0.0,0.0,0.0,0.0,nan,nan,nan,trace_phi_support_identity_confirmed
123,divergent_warmup_replay,L,MR,684,0.0,0.0,0.0,0.0,0.0,0,0,0,0.0,0.0,0.0,0.0,0.0,nan,nan,nan,trace_phi_support_identity_confirmed
123,divergent_warmup_replay,L,RL,2580,0.148837,0.197674,0.026744,0.026744,0.026744,0,0,0,2.249606,2.728109,0.002707,0.000233,0.000233,0.085887,0.046084,0.081603,trace_phi_support_identity_confirmed
123,divergent_warmup_replay,L,RM,636,0.183962,0.0,0.0,0.0,0.0,0,0,0,0.75152,0.0,0.0,0.0,0.0,nan,0.007444,nan,trace_phi_support_identity_confirmed
123,divergent_warmup_replay,L,RR,2496,0.138221,0.0,0.0,0.0,0.0,0,0,0,2.124912,0.0,0.0,0.0,0.0,nan,0.040435,nan,trace_phi_support_identity_confirmed
123,divergent_warmup_replay,R,ALL,22425,0.09592,0.05641,0.005173,0.005173,0.005173,0,0,0,10.830243,7.031495,0.003599,0.0004,0.0004,0.111127,0.060246,0.025466,trace_phi_support_identity_confirmed
123,divergent_warmup_replay,R,LL,4480,0.098437,0.0,0.0,0.0,0.0,0,0,0,1.879104,0.0,0.0,0.0,0.0,nan,0.094913,nan,trace_phi_support_identity_confirmed
123,divergent_warmup_replay,R,LM,1285,0.074708,0.0,0.0,0.0,0.0,0,0,0,0.384555,0.0,0.0,0.0,0.0,nan,0.115136,nan,trace_phi_support_identity_confirmed
123,divergent_warmup_replay,R,LR,4375,0.111086,0.123429,0.010971,0.010971,0.010971,0,0,0,2.008265,3.125846,0.001137,0.000129,0.000129,0.113412,0.117919,0.072279,trace_phi_support_identity_confirmed
123,divergent_warmup_replay,R,ML,1260,0.0,0.0,0.0,0.0,0.0,0,0,0,0.0,0.0,0.0,0.0,0.0,nan,nan,nan,trace_phi_support_identity_confirmed
123,divergent_warmup_replay,R,MM,365,0.0,0.0,0.0,0.0,0.0,0,0,0,0.0,0.0,0.0,0.0,0.0,nan,nan,nan,trace_phi_support_identity_confirmed
123,divergent_warmup_replay,R,MR,1140,0.0,0.144737,0.0,0.0,0.0,0,0,0,0.0,1.002624,0.0,0.0,0.0,nan,nan,0.059363,trace_phi_support_identity_confirmed
123,divergent_warmup_replay,R,RL,4300,0.11907,0.0,0.0,0.0,0.0,0,0,0,2.878175,0.0,0.0,0.0,0.0,nan,0.049144,nan,trace_phi_support_identity_confirmed
123,divergent_warmup_replay,R,RM,1060,0.14717,0.0,0.0,0.0,0.0,0,0,0,0.961504,0.0,0.0,0.0,0.0,nan,0.018594,nan,trace_phi_support_identity_confirmed
123,divergent_warmup_replay,R,RR,4160,0.110577,0.134615,0.016346,0.016346,0.016346,0,0,0,2.71864,2.903025,0.002463,0.000271,0.000271,0.110073,0.043069,0.063608,trace_phi_support_identity_confirmed
123,exact_replay,ALL,ALL,35880,0.102536,0.065022,0.006271,0.006271,0.006271,0,0,0,17.823194,12.7941,0.007046,0.0007,0.0007,0.099333,0.056411,0.048578,trace_phi_support_identity_confirmed
123,exact_replay,ALL,LL,7168,0.102539,0.060268,0.00558,0.00558,0.00558,0,0,0,2.700309,2.39166,0.00074,6.7e-05,6.7e-05,0.091162,0.095657,0.061621,trace_phi_support_identity_confirmed
123,exact_replay,ALL,LM,2056,0.077821,0.0,0.0,0.0,0.0,0,0,0,0.552613,0.0,0.0,0.0,0.0,nan,0.111059,nan,trace_phi_support_identity_confirmed
123,exact_replay,ALL,LR,7000,0.115714,0.077143,0.006857,0.006857,0.006857,0,0,0,2.885916,3.125846,0.001137,0.000129,0.000129,0.113412,0.107817,0.045179,trace_phi_support_identity_confirmed
123,exact_replay,ALL,ML,2016,0.0,0.0625,0.0,0.0,0.0,0,0,0,0.0,0.642836,0.0,0.0,0.0,nan,nan,0.070276,trace_phi_support_identity_confirmed
123,exact_replay,ALL,MM,584,0.0,0.0,0.0,0.0,0.0,0,0,0,0.0,0.0,0.0,0.0,0.0,nan,nan,nan,trace_phi_support_identity_confirmed
123,exact_replay,ALL,MR,1824,0.0,0.090461,0.0,0.0,0.0,0,0,0,0.0,1.002624,0.0,0.0,0.0,nan,nan,0.02987,trace_phi_support_identity_confirmed
123,exact_replay,ALL,RL,6880,0.130233,0.074128,0.010029,0.010029,0.010029,0,0,0,5.12778,2.728109,0.002707,0.000233,0.000233,0.085887,0.055672,0.067463,trace_phi_support_identity_confirmed
123,exact_replay,ALL,RM,1696,0.160967,0.0,0.0,0.0,0.0,0,0,0,1.713024,0.0,0.0,0.0,0.0,nan,0.020073,nan,trace_phi_support_identity_confirmed
123,exact_replay,ALL,RR,6656,0.120944,0.084135,0.010216,0.010216,0.010216,0,0,0,4.843552,2.903025,0.002463,0.000271,0.000271,0.110073,0.044947,0.038066,trace_phi_support_identity_confirmed
123,exact_replay,L,ALL,13455,0.113564,0.079376,0.008101,0.008101,0.008101,0,0,0,6.992952,5.762605,0.003447,0.0003,0.0003,0.087019,0.043732,0.066849,trace_phi_support_identity_confirmed
123,exact_replay,L,LL,2688,0.109375,0.160714,0.014881,0.014881,0.014881,0,0,0,0.821205,2.39166,0.00074,6.7e-05,6.7e-05,0.091162,0.091371,0.0692,trace_phi_support_identity_confirmed
123,exact_replay,L,LM,771,0.083009,0.0,0.0,0.0,0.0,0,0,0,0.168058,0.0,0.0,0.0,0.0,nan,0.108106,nan,trace_phi_support_identity_confirmed
123,exact_replay,L,LR,2625,0.123429,0.0,0.0,0.0,0.0,0,0,0,0.877651,0.0,0.0,0.0,0.0,nan,0.10379,nan,trace_phi_support_identity_confirmed
123,exact_replay,L,ML,756,0.0,0.166667,0.0,0.0,0.0,0,0,0,0.0,0.642836,0.0,0.0,0.0,nan,nan,0.084821,trace_phi_support_identity_confirmed
123,exact_replay,L,MM,219,0.0,0.0,0.0,0.0,0.0,0,0,0,0.0,0.0,0.0,0.0,0.0,nan,nan,nan,trace_phi_support_identity_confirmed
123,exact_replay,L,MR,684,0.0,0.0,0.0,0.0,0.0,0,0,0,0.0,0.0,0.0,0.0,0.0,nan,nan,nan,trace_phi_support_identity_confirmed
123,exact_replay,L,RL,2580,0.148837,0.197674,0.026744,0.026744,0.026744,0,0,0,2.249606,2.728109,0.002707,0.000233,0.000233,0.085887,0.050681,0.077209,trace_phi_support_identity_confirmed
123,exact_replay,L,RM,636,0.183962,0.0,0.0,0.0,0.0,0,0,0,0.75152,0.0,0.0,0.0,0.0,nan,0.010217,nan,trace_phi_support_identity_confirmed
123,exact_replay,L,RR,2496,0.138221,0.0,0.0,0.0,0.0,0,0,0,2.124912,0.0,0.0,0.0,0.0,nan,0.039991,nan,trace_phi_support_identity_confirmed
123,exact_replay,R,ALL,22425,0.09592,0.05641,0.005173,0.005173,0.005173,0,0,0,10.830243,7.031495,0.003599,0.0004,0.0004,0.111127,0.064183,0.029819,trace_phi_support_identity_confirmed
123,exact_replay,R,LL,4480,0.098437,0.0,0.0,0.0,0.0,0,0,0,1.879104,0.0,0.0,0.0,0.0,nan,0.104297,nan,trace_phi_support_identity_confirmed
123,exact_replay,R,LM,1285,0.074708,0.0,0.0,0.0,0.0,0,0,0,0.384555,0.0,0.0,0.0,0.0,nan,0.118472,nan,trace_phi_support_identity_confirmed
123,exact_replay,R,LR,4375,0.111086,0.123429,0.010971,0.010971,0.010971,0,0,0,2.008265,3.125846,0.001137,0.000129,0.000129,0.113412,0.116852,0.076098,trace_phi_support_identity_confirmed
123,exact_replay,R,ML,1260,0.0,0.0,0.0,0.0,0.0,0,0,0,0.0,0.0,0.0,0.0,0.0,nan,nan,nan,trace_phi_support_identity_confirmed
123,exact_replay,R,MM,365,0.0,0.0,0.0,0.0,0.0,0,0,0,0.0,0.0,0.0,0.0,0.0,nan,nan,nan,trace_phi_support_identity_confirmed
123,exact_replay,R,MR,1140,0.0,0.144737,0.0,0.0,0.0,0,0,0,0.0,1.002624,0.0,0.0,0.0,nan,nan,0.058336,trace_phi_support_identity_confirmed
123,exact_replay,R,RL,4300,0.11907,0.0,0.0,0.0,0.0,0,0,0,2.878175,0.0,0.0,0.0,0.0,nan,0.055265,nan,trace_phi_support_identity_confirmed
123,exact_replay,R,RM,1060,0.14717,0.0,0.0,0.0,0.0,0,0,0,0.961504,0.0,0.0,0.0,0.0,nan,0.022235,nan,trace_phi_support_identity_confirmed
123,exact_replay,R,RR,4160,0.110577,0.134615,0.016346,0.016346,0.016346,0,0,0,2.71864,2.903025,0.002463,0.000271,0.000271,0.110073,0.044698,0.068291,trace_phi_support_identity_confirmed
999,closed_loop,ALL,ALL,53820,0.082367,0.056968,0.004329,0.004329,0.004329,0,0,0,25.23302,15.954305,0.007221,0.0011,0.0011,0.152336,0.059384,0.012047,trace_phi_support_identity_confirmed
999,closed_loop,ALL,LL,11172,0.116183,0.102041,0.00725,0.00725,0.00725,0,0,0,8.552435,6.230961,0.003738,0.000618,0.000618,0.165217,0.108982,0.052581,trace_phi_support_identity_confirmed
999,closed_loop,ALL,LM,3276,0.120879,0.022589,0.002747,0.002747,0.002747,0,0,0,2.528011,0.044821,1.5e-05,3e-06,3e-06,0.165251,0.225021,-0.068551,trace_phi_support_identity_confirmed
999,closed_loop,ALL,LR,10380,0.11975,0.015222,0.001156,0.001156,0.001156,0,0,0,7.973711,1.20152,0.000623,0.000159,0.000159,0.255279,0.050344,-0.004902,trace_phi_support_identity_confirmed
999,closed_loop,ALL,ML,3540,0.042938,0.112994,0.005085,0.005085,0.005085,0,0,0,0.110786,1.824722,7.9e-05,1.3e-05,1.3e-05,0.165167,-0.097857,0.029003,trace_phi_support_identity_confirmed
999,closed_loop,ALL,MM,1008,0.064484,0.021825,0.0,0.0,0.0,0,0,0,0.047051,0.0137,0.0,0.0,0.0,nan,-0.10368,-0.065491,trace_phi_support_identity_confirmed
999,closed_loop,ALL,MR,2892,0.027317,0.007607,0.0,0.0,0.0,0,0,0,0.058228,0.194147,0.0,0.0,0.0,nan,-0.066985,0.0246,trace_phi_support_identity_confirmed
999,closed_loop,ALL,RL,9816,0.05216,0.106968,0.009984,0.009984,0.009984,0,0,0,2.509824,5.347167,0.002564,0.000266,0.000266,0.103567,0.03141,0.018683,trace_phi_support_identity_confirmed
999,closed_loop,ALL,RM,3192,0.052632,0.022556,0.002506,0.002506,0.002506,0,0,0,0.891419,0.047358,2.2e-05,3e-06,3e-06,0.154222,0.039746,-0.070052,trace_phi_support_identity_confirmed
999,closed_loop,ALL,RR,8544,0.060861,0.014981,0.000819,0.000819,0.000819,0,0,0,2.561553,1.049909,0.000179,3.9e-05,3.9e-05,0.216647,0.024275,0.00138,trace_phi_support_identity_confirmed
999,closed_loop,L,ALL,44850,0.082542,0.061093,0.004749,0.004749,0.004749,0,0,0,21.203852,13.489955,0.006409,0.0009,0.0009,0.14043,0.061439,0.009635,trace_phi_support_identity_confirmed
999,closed_loop,L,LL,9310,0.114071,0.122449,0.0087,0.0087,0.0087,0,0,0,7.154011,6.230961,0.003738,0.000618,0.000618,0.165217,0.112363,0.050942,trace_phi_support_identity_confirmed
999,closed_loop,L,LM,2730,0.118681,0.025641,0.003297,0.003297,0.003297,0,0,0,2.114652,0.040649,1.5e-05,3e-06,3e-06,0.165251,0.227626,-0.06637,trace_phi_support_identity_confirmed
999,closed_loop,L,LR,8650,0.117572,0.0,0.0,0.0,0.0,0,0,0,6.669916,0.0,0.0,0.0,0.0,nan,0.053977,nan,trace_phi_support_identity_confirmed
999,closed_loop,L,ML,2950,0.04339,0.135593,0.006102,0.006102,0.006102,0,0,0,0.093376,1.824722,7.9e-05,1.3e-05,1.3e-05,0.165167,-0.092741,0.02562,trace_phi_support_identity_confirmed
999,closed_loop,L,MM,840,0.065476,0.02381,0.0,0.0,0.0,0,0,0,0.03971,0.011614,0.0,0.0,0.0,nan,-0.098343,-0.057006,trace_phi_support_identity_confirmed
999,closed_loop,L,MR,2410,0.027386,0.0,0.0,0.0,0.0,0,0,0,0.048971,0.0,0.0,0.0,0.0,nan,-0.062461,nan,trace_phi_support_identity_confirmed
999,closed_loop,L,RL,8180,0.054768,0.128362,0.01198,0.01198,0.01198,0,0,0,2.139596,5.347167,0.002564,0.000266,0.000266,0.103567,0.030868,0.014273,trace_phi_support_identity_confirmed
999,closed_loop,L,RM,2660,0.055263,0.022556,0.002632,0.002632,0.002632,0,0,0,0.759925,0.034842,1.2e-05,1e-06,1e-06,0.103865,0.039369,-0.04868,trace_phi_support_identity_confirmed
999,closed_loop,L,RR,7120,0.063904,0.0,0.0,0.0,0.0,0,0,0,2.183694,0.0,0.0,0.0,0.0,nan,0.023874,nan,trace_phi_support_identity_confirmed
999,closed_loop,R,ALL,8970,0.081494,0.036343,0.00223,0.00223,0.00223,0,0,0,4.029168,2.46435,0.000812,0.0002,0.0002,0.24629,0.043529,0.024512,trace_phi_support_identity_confirmed
999,closed_loop,R,LL,1862,0.126745,0.0,0.0,0.0,0.0,0,0,0,1.398424,0.0,0.0,0.0,0.0,nan,0.084588,nan,trace_phi_support_identity_confirmed
999,closed_loop,R,LM,546,0.131868,0.007326,0.0,0.0,0.0,0,0,0,0.41336,0.004172,0.0,0.0,0.0,nan,0.207296,-0.096872,trace_phi_support_identity_confirmed
999,closed_loop,R,LR,1730,0.130636,0.091329,0.006936,0.006936,0.006936,0,0,0,1.303796,1.201519,0.000623,0.000159,0.000159,0.255279,0.023628,0.019894,trace_phi_support_identity_confirmed
999,closed_loop,R,ML,590,0.040678,0.0,0.0,0.0,0.0,0,0,0,0.01741,0.0,0.0,0.0,0.0,nan,-0.138673,nan,trace_phi_support_identity_confirmed
999,closed_loop,R,MM,168,0.059524,0.011905,0.0,0.0,0.0,0,0,0,0.007341,0.002086,0.0,0.0,0.0,nan,-0.146712,-0.115507,trace_phi_support_identity_confirmed
999,closed_loop,R,MR,482,0.026971,0.045643,0.0,0.0,0.0,0,0,0,0.009257,0.194147,0.0,0.0,0.0,nan,-0.102252,0.098747,trace_phi_support_identity_confirmed
999,closed_loop,R,RL,1636,0.03912,0.0,0.0,0.0,0.0,0,0,0,0.370228,0.0,0.0,0.0,0.0,nan,0.032359,nan,trace_phi_support_identity_confirmed
999,closed_loop,R,RM,532,0.039474,0.022556,0.00188,0.00188,0.00188,0,0,0,0.131495,0.012516,1e-05,2e-06,2e-06,0.21627,0.039824,-0.154211,trace_phi_support_identity_confirmed
999,closed_loop,R,RR,1424,0.045646,0.089888,0.004916,0.004916,0.004916,0,0,0,0.377859,1.049909,0.000179,3.9e-05,3.9e-05,0.216647,0.02403,0.036857,trace_phi_support_identity_confirmed
999,divergent_warmup_replay,ALL,ALL,53820,0.082367,0.056968,0.004329,0.004329,0.004329,0,0,0,25.23302,15.954305,0.007221,0.0011,0.0011,0.152336,0.055544,0.011006,trace_phi_support_identity_confirmed
999,divergent_warmup_replay,ALL,LL,11172,0.116183,0.102041,0.00725,0.00725,0.00725,0,0,0,8.552435,6.230961,0.003738,0.000618,0.000618,0.165217,0.112637,0.055533,trace_phi_support_identity_confirmed
999,divergent_warmup_replay,ALL,LM,3276,0.120879,0.022589,0.002747,0.002747,0.002747,0,0,0,2.528011,0.044821,1.5e-05,3e-06,3e-06,0.165251,0.226875,-0.023335,trace_phi_support_identity_confirmed
999,divergent_warmup_replay,ALL,LR,10380,0.11975,0.015222,0.001156,0.001156,0.001156,0,0,0,7.973711,1.20152,0.000623,0.000159,0.000159,0.255279,0.053855,-0.014103,trace_phi_support_identity_confirmed
999,divergent_warmup_replay,ALL,ML,3540,0.042938,0.112994,0.005085,0.005085,0.005085,0,0,0,0.110786,1.824722,7.9e-05,1.3e-05,1.3e-05,0.165167,-0.062297,0.032863,trace_phi_support_identity_confirmed
999,divergent_warmup_replay,ALL,MM,1008,0.064484,0.021825,0.0,0.0,0.0,0,0,0,0.047051,0.0137,0.0,0.0,0.0,nan,-0.067675,-0.024422,trace_phi_support_identity_confirmed
999,divergent_warmup_replay,ALL,MR,2892,0.027317,0.007607,0.0,0.0,0.0,0,0,0,0.058228,0.194147,0.0,0.0,0.0,nan,-0.031155,0.004248,trace_phi_support_identity_confirmed
999,divergent_warmup_replay,ALL,RL,9816,0.05216,0.106968,0.009984,0.009984,0.009984,0,0,0,2.509824,5.347167,0.002564,0.000266,0.000266,0.103567,0.010941,0.027975,trace_phi_support_identity_confirmed
999,divergent_warmup_replay,ALL,RM,3192,0.052632,0.022556,0.002506,0.002506,0.002506,0,0,0,0.891419,0.047358,2.2e-05,3e-06,3e-06,0.154222,0.032194,-0.034983,trace_phi_support_identity_confirmed
999,divergent_warmup_replay,ALL,RR,8544,0.060861,0.014981,0.000819,0.000819,0.000819,0,0,0,2.561553,1.049909,0.000179,3.9e-05,3.9e-05,0.216647,0.005196,-0.010805,trace_phi_support_identity_confirmed
999,divergent_warmup_replay,L,ALL,44850,0.082542,0.061093,0.004749,0.004749,0.004749,0,0,0,21.203852,13.489955,0.006409,0.0009,0.0009,0.14043,0.057635,0.011917,trace_phi_support_identity_confirmed
999,divergent_warmup_replay,L,LL,9310,0.114071,0.122449,0.0087,0.0087,0.0087,0,0,0,7.154011,6.230961,0.003738,0.000618,0.000618,0.165217,0.115688,0.054203,trace_phi_support_identity_confirmed
999,divergent_warmup_replay,L,LM,2730,0.118681,0.025641,0.003297,0.003297,0.003297,0,0,0,2.114652,0.040649,1.5e-05,3e-06,3e-06,0.165251,0.228922,-0.013454,trace_phi_support_identity_confirmed
999,divergent_warmup_replay,L,LR,8650,0.117572,0.0,0.0,0.0,0.0,0,0,0,6.669916,0.0,0.0,0.0,0.0,nan,0.057193,nan,trace_phi_support_identity_confirmed
999,divergent_warmup_replay,L,ML,2950,0.04339,0.135593,0.006102,0.006102,0.006102,0,0,0,0.093376,1.824722,7.9e-05,1.3e-05,1.3e-05,0.165167,-0.059888,0.029773,trace_phi_support_identity_confirmed
999,divergent_warmup_replay,L,MM,840,0.065476,0.02381,0.0,0.0,0.0,0,0,0,0.03971,0.011614,0.0,0.0,0.0,nan,-0.065346,-0.006246,trace_phi_support_identity_confirmed
999,divergent_warmup_replay,L,MR,2410,0.027386,0.0,0.0,0.0,0.0,0,0,0,0.048971,0.0,0.0,0.0,0.0,nan,-0.029212,nan,trace_phi_support_identity_confirmed
999,divergent_warmup_replay,L,RL,8180,0.054768,0.128362,0.01198,0.01198,0.01198,0,0,0,2.139596,5.347167,0.002564,0.000266,0.000266,0.103567,0.011446,0.02432,trace_phi_support_identity_confirmed
999,divergent_warmup_replay,L,RM,2660,0.055263,0.022556,0.002632,0.002632,0.002632,0,0,0,0.759925,0.034842,1.2e-05,1e-06,1e-06,0.103865,0.031996,0.001164,trace_phi_support_identity_confirmed
999,divergent_warmup_replay,L,RR,7120,0.063904,0.0,0.0,0.0,0.0,0,0,0,2.183694,0.0,0.0,0.0,0.0,nan,0.005564,nan,trace_phi_support_identity_confirmed
999,divergent_warmup_replay,R,ALL,8970,0.081494,0.036343,0.00223,0.00223,0.00223,0,0,0,4.029168,2.46435,0.000812,0.0002,0.0002,0.24629,0.039632,0.004456,trace_phi_support_identity_confirmed
999,divergent_warmup_replay,R,LL,1862,0.126745,0.0,0.0,0.0,0.0,0,0,0,1.398424,0.0,0.0,0.0,0.0,nan,0.091025,nan,trace_phi_support_identity_confirmed
999,divergent_warmup_replay,R,LM,546,0.131868,0.007326,0.0,0.0,0.0,0,0,0,0.41336,0.004172,0.0,0.0,0.0,nan,0.213356,-0.098538,trace_phi_support_identity_confirmed
999,divergent_warmup_replay,R,LR,1730,0.130636,0.091329,0.006936,0.006936,0.006936,0,0,0,1.303796,1.201519,0.000623,0.000159,0.000159,0.255279,0.02974,-0.008184,trace_phi_support_identity_confirmed
999,divergent_warmup_replay,R,ML,590,0.040678,0.0,0.0,0.0,0.0,0,0,0,0.01741,0.0,0.0,0.0,0.0,nan,-0.082243,nan,trace_phi_support_identity_confirmed
999,divergent_warmup_replay,R,MM,168,0.059524,0.011905,0.0,0.0,0.0,0,0,0,0.007341,0.002086,0.0,0.0,0.0,nan,-0.087516,-0.116004,trace_phi_support_identity_confirmed
999,divergent_warmup_replay,R,MR,482,0.026971,0.045643,0.0,0.0,0.0,0,0,0,0.009257,0.194147,0.0,0.0,0.0,nan,-0.046737,0.035954,trace_phi_support_identity_confirmed
999,divergent_warmup_replay,R,RL,1636,0.03912,0.0,0.0,0.0,0.0,0,0,0,0.370228,0.0,0.0,0.0,0.0,nan,0.003981,nan,trace_phi_support_identity_confirmed
999,divergent_warmup_replay,R,RM,532,0.039474,0.022556,0.00188,0.00188,0.00188,0,0,0,0.131495,0.012516,1e-05,2e-06,2e-06,0.21627,0.030866,-0.159067,trace_phi_support_identity_confirmed
999,divergent_warmup_replay,R,RR,1424,0.045646,0.089888,0.004916,0.004916,0.004916,0,0,0,0.377859,1.049909,0.000179,3.9e-05,3.9e-05,0.216647,-0.000867,0.000207,trace_phi_support_identity_confirmed
999,exact_replay,ALL,ALL,53820,0.082367,0.056968,0.004329,0.004329,0.004329,0,0,0,25.23302,15.954305,0.007221,0.0011,0.0011,0.152336,0.059384,0.012047,trace_phi_support_identity_confirmed
999,exact_replay,ALL,LL,11172,0.116183,0.102041,0.00725,0.00725,0.00725,0,0,0,8.552435,6.230961,0.003738,0.000618,0.000618,0.165217,0.108982,0.052581,trace_phi_support_identity_confirmed
999,exact_replay,ALL,LM,3276,0.120879,0.022589,0.002747,0.002747,0.002747,0,0,0,2.528011,0.044821,1.5e-05,3e-06,3e-06,0.165251,0.225021,-0.068551,trace_phi_support_identity_confirmed
999,exact_replay,ALL,LR,10380,0.11975,0.015222,0.001156,0.001156,0.001156,0,0,0,7.973711,1.20152,0.000623,0.000159,0.000159,0.255279,0.050344,-0.004902,trace_phi_support_identity_confirmed
999,exact_replay,ALL,ML,3540,0.042938,0.112994,0.005085,0.005085,0.005085,0,0,0,0.110786,1.824722,7.9e-05,1.3e-05,1.3e-05,0.165167,-0.097857,0.029003,trace_phi_support_identity_confirmed
999,exact_replay,ALL,MM,1008,0.064484,0.021825,0.0,0.0,0.0,0,0,0,0.047051,0.0137,0.0,0.0,0.0,nan,-0.10368,-0.065491,trace_phi_support_identity_confirmed
999,exact_replay,ALL,MR,2892,0.027317,0.007607,0.0,0.0,0.0,0,0,0,0.058228,0.194147,0.0,0.0,0.0,nan,-0.066985,0.0246,trace_phi_support_identity_confirmed
999,exact_replay,ALL,RL,9816,0.05216,0.106968,0.009984,0.009984,0.009984,0,0,0,2.509824,5.347167,0.002564,0.000266,0.000266,0.103567,0.03141,0.018683,trace_phi_support_identity_confirmed
999,exact_replay,ALL,RM,3192,0.052632,0.022556,0.002506,0.002506,0.002506,0,0,0,0.891419,0.047358,2.2e-05,3e-06,3e-06,0.154222,0.039746,-0.070052,trace_phi_support_identity_confirmed
999,exact_replay,ALL,RR,8544,0.060861,0.014981,0.000819,0.000819,0.000819,0,0,0,2.561553,1.049909,0.000179,3.9e-05,3.9e-05,0.216647,0.024275,0.00138,trace_phi_support_identity_confirmed
999,exact_replay,L,ALL,44850,0.082542,0.061093,0.004749,0.004749,0.004749,0,0,0,21.203852,13.489955,0.006409,0.0009,0.0009,0.14043,0.061439,0.009635,trace_phi_support_identity_confirmed
999,exact_replay,L,LL,9310,0.114071,0.122449,0.0087,0.0087,0.0087,0,0,0,7.154011,6.230961,0.003738,0.000618,0.000618,0.165217,0.112363,0.050942,trace_phi_support_identity_confirmed
999,exact_replay,L,LM,2730,0.118681,0.025641,0.003297,0.003297,0.003297,0,0,0,2.114652,0.040649,1.5e-05,3e-06,3e-06,0.165251,0.227626,-0.06637,trace_phi_support_identity_confirmed
999,exact_replay,L,LR,8650,0.117572,0.0,0.0,0.0,0.0,0,0,0,6.669916,0.0,0.0,0.0,0.0,nan,0.053977,nan,trace_phi_support_identity_confirmed
999,exact_replay,L,ML,2950,0.04339,0.135593,0.006102,0.006102,0.006102,0,0,0,0.093376,1.824722,7.9e-05,1.3e-05,1.3e-05,0.165167,-0.092741,0.02562,trace_phi_support_identity_confirmed
999,exact_replay,L,MM,840,0.065476,0.02381,0.0,0.0,0.0,0,0,0,0.03971,0.011614,0.0,0.0,0.0,nan,-0.098343,-0.057006,trace_phi_support_identity_confirmed
999,exact_replay,L,MR,2410,0.027386,0.0,0.0,0.0,0.0,0,0,0,0.048971,0.0,0.0,0.0,0.0,nan,-0.062461,nan,trace_phi_support_identity_confirmed
999,exact_replay,L,RL,8180,0.054768,0.128362,0.01198,0.01198,0.01198,0,0,0,2.139596,5.347167,0.002564,0.000266,0.000266,0.103567,0.030868,0.014273,trace_phi_support_identity_confirmed
999,exact_replay,L,RM,2660,0.055263,0.022556,0.002632,0.002632,0.002632,0,0,0,0.759925,0.034842,1.2e-05,1e-06,1e-06,0.103865,0.039369,-0.04868,trace_phi_support_identity_confirmed
999,exact_replay,L,RR,7120,0.063904,0.0,0.0,0.0,0.0,0,0,0,2.183694,0.0,0.0,0.0,0.0,nan,0.023874,nan,trace_phi_support_identity_confirmed
999,exact_replay,R,ALL,8970,0.081494,0.036343,0.00223,0.00223,0.00223,0,0,0,4.029168,2.46435,0.000812,0.0002,0.0002,0.24629,0.043529,0.024512,trace_phi_support_identity_confirmed
999,exact_replay,R,LL,1862,0.126745,0.0,0.0,0.0,0.0,0,0,0,1.398424,0.0,0.0,0.0,0.0,nan,0.084588,nan,trace_phi_support_identity_confirmed
999,exact_replay,R,LM,546,0.131868,0.007326,0.0,0.0,0.0,0,0,0,0.41336,0.004172,0.0,0.0,0.0,nan,0.207296,-0.096872,trace_phi_support_identity_confirmed
999,exact_replay,R,LR,1730,0.130636,0.091329,0.006936,0.006936,0.006936,0,0,0,1.303796,1.201519,0.000623,0.000159,0.000159,0.255279,0.023628,0.019894,trace_phi_support_identity_confirmed
999,exact_replay,R,ML,590,0.040678,0.0,0.0,0.0,0.0,0,0,0,0.01741,0.0,0.0,0.0,0.0,nan,-0.138673,nan,trace_phi_support_identity_confirmed
999,exact_replay,R,MM,168,0.059524,0.011905,0.0,0.0,0.0,0,0,0,0.007341,0.002086,0.0,0.0,0.0,nan,-0.146712,-0.115507,trace_phi_support_identity_confirmed
999,exact_replay,R,MR,482,0.026971,0.045643,0.0,0.0,0.0,0,0,0,0.009257,0.194147,0.0,0.0,0.0,nan,-0.102252,0.098747,trace_phi_support_identity_confirmed
999,exact_replay,R,RL,1636,0.03912,0.0,0.0,0.0,0.0,0,0,0,0.370228,0.0,0.0,0.0,0.0,nan,0.032359,nan,trace_phi_support_identity_confirmed
999,exact_replay,R,RM,532,0.039474,0.022556,0.00188,0.00188,0.00188,0,0,0,0.131495,0.012516,1e-05,2e-06,2e-06,0.21627,0.039824,-0.154211,trace_phi_support_identity_confirmed
999,exact_replay,R,RR,1424,0.045646,0.089888,0.004916,0.004916,0.004916,0,0,0,0.377859,1.049909,0.000179,3.9e-05,3.9e-05,0.216647,0.02403,0.036857,trace_phi_support_identity_confirmed
